ISO-10303-21;
HEADER;
/* Generated by software containing ST-Developer
 * from STEP Tools, Inc. (www.steptools.com) 
 */
/* OPTION: using custom renumber hook */

FILE_DESCRIPTION(
/* description */ ('STEP AP242 Edition 2',
'CAx-IF Rec.Pracs.---Representation and Presentation of Product Manufa
cturing Information (PMI)---4.0---2014-10-13',
'CAx-IF Rec.Pracs.---3D Tessellated Geometry---0.4---2014-09-14','2;1',
'CAx-IF Rec.Pracs.---User Defined Attributes---1.5---2016-08-15'),
/* implementation_level */ '2;1');

FILE_NAME(
/* name */ '6a6bcb7eb21ca79e95d94f6d',
/* time_stamp */ '2026-07-30T22:09:02Z',
/* author */ (''),
/* organization */ (''),
/* preprocessor_version */ 'ST-DEVELOPER v20',
/* originating_system */ 'ONSHAPE BY PTC INC, 1.218',
/* authorisation */ '  ');

FILE_SCHEMA (('AP242_MANAGED_MODEL_BASED_3D_ENGINEERING_MIM_LF { 1 0 10303 442 3 1 4 }'));
ENDSEC;

DATA;
#10=CONTEXT_DEPENDENT_SHAPE_REPRESENTATION(#14,#3211);
#11=CONTEXT_DEPENDENT_SHAPE_REPRESENTATION(#15,#3213);
#12=NEXT_ASSEMBLY_USAGE_OCCURRENCE('NAUO1','Part 1','Part 1',#3214,#3215,
'');
#13=NEXT_ASSEMBLY_USAGE_OCCURRENCE('NAUO2','Part 1','Part 1',#3214,#3216,
'');
#14=(
REPRESENTATION_RELATIONSHIP(' ',' ',#1980,#1979)
REPRESENTATION_RELATIONSHIP_WITH_TRANSFORMATION(#16)
SHAPE_REPRESENTATION_RELATIONSHIP()
);
#15=(
REPRESENTATION_RELATIONSHIP(' ',' ',#1981,#1979)
REPRESENTATION_RELATIONSHIP_WITH_TRANSFORMATION(#17)
SHAPE_REPRESENTATION_RELATIONSHIP()
);
#16=ITEM_DEFINED_TRANSFORMATION(' ',' ',#1982,#1998);
#17=ITEM_DEFINED_TRANSFORMATION(' ',' ',#1982,#2136);
#18=SHAPE_REPRESENTATION_RELATIONSHIP('','',#1980,#20);
#19=SHAPE_REPRESENTATION_RELATIONSHIP('','',#1981,#21);
#20=ADVANCED_BREP_SHAPE_REPRESENTATION('',(#1974),#3201);
#21=ADVANCED_BREP_SHAPE_REPRESENTATION('',(#1975),#3202);
#22=CYLINDRICAL_SURFACE('',#1997,0.005);
#23=CYLINDRICAL_SURFACE('',#2059,0.003);
#24=CYLINDRICAL_SURFACE('',#2060,0.003);
#25=CYLINDRICAL_SURFACE('',#2070,0.0021);
#26=CYLINDRICAL_SURFACE('',#2071,0.003);
#27=CYLINDRICAL_SURFACE('',#2072,0.0021);
#28=CYLINDRICAL_SURFACE('',#2073,0.003);
#29=CYLINDRICAL_SURFACE('',#2084,0.0017);
#30=CYLINDRICAL_SURFACE('',#2091,0.0017);
#31=CYLINDRICAL_SURFACE('',#2099,0.002);
#32=CYLINDRICAL_SURFACE('',#2100,0.002);
#33=CYLINDRICAL_SURFACE('',#2101,0.002);
#34=CYLINDRICAL_SURFACE('',#2102,0.002);
#35=CYLINDRICAL_SURFACE('',#2107,0.0025);
#36=CYLINDRICAL_SURFACE('',#2109,0.005);
#37=CYLINDRICAL_SURFACE('',#2115,0.0035);
#38=CYLINDRICAL_SURFACE('',#2117,0.006);
#39=CYLINDRICAL_SURFACE('',#2120,0.002);
#40=CYLINDRICAL_SURFACE('',#2121,0.002);
#41=CYLINDRICAL_SURFACE('',#2122,0.002);
#42=CYLINDRICAL_SURFACE('',#2123,0.002);
#43=CYLINDRICAL_SURFACE('',#2132,0.0017);
#44=CYLINDRICAL_SURFACE('',#2133,0.0017);
#45=CYLINDRICAL_SURFACE('',#2134,0.0017);
#46=CYLINDRICAL_SURFACE('',#2135,0.0017);
#47=CIRCLE('',#1989,0.005);
#48=CIRCLE('',#1991,0.005);
#49=CIRCLE('',#1996,0.005);
#50=CIRCLE('',#2000,0.0017);
#51=CIRCLE('',#2001,0.0017);
#52=CIRCLE('',#2002,0.0017);
#53=CIRCLE('',#2003,0.0017);
#54=CIRCLE('',#2004,0.0017);
#55=CIRCLE('',#2005,0.0017);
#56=CIRCLE('',#2007,0.002);
#57=CIRCLE('',#2008,0.002);
#58=CIRCLE('',#2009,0.002);
#59=CIRCLE('',#2010,0.002);
#60=CIRCLE('',#2011,0.002);
#61=CIRCLE('',#2012,0.002);
#62=CIRCLE('',#2013,0.002);
#63=CIRCLE('',#2014,0.002);
#64=CIRCLE('',#2019,0.0021);
#65=CIRCLE('',#2022,0.0021);
#66=CIRCLE('',#2023,0.0025);
#67=CIRCLE('',#2026,0.003);
#68=CIRCLE('',#2027,0.0021);
#69=CIRCLE('',#2028,0.003);
#70=CIRCLE('',#2030,0.005);
#71=CIRCLE('',#2031,0.006);
#72=CIRCLE('',#2032,0.003);
#73=CIRCLE('',#2033,0.003);
#74=CIRCLE('',#2039,0.003);
#75=CIRCLE('',#2040,0.0021);
#76=CIRCLE('',#2041,0.003);
#77=CIRCLE('',#2057,0.003);
#78=CIRCLE('',#2058,0.003);
#79=CIRCLE('',#2062,0.0017);
#80=CIRCLE('',#2063,0.0017);
#81=CIRCLE('',#2064,0.0017);
#82=CIRCLE('',#2065,0.0017);
#83=CIRCLE('',#2066,0.002);
#84=CIRCLE('',#2067,0.002);
#85=CIRCLE('',#2068,0.002);
#86=CIRCLE('',#2069,0.002);
#87=CIRCLE('',#2085,0.0017);
#88=CIRCLE('',#2088,0.002);
#89=CIRCLE('',#2089,0.002);
#90=CIRCLE('',#2092,0.0017);
#91=CIRCLE('',#2095,0.002);
#92=CIRCLE('',#2096,0.002);
#93=CIRCLE('',#2108,0.0025);
#94=CIRCLE('',#2110,0.005);
#95=CIRCLE('',#2112,0.0035);
#96=CIRCLE('',#2116,0.0035);
#97=CIRCLE('',#2118,0.006);
#98=ORIENTED_EDGE('',*,*,#616,.F.);
#99=ORIENTED_EDGE('',*,*,#617,.T.);
#100=ORIENTED_EDGE('',*,*,#618,.T.);
#101=ORIENTED_EDGE('',*,*,#619,.T.);
#102=ORIENTED_EDGE('',*,*,#620,.F.);
#103=ORIENTED_EDGE('',*,*,#621,.T.);
#104=ORIENTED_EDGE('',*,*,#622,.F.);
#105=ORIENTED_EDGE('',*,*,#623,.F.);
#106=ORIENTED_EDGE('',*,*,#621,.F.);
#107=ORIENTED_EDGE('',*,*,#624,.T.);
#108=ORIENTED_EDGE('',*,*,#616,.T.);
#109=ORIENTED_EDGE('',*,*,#625,.T.);
#110=ORIENTED_EDGE('',*,*,#626,.T.);
#111=ORIENTED_EDGE('',*,*,#627,.T.);
#112=ORIENTED_EDGE('',*,*,#628,.F.);
#113=ORIENTED_EDGE('',*,*,#629,.F.);
#114=ORIENTED_EDGE('',*,*,#630,.F.);
#115=ORIENTED_EDGE('',*,*,#631,.F.);
#116=ORIENTED_EDGE('',*,*,#632,.F.);
#117=ORIENTED_EDGE('',*,*,#633,.F.);
#118=ORIENTED_EDGE('',*,*,#634,.T.);
#119=ORIENTED_EDGE('',*,*,#635,.T.);
#120=ORIENTED_EDGE('',*,*,#630,.T.);
#121=ORIENTED_EDGE('',*,*,#636,.T.);
#122=ORIENTED_EDGE('',*,*,#628,.T.);
#123=ORIENTED_EDGE('',*,*,#637,.T.);
#124=ORIENTED_EDGE('',*,*,#635,.F.);
#125=ORIENTED_EDGE('',*,*,#638,.F.);
#126=ORIENTED_EDGE('',*,*,#639,.F.);
#127=ORIENTED_EDGE('',*,*,#625,.F.);
#128=ORIENTED_EDGE('',*,*,#619,.F.);
#129=ORIENTED_EDGE('',*,*,#640,.T.);
#130=ORIENTED_EDGE('',*,*,#622,.T.);
#131=ORIENTED_EDGE('',*,*,#641,.F.);
#132=ORIENTED_EDGE('',*,*,#623,.T.);
#133=ORIENTED_EDGE('',*,*,#640,.F.);
#134=ORIENTED_EDGE('',*,*,#618,.F.);
#135=ORIENTED_EDGE('',*,*,#642,.F.);
#136=ORIENTED_EDGE('',*,*,#631,.T.);
#137=ORIENTED_EDGE('',*,*,#638,.T.);
#138=ORIENTED_EDGE('',*,*,#634,.F.);
#139=ORIENTED_EDGE('',*,*,#627,.F.);
#140=ORIENTED_EDGE('',*,*,#643,.T.);
#141=ORIENTED_EDGE('',*,*,#632,.T.);
#142=ORIENTED_EDGE('',*,*,#637,.F.);
#143=ORIENTED_EDGE('',*,*,#642,.T.);
#144=ORIENTED_EDGE('',*,*,#617,.F.);
#145=ORIENTED_EDGE('',*,*,#624,.F.);
#146=ORIENTED_EDGE('',*,*,#620,.T.);
#147=ORIENTED_EDGE('',*,*,#641,.T.);
#148=ORIENTED_EDGE('',*,*,#633,.T.);
#149=ORIENTED_EDGE('',*,*,#643,.F.);
#150=ORIENTED_EDGE('',*,*,#626,.F.);
#151=ORIENTED_EDGE('',*,*,#629,.T.);
#152=ORIENTED_EDGE('',*,*,#644,.T.);
#153=ORIENTED_EDGE('',*,*,#636,.F.);
#154=ORIENTED_EDGE('',*,*,#644,.F.);
#155=ORIENTED_EDGE('',*,*,#639,.T.);
#156=ORIENTED_EDGE('',*,*,#645,.F.);
#157=ORIENTED_EDGE('',*,*,#646,.F.);
#158=ORIENTED_EDGE('',*,*,#647,.F.);
#159=ORIENTED_EDGE('',*,*,#648,.F.);
#160=ORIENTED_EDGE('',*,*,#649,.T.);
#161=ORIENTED_EDGE('',*,*,#650,.T.);
#162=ORIENTED_EDGE('',*,*,#651,.F.);
#163=ORIENTED_EDGE('',*,*,#652,.F.);
#164=ORIENTED_EDGE('',*,*,#653,.T.);
#165=ORIENTED_EDGE('',*,*,#654,.T.);
#166=ORIENTED_EDGE('',*,*,#655,.T.);
#167=ORIENTED_EDGE('',*,*,#656,.T.);
#168=ORIENTED_EDGE('',*,*,#657,.F.);
#169=ORIENTED_EDGE('',*,*,#658,.F.);
#170=ORIENTED_EDGE('',*,*,#659,.T.);
#171=ORIENTED_EDGE('',*,*,#660,.T.);
#172=ORIENTED_EDGE('',*,*,#661,.F.);
#173=ORIENTED_EDGE('',*,*,#662,.F.);
#174=ORIENTED_EDGE('',*,*,#663,.F.);
#175=ORIENTED_EDGE('',*,*,#664,.F.);
#176=ORIENTED_EDGE('',*,*,#665,.T.);
#177=ORIENTED_EDGE('',*,*,#666,.F.);
#178=ORIENTED_EDGE('',*,*,#667,.T.);
#179=ORIENTED_EDGE('',*,*,#668,.T.);
#180=ORIENTED_EDGE('',*,*,#669,.T.);
#181=ORIENTED_EDGE('',*,*,#670,.T.);
#182=ORIENTED_EDGE('',*,*,#671,.T.);
#183=ORIENTED_EDGE('',*,*,#672,.F.);
#184=ORIENTED_EDGE('',*,*,#673,.T.);
#185=ORIENTED_EDGE('',*,*,#674,.F.);
#186=ORIENTED_EDGE('',*,*,#675,.T.);
#187=ORIENTED_EDGE('',*,*,#676,.F.);
#188=ORIENTED_EDGE('',*,*,#677,.F.);
#189=ORIENTED_EDGE('',*,*,#678,.T.);
#190=ORIENTED_EDGE('',*,*,#679,.F.);
#191=ORIENTED_EDGE('',*,*,#680,.T.);
#192=ORIENTED_EDGE('',*,*,#681,.T.);
#193=ORIENTED_EDGE('',*,*,#682,.F.);
#194=ORIENTED_EDGE('',*,*,#683,.T.);
#195=ORIENTED_EDGE('',*,*,#684,.T.);
#196=ORIENTED_EDGE('',*,*,#685,.F.);
#197=ORIENTED_EDGE('',*,*,#686,.F.);
#198=ORIENTED_EDGE('',*,*,#687,.T.);
#199=ORIENTED_EDGE('',*,*,#688,.T.);
#200=ORIENTED_EDGE('',*,*,#689,.T.);
#201=ORIENTED_EDGE('',*,*,#690,.F.);
#202=ORIENTED_EDGE('',*,*,#691,.F.);
#203=ORIENTED_EDGE('',*,*,#692,.T.);
#204=ORIENTED_EDGE('',*,*,#693,.T.);
#205=ORIENTED_EDGE('',*,*,#694,.T.);
#206=ORIENTED_EDGE('',*,*,#695,.T.);
#207=ORIENTED_EDGE('',*,*,#696,.F.);
#208=ORIENTED_EDGE('',*,*,#697,.F.);
#209=ORIENTED_EDGE('',*,*,#698,.T.);
#210=ORIENTED_EDGE('',*,*,#699,.F.);
#211=ORIENTED_EDGE('',*,*,#700,.T.);
#212=ORIENTED_EDGE('',*,*,#701,.T.);
#213=ORIENTED_EDGE('',*,*,#702,.F.);
#214=ORIENTED_EDGE('',*,*,#703,.T.);
#215=ORIENTED_EDGE('',*,*,#704,.T.);
#216=ORIENTED_EDGE('',*,*,#705,.F.);
#217=ORIENTED_EDGE('',*,*,#706,.F.);
#218=ORIENTED_EDGE('',*,*,#674,.T.);
#219=ORIENTED_EDGE('',*,*,#707,.T.);
#220=ORIENTED_EDGE('',*,*,#708,.F.);
#221=ORIENTED_EDGE('',*,*,#709,.T.);
#222=ORIENTED_EDGE('',*,*,#710,.F.);
#223=ORIENTED_EDGE('',*,*,#711,.T.);
#224=ORIENTED_EDGE('',*,*,#703,.F.);
#225=ORIENTED_EDGE('',*,*,#712,.F.);
#226=ORIENTED_EDGE('',*,*,#713,.T.);
#227=ORIENTED_EDGE('',*,*,#714,.F.);
#228=ORIENTED_EDGE('',*,*,#710,.T.);
#229=ORIENTED_EDGE('',*,*,#715,.T.);
#230=ORIENTED_EDGE('',*,*,#716,.F.);
#231=ORIENTED_EDGE('',*,*,#717,.F.);
#232=ORIENTED_EDGE('',*,*,#672,.T.);
#233=ORIENTED_EDGE('',*,*,#718,.T.);
#234=ORIENTED_EDGE('',*,*,#719,.F.);
#235=ORIENTED_EDGE('',*,*,#720,.F.);
#236=ORIENTED_EDGE('',*,*,#721,.F.);
#237=ORIENTED_EDGE('',*,*,#722,.F.);
#238=ORIENTED_EDGE('',*,*,#723,.T.);
#239=ORIENTED_EDGE('',*,*,#697,.T.);
#240=ORIENTED_EDGE('',*,*,#724,.F.);
#241=ORIENTED_EDGE('',*,*,#725,.F.);
#242=ORIENTED_EDGE('',*,*,#726,.F.);
#243=ORIENTED_EDGE('',*,*,#727,.T.);
#244=ORIENTED_EDGE('',*,*,#728,.F.);
#245=ORIENTED_EDGE('',*,*,#729,.T.);
#246=ORIENTED_EDGE('',*,*,#730,.F.);
#247=ORIENTED_EDGE('',*,*,#731,.F.);
#248=ORIENTED_EDGE('',*,*,#732,.F.);
#249=ORIENTED_EDGE('',*,*,#656,.F.);
#250=ORIENTED_EDGE('',*,*,#733,.T.);
#251=ORIENTED_EDGE('',*,*,#734,.F.);
#252=ORIENTED_EDGE('',*,*,#735,.F.);
#253=ORIENTED_EDGE('',*,*,#736,.F.);
#254=ORIENTED_EDGE('',*,*,#737,.T.);
#255=ORIENTED_EDGE('',*,*,#738,.F.);
#256=ORIENTED_EDGE('',*,*,#739,.T.);
#257=ORIENTED_EDGE('',*,*,#740,.F.);
#258=ORIENTED_EDGE('',*,*,#741,.T.);
#259=ORIENTED_EDGE('',*,*,#742,.T.);
#260=ORIENTED_EDGE('',*,*,#743,.F.);
#261=ORIENTED_EDGE('',*,*,#744,.T.);
#262=ORIENTED_EDGE('',*,*,#745,.F.);
#263=ORIENTED_EDGE('',*,*,#746,.T.);
#264=ORIENTED_EDGE('',*,*,#668,.F.);
#265=ORIENTED_EDGE('',*,*,#747,.T.);
#266=ORIENTED_EDGE('',*,*,#748,.T.);
#267=ORIENTED_EDGE('',*,*,#749,.T.);
#268=ORIENTED_EDGE('',*,*,#750,.F.);
#269=ORIENTED_EDGE('',*,*,#751,.T.);
#270=ORIENTED_EDGE('',*,*,#752,.T.);
#271=ORIENTED_EDGE('',*,*,#753,.F.);
#272=ORIENTED_EDGE('',*,*,#754,.F.);
#273=ORIENTED_EDGE('',*,*,#755,.T.);
#274=ORIENTED_EDGE('',*,*,#756,.F.);
#275=ORIENTED_EDGE('',*,*,#757,.F.);
#276=ORIENTED_EDGE('',*,*,#758,.F.);
#277=ORIENTED_EDGE('',*,*,#686,.T.);
#278=ORIENTED_EDGE('',*,*,#759,.F.);
#279=ORIENTED_EDGE('',*,*,#760,.F.);
#280=ORIENTED_EDGE('',*,*,#761,.F.);
#281=ORIENTED_EDGE('',*,*,#750,.T.);
#282=ORIENTED_EDGE('',*,*,#762,.T.);
#283=ORIENTED_EDGE('',*,*,#757,.T.);
#284=ORIENTED_EDGE('',*,*,#763,.T.);
#285=ORIENTED_EDGE('',*,*,#752,.F.);
#286=ORIENTED_EDGE('',*,*,#764,.T.);
#287=ORIENTED_EDGE('',*,*,#765,.F.);
#288=ORIENTED_EDGE('',*,*,#755,.F.);
#289=ORIENTED_EDGE('',*,*,#766,.F.);
#290=ORIENTED_EDGE('',*,*,#767,.T.);
#291=ORIENTED_EDGE('',*,*,#768,.F.);
#292=ORIENTED_EDGE('',*,*,#769,.F.);
#293=ORIENTED_EDGE('',*,*,#651,.T.);
#294=ORIENTED_EDGE('',*,*,#770,.T.);
#295=ORIENTED_EDGE('',*,*,#771,.T.);
#296=ORIENTED_EDGE('',*,*,#772,.F.);
#297=ORIENTED_EDGE('',*,*,#773,.T.);
#298=ORIENTED_EDGE('',*,*,#774,.F.);
#299=ORIENTED_EDGE('',*,*,#658,.T.);
#300=ORIENTED_EDGE('',*,*,#775,.T.);
#301=ORIENTED_EDGE('',*,*,#776,.F.);
#302=ORIENTED_EDGE('',*,*,#777,.F.);
#303=ORIENTED_EDGE('',*,*,#778,.T.);
#304=ORIENTED_EDGE('',*,*,#677,.T.);
#305=ORIENTED_EDGE('',*,*,#779,.F.);
#306=ORIENTED_EDGE('',*,*,#780,.T.);
#307=ORIENTED_EDGE('',*,*,#781,.T.);
#308=ORIENTED_EDGE('',*,*,#680,.F.);
#309=ORIENTED_EDGE('',*,*,#782,.F.);
#310=ORIENTED_EDGE('',*,*,#783,.T.);
#311=ORIENTED_EDGE('',*,*,#784,.T.);
#312=ORIENTED_EDGE('',*,*,#683,.F.);
#313=ORIENTED_EDGE('',*,*,#769,.T.);
#314=ORIENTED_EDGE('',*,*,#785,.F.);
#315=ORIENTED_EDGE('',*,*,#786,.F.);
#316=ORIENTED_EDGE('',*,*,#652,.T.);
#317=ORIENTED_EDGE('',*,*,#767,.F.);
#318=ORIENTED_EDGE('',*,*,#654,.F.);
#319=ORIENTED_EDGE('',*,*,#787,.T.);
#320=ORIENTED_EDGE('',*,*,#788,.T.);
#321=ORIENTED_EDGE('',*,*,#653,.F.);
#322=ORIENTED_EDGE('',*,*,#786,.T.);
#323=ORIENTED_EDGE('',*,*,#789,.T.);
#324=ORIENTED_EDGE('',*,*,#787,.F.);
#325=ORIENTED_EDGE('',*,*,#682,.T.);
#326=ORIENTED_EDGE('',*,*,#790,.F.);
#327=ORIENTED_EDGE('',*,*,#791,.F.);
#328=ORIENTED_EDGE('',*,*,#782,.T.);
#329=ORIENTED_EDGE('',*,*,#681,.F.);
#330=ORIENTED_EDGE('',*,*,#781,.F.);
#331=ORIENTED_EDGE('',*,*,#792,.T.);
#332=ORIENTED_EDGE('',*,*,#790,.T.);
#333=ORIENTED_EDGE('',*,*,#678,.F.);
#334=ORIENTED_EDGE('',*,*,#778,.F.);
#335=ORIENTED_EDGE('',*,*,#793,.T.);
#336=ORIENTED_EDGE('',*,*,#794,.T.);
#337=ORIENTED_EDGE('',*,*,#679,.T.);
#338=ORIENTED_EDGE('',*,*,#794,.F.);
#339=ORIENTED_EDGE('',*,*,#795,.F.);
#340=ORIENTED_EDGE('',*,*,#779,.T.);
#341=ORIENTED_EDGE('',*,*,#676,.T.);
#342=ORIENTED_EDGE('',*,*,#796,.F.);
#343=ORIENTED_EDGE('',*,*,#797,.F.);
#344=ORIENTED_EDGE('',*,*,#776,.T.);
#345=ORIENTED_EDGE('',*,*,#675,.F.);
#346=ORIENTED_EDGE('',*,*,#709,.F.);
#347=ORIENTED_EDGE('',*,*,#798,.T.);
#348=ORIENTED_EDGE('',*,*,#796,.T.);
#349=ORIENTED_EDGE('',*,*,#684,.F.);
#350=ORIENTED_EDGE('',*,*,#784,.F.);
#351=ORIENTED_EDGE('',*,*,#799,.T.);
#352=ORIENTED_EDGE('',*,*,#800,.T.);
#353=ORIENTED_EDGE('',*,*,#685,.T.);
#354=ORIENTED_EDGE('',*,*,#800,.F.);
#355=ORIENTED_EDGE('',*,*,#801,.F.);
#356=ORIENTED_EDGE('',*,*,#759,.T.);
#357=ORIENTED_EDGE('',*,*,#802,.T.);
#358=ORIENTED_EDGE('',*,*,#803,.F.);
#359=ORIENTED_EDGE('',*,*,#664,.T.);
#360=ORIENTED_EDGE('',*,*,#804,.T.);
#361=ORIENTED_EDGE('',*,*,#805,.F.);
#362=ORIENTED_EDGE('',*,*,#806,.T.);
#363=ORIENTED_EDGE('',*,*,#746,.F.);
#364=ORIENTED_EDGE('',*,*,#732,.T.);
#365=ORIENTED_EDGE('',*,*,#803,.T.);
#366=ORIENTED_EDGE('',*,*,#772,.T.);
#367=ORIENTED_EDGE('',*,*,#807,.F.);
#368=ORIENTED_EDGE('',*,*,#808,.F.);
#369=ORIENTED_EDGE('',*,*,#809,.F.);
#370=ORIENTED_EDGE('',*,*,#810,.F.);
#371=ORIENTED_EDGE('',*,*,#805,.T.);
#372=ORIENTED_EDGE('',*,*,#811,.T.);
#373=ORIENTED_EDGE('',*,*,#760,.T.);
#374=ORIENTED_EDGE('',*,*,#801,.T.);
#375=ORIENTED_EDGE('',*,*,#799,.F.);
#376=ORIENTED_EDGE('',*,*,#783,.F.);
#377=ORIENTED_EDGE('',*,*,#791,.T.);
#378=ORIENTED_EDGE('',*,*,#792,.F.);
#379=ORIENTED_EDGE('',*,*,#780,.F.);
#380=ORIENTED_EDGE('',*,*,#795,.T.);
#381=ORIENTED_EDGE('',*,*,#793,.F.);
#382=ORIENTED_EDGE('',*,*,#777,.T.);
#383=ORIENTED_EDGE('',*,*,#797,.T.);
#384=ORIENTED_EDGE('',*,*,#798,.F.);
#385=ORIENTED_EDGE('',*,*,#708,.T.);
#386=ORIENTED_EDGE('',*,*,#812,.F.);
#387=ORIENTED_EDGE('',*,*,#719,.T.);
#388=ORIENTED_EDGE('',*,*,#813,.T.);
#389=ORIENTED_EDGE('',*,*,#814,.F.);
#390=ORIENTED_EDGE('',*,*,#815,.T.);
#391=ORIENTED_EDGE('',*,*,#748,.F.);
#392=ORIENTED_EDGE('',*,*,#816,.T.);
#393=ORIENTED_EDGE('',*,*,#817,.T.);
#394=ORIENTED_EDGE('',*,*,#818,.T.);
#395=ORIENTED_EDGE('',*,*,#768,.T.);
#396=ORIENTED_EDGE('',*,*,#788,.F.);
#397=ORIENTED_EDGE('',*,*,#789,.F.);
#398=ORIENTED_EDGE('',*,*,#785,.T.);
#399=ORIENTED_EDGE('',*,*,#819,.F.);
#400=ORIENTED_EDGE('',*,*,#716,.T.);
#401=ORIENTED_EDGE('',*,*,#820,.T.);
#402=ORIENTED_EDGE('',*,*,#705,.T.);
#403=ORIENTED_EDGE('',*,*,#821,.T.);
#404=ORIENTED_EDGE('',*,*,#773,.F.);
#405=ORIENTED_EDGE('',*,*,#822,.F.);
#406=ORIENTED_EDGE('',*,*,#734,.T.);
#407=ORIENTED_EDGE('',*,*,#713,.F.);
#408=ORIENTED_EDGE('',*,*,#771,.F.);
#409=ORIENTED_EDGE('',*,*,#802,.F.);
#410=ORIENTED_EDGE('',*,*,#770,.F.);
#411=ORIENTED_EDGE('',*,*,#731,.T.);
#412=ORIENTED_EDGE('',*,*,#720,.T.);
#413=ORIENTED_EDGE('',*,*,#730,.T.);
#414=ORIENTED_EDGE('',*,*,#745,.T.);
#415=ORIENTED_EDGE('',*,*,#765,.T.);
#416=ORIENTED_EDGE('',*,*,#823,.T.);
#417=ORIENTED_EDGE('',*,*,#763,.F.);
#418=ORIENTED_EDGE('',*,*,#756,.T.);
#419=ORIENTED_EDGE('',*,*,#823,.F.);
#420=ORIENTED_EDGE('',*,*,#764,.F.);
#421=ORIENTED_EDGE('',*,*,#751,.F.);
#422=ORIENTED_EDGE('',*,*,#761,.T.);
#423=ORIENTED_EDGE('',*,*,#766,.T.);
#424=ORIENTED_EDGE('',*,*,#754,.T.);
#425=ORIENTED_EDGE('',*,*,#762,.F.);
#426=ORIENTED_EDGE('',*,*,#753,.T.);
#427=ORIENTED_EDGE('',*,*,#727,.F.);
#428=ORIENTED_EDGE('',*,*,#824,.T.);
#429=ORIENTED_EDGE('',*,*,#740,.T.);
#430=ORIENTED_EDGE('',*,*,#825,.F.);
#431=ORIENTED_EDGE('',*,*,#744,.F.);
#432=ORIENTED_EDGE('',*,*,#826,.F.);
#433=ORIENTED_EDGE('',*,*,#728,.T.);
#434=ORIENTED_EDGE('',*,*,#825,.T.);
#435=ORIENTED_EDGE('',*,*,#743,.T.);
#436=ORIENTED_EDGE('',*,*,#827,.F.);
#437=ORIENTED_EDGE('',*,*,#729,.F.);
#438=ORIENTED_EDGE('',*,*,#826,.T.);
#439=ORIENTED_EDGE('',*,*,#828,.F.);
#440=ORIENTED_EDGE('',*,*,#725,.T.);
#441=ORIENTED_EDGE('',*,*,#827,.T.);
#442=ORIENTED_EDGE('',*,*,#742,.F.);
#443=ORIENTED_EDGE('',*,*,#741,.F.);
#444=ORIENTED_EDGE('',*,*,#824,.F.);
#445=ORIENTED_EDGE('',*,*,#726,.T.);
#446=ORIENTED_EDGE('',*,*,#828,.T.);
#447=ORIENTED_EDGE('',*,*,#829,.T.);
#448=ORIENTED_EDGE('',*,*,#830,.T.);
#449=ORIENTED_EDGE('',*,*,#687,.F.);
#450=ORIENTED_EDGE('',*,*,#831,.T.);
#451=ORIENTED_EDGE('',*,*,#832,.F.);
#452=ORIENTED_EDGE('',*,*,#833,.T.);
#453=ORIENTED_EDGE('',*,*,#691,.T.);
#454=ORIENTED_EDGE('',*,*,#834,.T.);
#455=ORIENTED_EDGE('',*,*,#835,.T.);
#456=ORIENTED_EDGE('',*,*,#649,.F.);
#457=ORIENTED_EDGE('',*,*,#689,.F.);
#458=ORIENTED_EDGE('',*,*,#836,.T.);
#459=ORIENTED_EDGE('',*,*,#837,.T.);
#460=ORIENTED_EDGE('',*,*,#838,.F.);
#461=ORIENTED_EDGE('',*,*,#837,.F.);
#462=ORIENTED_EDGE('',*,*,#839,.T.);
#463=ORIENTED_EDGE('',*,*,#829,.F.);
#464=ORIENTED_EDGE('',*,*,#840,.T.);
#465=ORIENTED_EDGE('',*,*,#832,.T.);
#466=ORIENTED_EDGE('',*,*,#841,.F.);
#467=ORIENTED_EDGE('',*,*,#835,.F.);
#468=ORIENTED_EDGE('',*,*,#842,.T.);
#469=ORIENTED_EDGE('',*,*,#843,.T.);
#470=ORIENTED_EDGE('',*,*,#693,.F.);
#471=ORIENTED_EDGE('',*,*,#844,.T.);
#472=ORIENTED_EDGE('',*,*,#845,.T.);
#473=ORIENTED_EDGE('',*,*,#650,.F.);
#474=ORIENTED_EDGE('',*,*,#695,.F.);
#475=ORIENTED_EDGE('',*,*,#846,.T.);
#476=ORIENTED_EDGE('',*,*,#847,.T.);
#477=ORIENTED_EDGE('',*,*,#848,.F.);
#478=ORIENTED_EDGE('',*,*,#847,.F.);
#479=ORIENTED_EDGE('',*,*,#849,.T.);
#480=ORIENTED_EDGE('',*,*,#842,.F.);
#481=ORIENTED_EDGE('',*,*,#850,.T.);
#482=ORIENTED_EDGE('',*,*,#722,.T.);
#483=ORIENTED_EDGE('',*,*,#851,.F.);
#484=ORIENTED_EDGE('',*,*,#845,.F.);
#485=ORIENTED_EDGE('',*,*,#848,.T.);
#486=ORIENTED_EDGE('',*,*,#851,.T.);
#487=ORIENTED_EDGE('',*,*,#724,.T.);
#488=ORIENTED_EDGE('',*,*,#696,.T.);
#489=ORIENTED_EDGE('',*,*,#690,.T.);
#490=ORIENTED_EDGE('',*,*,#838,.T.);
#491=ORIENTED_EDGE('',*,*,#841,.T.);
#492=ORIENTED_EDGE('',*,*,#834,.F.);
#493=ORIENTED_EDGE('',*,*,#839,.F.);
#494=ORIENTED_EDGE('',*,*,#836,.F.);
#495=ORIENTED_EDGE('',*,*,#688,.F.);
#496=ORIENTED_EDGE('',*,*,#830,.F.);
#497=ORIENTED_EDGE('',*,*,#840,.F.);
#498=ORIENTED_EDGE('',*,*,#831,.F.);
#499=ORIENTED_EDGE('',*,*,#692,.F.);
#500=ORIENTED_EDGE('',*,*,#833,.F.);
#501=ORIENTED_EDGE('',*,*,#849,.F.);
#502=ORIENTED_EDGE('',*,*,#846,.F.);
#503=ORIENTED_EDGE('',*,*,#694,.F.);
#504=ORIENTED_EDGE('',*,*,#843,.F.);
#505=ORIENTED_EDGE('',*,*,#850,.F.);
#506=ORIENTED_EDGE('',*,*,#844,.F.);
#507=ORIENTED_EDGE('',*,*,#698,.F.);
#508=ORIENTED_EDGE('',*,*,#723,.F.);
#509=ORIENTED_EDGE('',*,*,#666,.T.);
#510=ORIENTED_EDGE('',*,*,#852,.T.);
#511=ORIENTED_EDGE('',*,*,#817,.F.);
#512=ORIENTED_EDGE('',*,*,#853,.T.);
#513=ORIENTED_EDGE('',*,*,#814,.T.);
#514=ORIENTED_EDGE('',*,*,#854,.T.);
#515=ORIENTED_EDGE('',*,*,#670,.F.);
#516=ORIENTED_EDGE('',*,*,#855,.T.);
#517=ORIENTED_EDGE('',*,*,#657,.T.);
#518=ORIENTED_EDGE('',*,*,#735,.T.);
#519=ORIENTED_EDGE('',*,*,#822,.T.);
#520=ORIENTED_EDGE('',*,*,#775,.F.);
#521=ORIENTED_EDGE('',*,*,#774,.T.);
#522=ORIENTED_EDGE('',*,*,#821,.F.);
#523=ORIENTED_EDGE('',*,*,#733,.F.);
#524=ORIENTED_EDGE('',*,*,#655,.F.);
#525=ORIENTED_EDGE('',*,*,#856,.T.);
#526=ORIENTED_EDGE('',*,*,#721,.T.);
#527=ORIENTED_EDGE('',*,*,#857,.F.);
#528=ORIENTED_EDGE('',*,*,#858,.T.);
#529=ORIENTED_EDGE('',*,*,#736,.T.);
#530=ORIENTED_EDGE('',*,*,#859,.T.);
#531=ORIENTED_EDGE('',*,*,#860,.F.);
#532=ORIENTED_EDGE('',*,*,#857,.T.);
#533=ORIENTED_EDGE('',*,*,#861,.F.);
#534=ORIENTED_EDGE('',*,*,#862,.F.);
#535=ORIENTED_EDGE('',*,*,#856,.F.);
#536=ORIENTED_EDGE('',*,*,#858,.F.);
#537=ORIENTED_EDGE('',*,*,#860,.T.);
#538=ORIENTED_EDGE('',*,*,#863,.F.);
#539=ORIENTED_EDGE('',*,*,#864,.T.);
#540=ORIENTED_EDGE('',*,*,#865,.T.);
#541=ORIENTED_EDGE('',*,*,#737,.F.);
#542=ORIENTED_EDGE('',*,*,#859,.F.);
#543=ORIENTED_EDGE('',*,*,#739,.F.);
#544=ORIENTED_EDGE('',*,*,#866,.F.);
#545=ORIENTED_EDGE('',*,*,#867,.T.);
#546=ORIENTED_EDGE('',*,*,#868,.T.);
#547=ORIENTED_EDGE('',*,*,#861,.T.);
#548=ORIENTED_EDGE('',*,*,#863,.T.);
#549=ORIENTED_EDGE('',*,*,#862,.T.);
#550=ORIENTED_EDGE('',*,*,#868,.F.);
#551=ORIENTED_EDGE('',*,*,#869,.T.);
#552=ORIENTED_EDGE('',*,*,#738,.T.);
#553=ORIENTED_EDGE('',*,*,#865,.F.);
#554=ORIENTED_EDGE('',*,*,#870,.F.);
#555=ORIENTED_EDGE('',*,*,#866,.T.);
#556=ORIENTED_EDGE('',*,*,#864,.F.);
#557=ORIENTED_EDGE('',*,*,#869,.F.);
#558=ORIENTED_EDGE('',*,*,#867,.F.);
#559=ORIENTED_EDGE('',*,*,#870,.T.);
#560=ORIENTED_EDGE('',*,*,#818,.F.);
#561=ORIENTED_EDGE('',*,*,#852,.F.);
#562=ORIENTED_EDGE('',*,*,#665,.F.);
#563=ORIENTED_EDGE('',*,*,#806,.F.);
#564=ORIENTED_EDGE('',*,*,#816,.F.);
#565=ORIENTED_EDGE('',*,*,#747,.F.);
#566=ORIENTED_EDGE('',*,*,#667,.F.);
#567=ORIENTED_EDGE('',*,*,#853,.F.);
#568=ORIENTED_EDGE('',*,*,#813,.F.);
#569=ORIENTED_EDGE('',*,*,#718,.F.);
#570=ORIENTED_EDGE('',*,*,#671,.F.);
#571=ORIENTED_EDGE('',*,*,#854,.F.);
#572=ORIENTED_EDGE('',*,*,#815,.F.);
#573=ORIENTED_EDGE('',*,*,#855,.F.);
#574=ORIENTED_EDGE('',*,*,#669,.F.);
#575=ORIENTED_EDGE('',*,*,#749,.F.);
#576=ORIENTED_EDGE('',*,*,#706,.T.);
#577=ORIENTED_EDGE('',*,*,#820,.F.);
#578=ORIENTED_EDGE('',*,*,#715,.F.);
#579=ORIENTED_EDGE('',*,*,#712,.T.);
#580=ORIENTED_EDGE('',*,*,#707,.F.);
#581=ORIENTED_EDGE('',*,*,#673,.F.);
#582=ORIENTED_EDGE('',*,*,#717,.T.);
#583=ORIENTED_EDGE('',*,*,#812,.T.);
#584=ORIENTED_EDGE('',*,*,#758,.T.);
#585=ORIENTED_EDGE('',*,*,#811,.F.);
#586=ORIENTED_EDGE('',*,*,#804,.F.);
#587=ORIENTED_EDGE('',*,*,#663,.T.);
#588=ORIENTED_EDGE('',*,*,#704,.F.);
#589=ORIENTED_EDGE('',*,*,#711,.F.);
#590=ORIENTED_EDGE('',*,*,#714,.T.);
#591=ORIENTED_EDGE('',*,*,#819,.T.);
#592=ORIENTED_EDGE('',*,*,#871,.T.);
#593=ORIENTED_EDGE('',*,*,#700,.F.);
#594=ORIENTED_EDGE('',*,*,#872,.F.);
#595=ORIENTED_EDGE('',*,*,#660,.F.);
#596=ORIENTED_EDGE('',*,*,#661,.T.);
#597=ORIENTED_EDGE('',*,*,#872,.T.);
#598=ORIENTED_EDGE('',*,*,#699,.T.);
#599=ORIENTED_EDGE('',*,*,#873,.F.);
#600=ORIENTED_EDGE('',*,*,#662,.T.);
#601=ORIENTED_EDGE('',*,*,#873,.T.);
#602=ORIENTED_EDGE('',*,*,#702,.T.);
#603=ORIENTED_EDGE('',*,*,#874,.F.);
#604=ORIENTED_EDGE('',*,*,#874,.T.);
#605=ORIENTED_EDGE('',*,*,#701,.F.);
#606=ORIENTED_EDGE('',*,*,#871,.F.);
#607=ORIENTED_EDGE('',*,*,#659,.F.);
#608=ORIENTED_EDGE('',*,*,#648,.T.);
#609=ORIENTED_EDGE('',*,*,#810,.T.);
#610=ORIENTED_EDGE('',*,*,#647,.T.);
#611=ORIENTED_EDGE('',*,*,#809,.T.);
#612=ORIENTED_EDGE('',*,*,#646,.T.);
#613=ORIENTED_EDGE('',*,*,#808,.T.);
#614=ORIENTED_EDGE('',*,*,#645,.T.);
#615=ORIENTED_EDGE('',*,*,#807,.T.);
#616=EDGE_CURVE('',#875,#876,#1056,.T.);
#617=EDGE_CURVE('',#875,#877,#1057,.T.);
#618=EDGE_CURVE('',#877,#878,#1058,.T.);
#619=EDGE_CURVE('',#878,#876,#1059,.T.);
#620=EDGE_CURVE('',#879,#880,#1060,.T.);
#621=EDGE_CURVE('',#879,#881,#1061,.T.);
#622=EDGE_CURVE('',#882,#881,#1062,.T.);
#623=EDGE_CURVE('',#880,#882,#1063,.T.);
#624=EDGE_CURVE('',#879,#875,#1064,.T.);
#625=EDGE_CURVE('',#876,#881,#1065,.T.);
#626=EDGE_CURVE('',#883,#884,#1066,.T.);
#627=EDGE_CURVE('',#884,#885,#1067,.T.);
#628=EDGE_CURVE('',#886,#885,#1068,.T.);
#629=EDGE_CURVE('',#887,#886,#1069,.T.);
#630=EDGE_CURVE('',#888,#887,#1070,.T.);
#631=EDGE_CURVE('',#883,#888,#1071,.T.);
#632=EDGE_CURVE('',#889,#890,#1072,.T.);
#633=EDGE_CURVE('',#891,#889,#1073,.T.);
#634=EDGE_CURVE('',#891,#892,#1074,.T.);
#635=EDGE_CURVE('',#892,#890,#1075,.T.);
#636=EDGE_CURVE('',#887,#886,#47,.T.);
#637=EDGE_CURVE('',#885,#890,#1076,.T.);
#638=EDGE_CURVE('',#888,#892,#1077,.T.);
#639=EDGE_CURVE('',#893,#893,#48,.T.);
#640=EDGE_CURVE('',#878,#882,#1078,.T.);
#641=EDGE_CURVE('',#880,#891,#1079,.T.);
#642=EDGE_CURVE('',#883,#877,#1080,.T.);
#643=EDGE_CURVE('',#884,#889,#1081,.T.);
#644=EDGE_CURVE('',#886,#887,#49,.T.);
#645=EDGE_CURVE('',#894,#894,#50,.T.);
#646=EDGE_CURVE('',#895,#895,#51,.T.);
#647=EDGE_CURVE('',#896,#896,#52,.T.);
#648=EDGE_CURVE('',#897,#897,#53,.T.);
#649=EDGE_CURVE('',#898,#898,#54,.F.);
#650=EDGE_CURVE('',#899,#899,#55,.F.);
#651=EDGE_CURVE('',#900,#901,#1082,.T.);
#652=EDGE_CURVE('',#902,#900,#1083,.T.);
#653=EDGE_CURVE('',#902,#903,#1084,.T.);
#654=EDGE_CURVE('',#903,#901,#1085,.T.);
#655=EDGE_CURVE('',#904,#905,#1086,.T.);
#656=EDGE_CURVE('',#905,#906,#1087,.T.);
#657=EDGE_CURVE('',#907,#906,#1088,.T.);
#658=EDGE_CURVE('',#904,#907,#1089,.T.);
#659=EDGE_CURVE('',#908,#909,#1090,.T.);
#660=EDGE_CURVE('',#909,#910,#1091,.T.);
#661=EDGE_CURVE('',#911,#910,#1092,.T.);
#662=EDGE_CURVE('',#908,#911,#1093,.T.);
#663=EDGE_CURVE('',#912,#913,#1094,.T.);
#664=EDGE_CURVE('',#914,#912,#1095,.T.);
#665=EDGE_CURVE('',#914,#915,#56,.F.);
#666=EDGE_CURVE('',#916,#915,#1096,.T.);
#667=EDGE_CURVE('',#916,#917,#57,.F.);
#668=EDGE_CURVE('',#917,#918,#1097,.T.);
#669=EDGE_CURVE('',#918,#919,#58,.F.);
#670=EDGE_CURVE('',#919,#920,#1098,.T.);
#671=EDGE_CURVE('',#920,#921,#59,.F.);
#672=EDGE_CURVE('',#922,#921,#1099,.T.);
#673=EDGE_CURVE('',#922,#923,#1100,.T.);
#674=EDGE_CURVE('',#924,#923,#1101,.T.);
#675=EDGE_CURVE('',#924,#925,#1102,.T.);
#676=EDGE_CURVE('',#926,#925,#1103,.T.);
#677=EDGE_CURVE('',#927,#926,#1104,.T.);
#678=EDGE_CURVE('',#927,#928,#1105,.T.);
#679=EDGE_CURVE('',#929,#928,#1106,.T.);
#680=EDGE_CURVE('',#929,#930,#1107,.T.);
#681=EDGE_CURVE('',#930,#931,#1108,.T.);
#682=EDGE_CURVE('',#932,#931,#1109,.T.);
#683=EDGE_CURVE('',#932,#933,#1110,.T.);
#684=EDGE_CURVE('',#933,#934,#1111,.T.);
#685=EDGE_CURVE('',#935,#934,#1112,.T.);
#686=EDGE_CURVE('',#913,#935,#1113,.T.);
#687=EDGE_CURVE('',#936,#937,#1114,.T.);
#688=EDGE_CURVE('',#937,#938,#60,.F.);
#689=EDGE_CURVE('',#938,#939,#1115,.T.);
#690=EDGE_CURVE('',#940,#939,#1116,.T.);
#691=EDGE_CURVE('',#941,#940,#1117,.T.);
#692=EDGE_CURVE('',#941,#936,#61,.F.);
#693=EDGE_CURVE('',#942,#943,#1118,.T.);
#694=EDGE_CURVE('',#943,#944,#62,.F.);
#695=EDGE_CURVE('',#944,#945,#1119,.T.);
#696=EDGE_CURVE('',#946,#945,#1120,.T.);
#697=EDGE_CURVE('',#947,#946,#1121,.T.);
#698=EDGE_CURVE('',#947,#942,#63,.F.);
#699=EDGE_CURVE('',#948,#949,#1122,.T.);
#700=EDGE_CURVE('',#948,#950,#1123,.T.);
#701=EDGE_CURVE('',#950,#951,#1124,.T.);
#702=EDGE_CURVE('',#949,#951,#1125,.T.);
#703=EDGE_CURVE('',#952,#953,#1126,.T.);
#704=EDGE_CURVE('',#953,#954,#1127,.T.);
#705=EDGE_CURVE('',#955,#954,#1128,.T.);
#706=EDGE_CURVE('',#952,#955,#1129,.T.);
#707=EDGE_CURVE('',#923,#956,#1130,.T.);
#708=EDGE_CURVE('',#957,#956,#1131,.T.);
#709=EDGE_CURVE('',#957,#924,#1132,.T.);
#710=EDGE_CURVE('',#958,#959,#1133,.T.);
#711=EDGE_CURVE('',#958,#953,#1134,.T.);
#712=EDGE_CURVE('',#959,#952,#1135,.T.);
#713=EDGE_CURVE('',#960,#960,#64,.T.);
#714=EDGE_CURVE('',#958,#961,#1136,.T.);
#715=EDGE_CURVE('',#959,#962,#1137,.T.);
#716=EDGE_CURVE('',#961,#962,#1138,.T.);
#717=EDGE_CURVE('',#922,#963,#1139,.T.);
#718=EDGE_CURVE('',#921,#964,#1140,.F.);
#719=EDGE_CURVE('',#963,#964,#1141,.T.);
#720=EDGE_CURVE('',#965,#965,#65,.T.);
#721=EDGE_CURVE('',#966,#966,#66,.F.);
#722=EDGE_CURVE('',#967,#968,#1142,.T.);
#723=EDGE_CURVE('',#967,#947,#1143,.T.);
#724=EDGE_CURVE('',#968,#946,#1144,.T.);
#725=EDGE_CURVE('',#969,#970,#1145,.T.);
#726=EDGE_CURVE('',#971,#969,#1146,.T.);
#727=EDGE_CURVE('',#971,#972,#1147,.T.);
#728=EDGE_CURVE('',#973,#972,#1148,.T.);
#729=EDGE_CURVE('',#973,#970,#1149,.T.);
#730=EDGE_CURVE('',#974,#974,#67,.T.);
#731=EDGE_CURVE('',#975,#975,#68,.T.);
#732=EDGE_CURVE('',#976,#976,#69,.T.);
#733=EDGE_CURVE('',#905,#977,#1150,.T.);
#734=EDGE_CURVE('',#978,#977,#1151,.T.);
#735=EDGE_CURVE('',#906,#978,#1152,.T.);
#736=EDGE_CURVE('',#979,#980,#70,.T.);
#737=EDGE_CURVE('',#979,#981,#1153,.T.);
#738=EDGE_CURVE('',#982,#981,#71,.T.);
#739=EDGE_CURVE('',#982,#980,#1154,.T.);
#740=EDGE_CURVE('',#983,#984,#1155,.T.);
#741=EDGE_CURVE('',#983,#985,#1156,.T.);
#742=EDGE_CURVE('',#985,#986,#1157,.T.);
#743=EDGE_CURVE('',#987,#986,#1158,.T.);
#744=EDGE_CURVE('',#987,#984,#1159,.T.);
#745=EDGE_CURVE('',#988,#988,#72,.T.);
#746=EDGE_CURVE('',#989,#989,#73,.T.);
#747=EDGE_CURVE('',#917,#990,#1160,.F.);
#748=EDGE_CURVE('',#990,#991,#1161,.T.);
#749=EDGE_CURVE('',#991,#918,#1162,.T.);
#750=EDGE_CURVE('',#992,#993,#1163,.T.);
#751=EDGE_CURVE('',#992,#994,#1164,.T.);
#752=EDGE_CURVE('',#994,#995,#1165,.T.);
#753=EDGE_CURVE('',#993,#995,#1166,.T.);
#754=EDGE_CURVE('',#996,#997,#1167,.T.);
#755=EDGE_CURVE('',#996,#998,#1168,.T.);
#756=EDGE_CURVE('',#999,#998,#1169,.T.);
#757=EDGE_CURVE('',#997,#999,#1170,.T.);
#758=EDGE_CURVE('',#913,#1000,#1171,.T.);
#759=EDGE_CURVE('',#1001,#935,#1172,.T.);
#760=EDGE_CURVE('',#1000,#1001,#1173,.T.);
#761=EDGE_CURVE('',#992,#1002,#1174,.T.);
#762=EDGE_CURVE('',#993,#997,#1175,.T.);
#763=EDGE_CURVE('',#999,#1002,#1176,.T.);
#764=EDGE_CURVE('',#994,#1003,#1177,.T.);
#765=EDGE_CURVE('',#998,#1003,#1178,.T.);
#766=EDGE_CURVE('',#995,#996,#1179,.T.);
#767=EDGE_CURVE('',#901,#1004,#1180,.T.);
#768=EDGE_CURVE('',#1005,#1004,#1181,.T.);
#769=EDGE_CURVE('',#900,#1005,#1182,.T.);
#770=EDGE_CURVE('',#1006,#1006,#74,.T.);
#771=EDGE_CURVE('',#1007,#1007,#75,.T.);
#772=EDGE_CURVE('',#1008,#1008,#76,.F.);
#773=EDGE_CURVE('',#1009,#1010,#1183,.T.);
#774=EDGE_CURVE('',#904,#1010,#1184,.T.);
#775=EDGE_CURVE('',#907,#1009,#1185,.T.);
#776=EDGE_CURVE('',#1011,#926,#1186,.T.);
#777=EDGE_CURVE('',#1012,#1011,#1187,.T.);
#778=EDGE_CURVE('',#1012,#927,#1188,.T.);
#779=EDGE_CURVE('',#1013,#929,#1189,.T.);
#780=EDGE_CURVE('',#1013,#1014,#1190,.T.);
#781=EDGE_CURVE('',#1014,#930,#1191,.T.);
#782=EDGE_CURVE('',#1015,#932,#1192,.T.);
#783=EDGE_CURVE('',#1015,#1016,#1193,.T.);
#784=EDGE_CURVE('',#1016,#933,#1194,.T.);
#785=EDGE_CURVE('',#1017,#1005,#1195,.T.);
#786=EDGE_CURVE('',#902,#1017,#1196,.T.);
#787=EDGE_CURVE('',#903,#1018,#1197,.T.);
#788=EDGE_CURVE('',#1018,#1004,#1198,.T.);
#789=EDGE_CURVE('',#1017,#1018,#1199,.T.);
#790=EDGE_CURVE('',#1019,#931,#1200,.T.);
#791=EDGE_CURVE('',#1015,#1019,#1201,.T.);
#792=EDGE_CURVE('',#1014,#1019,#1202,.T.);
#793=EDGE_CURVE('',#1012,#1020,#1203,.T.);
#794=EDGE_CURVE('',#1020,#928,#1204,.T.);
#795=EDGE_CURVE('',#1013,#1020,#1205,.T.);
#796=EDGE_CURVE('',#1021,#925,#1206,.T.);
#797=EDGE_CURVE('',#1011,#1021,#1207,.T.);
#798=EDGE_CURVE('',#957,#1021,#1208,.T.);
#799=EDGE_CURVE('',#1016,#1022,#1209,.T.);
#800=EDGE_CURVE('',#1022,#934,#1210,.T.);
#801=EDGE_CURVE('',#1001,#1022,#1211,.T.);
#802=EDGE_CURVE('',#1023,#1023,#77,.T.);
#803=EDGE_CURVE('',#1024,#1024,#78,.T.);
#804=EDGE_CURVE('',#912,#1025,#1212,.T.);
#805=EDGE_CURVE('',#1026,#1025,#1213,.T.);
#806=EDGE_CURVE('',#1026,#914,#1214,.T.);
#807=EDGE_CURVE('',#1027,#1027,#79,.T.);
#808=EDGE_CURVE('',#1028,#1028,#80,.T.);
#809=EDGE_CURVE('',#1029,#1029,#81,.T.);
#810=EDGE_CURVE('',#1030,#1030,#82,.T.);
#811=EDGE_CURVE('',#1025,#1000,#1215,.T.);
#812=EDGE_CURVE('',#963,#956,#1216,.T.);
#813=EDGE_CURVE('',#964,#1031,#83,.T.);
#814=EDGE_CURVE('',#1032,#1031,#1217,.T.);
#815=EDGE_CURVE('',#1032,#991,#84,.T.);
#816=EDGE_CURVE('',#990,#1033,#85,.T.);
#817=EDGE_CURVE('',#1033,#1034,#1218,.T.);
#818=EDGE_CURVE('',#1034,#1026,#86,.T.);
#819=EDGE_CURVE('',#961,#954,#1219,.T.);
#820=EDGE_CURVE('',#962,#955,#1220,.T.);
#821=EDGE_CURVE('',#977,#1010,#1221,.T.);
#822=EDGE_CURVE('',#978,#1009,#1222,.T.);
#823=EDGE_CURVE('',#1003,#1002,#1223,.T.);
#824=EDGE_CURVE('',#971,#983,#1224,.T.);
#825=EDGE_CURVE('',#972,#984,#1225,.T.);
#826=EDGE_CURVE('',#973,#987,#1226,.T.);
#827=EDGE_CURVE('',#970,#986,#1227,.T.);
#828=EDGE_CURVE('',#969,#985,#1228,.T.);
#829=EDGE_CURVE('',#1035,#1036,#1229,.T.);
#830=EDGE_CURVE('',#1036,#937,#1230,.T.);
#831=EDGE_CURVE('',#936,#1035,#1231,.F.);
#832=EDGE_CURVE('',#1037,#1038,#1232,.T.);
#833=EDGE_CURVE('',#1037,#941,#1233,.T.);
#834=EDGE_CURVE('',#940,#1038,#1234,.T.);
#835=EDGE_CURVE('',#1039,#1039,#87,.T.);
#836=EDGE_CURVE('',#938,#1040,#1235,.F.);
#837=EDGE_CURVE('',#1040,#1041,#1236,.T.);
#838=EDGE_CURVE('',#939,#1041,#1237,.T.);
#839=EDGE_CURVE('',#1040,#1036,#88,.T.);
#840=EDGE_CURVE('',#1035,#1037,#89,.T.);
#841=EDGE_CURVE('',#1041,#1038,#1238,.T.);
#842=EDGE_CURVE('',#1042,#1043,#1239,.T.);
#843=EDGE_CURVE('',#1043,#943,#1240,.T.);
#844=EDGE_CURVE('',#942,#1042,#1241,.F.);
#845=EDGE_CURVE('',#1044,#1044,#90,.T.);
#846=EDGE_CURVE('',#944,#1045,#1242,.F.);
#847=EDGE_CURVE('',#1045,#1046,#1243,.T.);
#848=EDGE_CURVE('',#945,#1046,#1244,.T.);
#849=EDGE_CURVE('',#1045,#1043,#91,.T.);
#850=EDGE_CURVE('',#1042,#967,#92,.T.);
#851=EDGE_CURVE('',#1046,#968,#1245,.T.);
#852=EDGE_CURVE('',#915,#1034,#1246,.F.);
#853=EDGE_CURVE('',#1033,#916,#1247,.T.);
#854=EDGE_CURVE('',#1031,#920,#1248,.T.);
#855=EDGE_CURVE('',#919,#1032,#1249,.F.);
#856=EDGE_CURVE('',#1047,#1047,#93,.T.);
#857=EDGE_CURVE('',#1048,#1049,#94,.T.);
#858=EDGE_CURVE('',#1048,#979,#1250,.T.);
#859=EDGE_CURVE('',#980,#1049,#1251,.F.);
#860=EDGE_CURVE('',#1048,#1050,#1252,.T.);
#861=EDGE_CURVE('',#1051,#1049,#1253,.T.);
#862=EDGE_CURVE('',#1050,#1051,#95,.F.);
#863=EDGE_CURVE('',#1052,#1050,#1254,.T.);
#864=EDGE_CURVE('',#1052,#1053,#1255,.T.);
#865=EDGE_CURVE('',#1053,#981,#1256,.T.);
#866=EDGE_CURVE('',#1054,#982,#1257,.T.);
#867=EDGE_CURVE('',#1054,#1055,#1258,.T.);
#868=EDGE_CURVE('',#1055,#1051,#1259,.T.);
#869=EDGE_CURVE('',#1055,#1052,#96,.T.);
#870=EDGE_CURVE('',#1054,#1053,#97,.T.);
#871=EDGE_CURVE('',#909,#950,#1260,.T.);
#872=EDGE_CURVE('',#910,#948,#1261,.T.);
#873=EDGE_CURVE('',#911,#949,#1262,.T.);
#874=EDGE_CURVE('',#908,#951,#1263,.T.);
#875=VERTEX_POINT('',#2658);
#876=VERTEX_POINT('',#2659);
#877=VERTEX_POINT('',#2661);
#878=VERTEX_POINT('',#2663);
#879=VERTEX_POINT('',#2667);
#880=VERTEX_POINT('',#2668);
#881=VERTEX_POINT('',#2670);
#882=VERTEX_POINT('',#2672);
#883=VERTEX_POINT('',#2679);
#884=VERTEX_POINT('',#2680);
#885=VERTEX_POINT('',#2682);
#886=VERTEX_POINT('',#2684);
#887=VERTEX_POINT('',#2686);
#888=VERTEX_POINT('',#2688);
#889=VERTEX_POINT('',#2692);
#890=VERTEX_POINT('',#2693);
#891=VERTEX_POINT('',#2695);
#892=VERTEX_POINT('',#2697);
#893=VERTEX_POINT('',#2705);
#894=VERTEX_POINT('',#2719);
#895=VERTEX_POINT('',#2721);
#896=VERTEX_POINT('',#2723);
#897=VERTEX_POINT('',#2725);
#898=VERTEX_POINT('',#2727);
#899=VERTEX_POINT('',#2729);
#900=VERTEX_POINT('',#2731);
#901=VERTEX_POINT('',#2732);
#902=VERTEX_POINT('',#2734);
#903=VERTEX_POINT('',#2736);
#904=VERTEX_POINT('',#2739);
#905=VERTEX_POINT('',#2740);
#906=VERTEX_POINT('',#2742);
#907=VERTEX_POINT('',#2744);
#908=VERTEX_POINT('',#2747);
#909=VERTEX_POINT('',#2748);
#910=VERTEX_POINT('',#2750);
#911=VERTEX_POINT('',#2752);
#912=VERTEX_POINT('',#2756);
#913=VERTEX_POINT('',#2757);
#914=VERTEX_POINT('',#2759);
#915=VERTEX_POINT('',#2761);
#916=VERTEX_POINT('',#2763);
#917=VERTEX_POINT('',#2765);
#918=VERTEX_POINT('',#2767);
#919=VERTEX_POINT('',#2769);
#920=VERTEX_POINT('',#2771);
#921=VERTEX_POINT('',#2773);
#922=VERTEX_POINT('',#2775);
#923=VERTEX_POINT('',#2777);
#924=VERTEX_POINT('',#2779);
#925=VERTEX_POINT('',#2781);
#926=VERTEX_POINT('',#2783);
#927=VERTEX_POINT('',#2785);
#928=VERTEX_POINT('',#2787);
#929=VERTEX_POINT('',#2789);
#930=VERTEX_POINT('',#2791);
#931=VERTEX_POINT('',#2793);
#932=VERTEX_POINT('',#2795);
#933=VERTEX_POINT('',#2797);
#934=VERTEX_POINT('',#2799);
#935=VERTEX_POINT('',#2801);
#936=VERTEX_POINT('',#2804);
#937=VERTEX_POINT('',#2805);
#938=VERTEX_POINT('',#2807);
#939=VERTEX_POINT('',#2809);
#940=VERTEX_POINT('',#2811);
#941=VERTEX_POINT('',#2813);
#942=VERTEX_POINT('',#2816);
#943=VERTEX_POINT('',#2817);
#944=VERTEX_POINT('',#2819);
#945=VERTEX_POINT('',#2821);
#946=VERTEX_POINT('',#2823);
#947=VERTEX_POINT('',#2825);
#948=VERTEX_POINT('',#2828);
#949=VERTEX_POINT('',#2829);
#950=VERTEX_POINT('',#2831);
#951=VERTEX_POINT('',#2833);
#952=VERTEX_POINT('',#2837);
#953=VERTEX_POINT('',#2838);
#954=VERTEX_POINT('',#2840);
#955=VERTEX_POINT('',#2842);
#956=VERTEX_POINT('',#2846);
#957=VERTEX_POINT('',#2848);
#958=VERTEX_POINT('',#2852);
#959=VERTEX_POINT('',#2853);
#960=VERTEX_POINT('',#2858);
#961=VERTEX_POINT('',#2860);
#962=VERTEX_POINT('',#2862);
#963=VERTEX_POINT('',#2866);
#964=VERTEX_POINT('',#2868);
#965=VERTEX_POINT('',#2872);
#966=VERTEX_POINT('',#2874);
#967=VERTEX_POINT('',#2877);
#968=VERTEX_POINT('',#2878);
#969=VERTEX_POINT('',#2883);
#970=VERTEX_POINT('',#2884);
#971=VERTEX_POINT('',#2886);
#972=VERTEX_POINT('',#2888);
#973=VERTEX_POINT('',#2890);
#974=VERTEX_POINT('',#2893);
#975=VERTEX_POINT('',#2895);
#976=VERTEX_POINT('',#2897);
#977=VERTEX_POINT('',#2899);
#978=VERTEX_POINT('',#2901);
#979=VERTEX_POINT('',#2905);
#980=VERTEX_POINT('',#2906);
#981=VERTEX_POINT('',#2908);
#982=VERTEX_POINT('',#2910);
#983=VERTEX_POINT('',#2913);
#984=VERTEX_POINT('',#2914);
#985=VERTEX_POINT('',#2916);
#986=VERTEX_POINT('',#2918);
#987=VERTEX_POINT('',#2920);
#988=VERTEX_POINT('',#2923);
#989=VERTEX_POINT('',#2925);
#990=VERTEX_POINT('',#2927);
#991=VERTEX_POINT('',#2929);
#992=VERTEX_POINT('',#2933);
#993=VERTEX_POINT('',#2934);
#994=VERTEX_POINT('',#2936);
#995=VERTEX_POINT('',#2938);
#996=VERTEX_POINT('',#2942);
#997=VERTEX_POINT('',#2943);
#998=VERTEX_POINT('',#2945);
#999=VERTEX_POINT('',#2947);
#1000=VERTEX_POINT('',#2951);
#1001=VERTEX_POINT('',#2953);
#1002=VERTEX_POINT('',#2956);
#1003=VERTEX_POINT('',#2961);
#1004=VERTEX_POINT('',#2965);
#1005=VERTEX_POINT('',#2967);
#1006=VERTEX_POINT('',#2971);
#1007=VERTEX_POINT('',#2973);
#1008=VERTEX_POINT('',#2975);
#1009=VERTEX_POINT('',#2977);
#1010=VERTEX_POINT('',#2978);
#1011=VERTEX_POINT('',#2983);
#1012=VERTEX_POINT('',#2985);
#1013=VERTEX_POINT('',#2989);
#1014=VERTEX_POINT('',#2991);
#1015=VERTEX_POINT('',#2995);
#1016=VERTEX_POINT('',#2997);
#1017=VERTEX_POINT('',#3001);
#1018=VERTEX_POINT('',#3005);
#1019=VERTEX_POINT('',#3011);
#1020=VERTEX_POINT('',#3017);
#1021=VERTEX_POINT('',#3023);
#1022=VERTEX_POINT('',#3029);
#1023=VERTEX_POINT('',#3035);
#1024=VERTEX_POINT('',#3037);
#1025=VERTEX_POINT('',#3039);
#1026=VERTEX_POINT('',#3041);
#1027=VERTEX_POINT('',#3047);
#1028=VERTEX_POINT('',#3049);
#1029=VERTEX_POINT('',#3051);
#1030=VERTEX_POINT('',#3053);
#1031=VERTEX_POINT('',#3057);
#1032=VERTEX_POINT('',#3059);
#1033=VERTEX_POINT('',#3062);
#1034=VERTEX_POINT('',#3064);
#1035=VERTEX_POINT('',#3090);
#1036=VERTEX_POINT('',#3091);
#1037=VERTEX_POINT('',#3096);
#1038=VERTEX_POINT('',#3097);
#1039=VERTEX_POINT('',#3102);
#1040=VERTEX_POINT('',#3105);
#1041=VERTEX_POINT('',#3107);
#1042=VERTEX_POINT('',#3115);
#1043=VERTEX_POINT('',#3116);
#1044=VERTEX_POINT('',#3121);
#1045=VERTEX_POINT('',#3124);
#1046=VERTEX_POINT('',#3126);
#1047=VERTEX_POINT('',#3148);
#1048=VERTEX_POINT('',#3151);
#1049=VERTEX_POINT('',#3152);
#1050=VERTEX_POINT('',#3157);
#1051=VERTEX_POINT('',#3159);
#1052=VERTEX_POINT('',#3163);
#1053=VERTEX_POINT('',#3165);
#1054=VERTEX_POINT('',#3169);
#1055=VERTEX_POINT('',#3171);
#1056=LINE('',#2657,#1264);
#1057=LINE('',#2660,#1265);
#1058=LINE('',#2662,#1266);
#1059=LINE('',#2664,#1267);
#1060=LINE('',#2666,#1268);
#1061=LINE('',#2669,#1269);
#1062=LINE('',#2671,#1270);
#1063=LINE('',#2673,#1271);
#1064=LINE('',#2675,#1272);
#1065=LINE('',#2676,#1273);
#1066=LINE('',#2678,#1274);
#1067=LINE('',#2681,#1275);
#1068=LINE('',#2683,#1276);
#1069=LINE('',#2685,#1277);
#1070=LINE('',#2687,#1278);
#1071=LINE('',#2689,#1279);
#1072=LINE('',#2691,#1280);
#1073=LINE('',#2694,#1281);
#1074=LINE('',#2696,#1282);
#1075=LINE('',#2698,#1283);
#1076=LINE('',#2701,#1284);
#1077=LINE('',#2702,#1285);
#1078=LINE('',#2706,#1286);
#1079=LINE('',#2708,#1287);
#1080=LINE('',#2709,#1288);
#1081=LINE('',#2711,#1289);
#1082=LINE('',#2730,#1290);
#1083=LINE('',#2733,#1291);
#1084=LINE('',#2735,#1292);
#1085=LINE('',#2737,#1293);
#1086=LINE('',#2738,#1294);
#1087=LINE('',#2741,#1295);
#1088=LINE('',#2743,#1296);
#1089=LINE('',#2745,#1297);
#1090=LINE('',#2746,#1298);
#1091=LINE('',#2749,#1299);
#1092=LINE('',#2751,#1300);
#1093=LINE('',#2753,#1301);
#1094=LINE('',#2755,#1302);
#1095=LINE('',#2758,#1303);
#1096=LINE('',#2762,#1304);
#1097=LINE('',#2766,#1305);
#1098=LINE('',#2770,#1306);
#1099=LINE('',#2774,#1307);
#1100=LINE('',#2776,#1308);
#1101=LINE('',#2778,#1309);
#1102=LINE('',#2780,#1310);
#1103=LINE('',#2782,#1311);
#1104=LINE('',#2784,#1312);
#1105=LINE('',#2786,#1313);
#1106=LINE('',#2788,#1314);
#1107=LINE('',#2790,#1315);
#1108=LINE('',#2792,#1316);
#1109=LINE('',#2794,#1317);
#1110=LINE('',#2796,#1318);
#1111=LINE('',#2798,#1319);
#1112=LINE('',#2800,#1320);
#1113=LINE('',#2802,#1321);
#1114=LINE('',#2803,#1322);
#1115=LINE('',#2808,#1323);
#1116=LINE('',#2810,#1324);
#1117=LINE('',#2812,#1325);
#1118=LINE('',#2815,#1326);
#1119=LINE('',#2820,#1327);
#1120=LINE('',#2822,#1328);
#1121=LINE('',#2824,#1329);
#1122=LINE('',#2827,#1330);
#1123=LINE('',#2830,#1331);
#1124=LINE('',#2832,#1332);
#1125=LINE('',#2834,#1333);
#1126=LINE('',#2836,#1334);
#1127=LINE('',#2839,#1335);
#1128=LINE('',#2841,#1336);
#1129=LINE('',#2843,#1337);
#1130=LINE('',#2845,#1338);
#1131=LINE('',#2847,#1339);
#1132=LINE('',#2849,#1340);
#1133=LINE('',#2851,#1341);
#1134=LINE('',#2854,#1342);
#1135=LINE('',#2855,#1343);
#1136=LINE('',#2859,#1344);
#1137=LINE('',#2861,#1345);
#1138=LINE('',#2863,#1346);
#1139=LINE('',#2865,#1347);
#1140=LINE('',#2867,#1348);
#1141=LINE('',#2869,#1349);
#1142=LINE('',#2876,#1350);
#1143=LINE('',#2879,#1351);
#1144=LINE('',#2880,#1352);
#1145=LINE('',#2882,#1353);
#1146=LINE('',#2885,#1354);
#1147=LINE('',#2887,#1355);
#1148=LINE('',#2889,#1356);
#1149=LINE('',#2891,#1357);
#1150=LINE('',#2898,#1358);
#1151=LINE('',#2900,#1359);
#1152=LINE('',#2902,#1360);
#1153=LINE('',#2907,#1361);
#1154=LINE('',#2911,#1362);
#1155=LINE('',#2912,#1363);
#1156=LINE('',#2915,#1364);
#1157=LINE('',#2917,#1365);
#1158=LINE('',#2919,#1366);
#1159=LINE('',#2921,#1367);
#1160=LINE('',#2926,#1368);
#1161=LINE('',#2928,#1369);
#1162=LINE('',#2930,#1370);
#1163=LINE('',#2932,#1371);
#1164=LINE('',#2935,#1372);
#1165=LINE('',#2937,#1373);
#1166=LINE('',#2939,#1374);
#1167=LINE('',#2941,#1375);
#1168=LINE('',#2944,#1376);
#1169=LINE('',#2946,#1377);
#1170=LINE('',#2948,#1378);
#1171=LINE('',#2950,#1379);
#1172=LINE('',#2952,#1380);
#1173=LINE('',#2954,#1381);
#1174=LINE('',#2955,#1382);
#1175=LINE('',#2957,#1383);
#1176=LINE('',#2958,#1384);
#1177=LINE('',#2960,#1385);
#1178=LINE('',#2962,#1386);
#1179=LINE('',#2963,#1387);
#1180=LINE('',#2964,#1388);
#1181=LINE('',#2966,#1389);
#1182=LINE('',#2968,#1390);
#1183=LINE('',#2976,#1391);
#1184=LINE('',#2979,#1392);
#1185=LINE('',#2980,#1393);
#1186=LINE('',#2982,#1394);
#1187=LINE('',#2984,#1395);
#1188=LINE('',#2986,#1396);
#1189=LINE('',#2988,#1397);
#1190=LINE('',#2990,#1398);
#1191=LINE('',#2992,#1399);
#1192=LINE('',#2994,#1400);
#1193=LINE('',#2996,#1401);
#1194=LINE('',#2998,#1402);
#1195=LINE('',#3000,#1403);
#1196=LINE('',#3002,#1404);
#1197=LINE('',#3004,#1405);
#1198=LINE('',#3006,#1406);
#1199=LINE('',#3008,#1407);
#1200=LINE('',#3010,#1408);
#1201=LINE('',#3012,#1409);
#1202=LINE('',#3014,#1410);
#1203=LINE('',#3016,#1411);
#1204=LINE('',#3018,#1412);
#1205=LINE('',#3020,#1413);
#1206=LINE('',#3022,#1414);
#1207=LINE('',#3024,#1415);
#1208=LINE('',#3026,#1416);
#1209=LINE('',#3028,#1417);
#1210=LINE('',#3030,#1418);
#1211=LINE('',#3032,#1419);
#1212=LINE('',#3038,#1420);
#1213=LINE('',#3040,#1421);
#1214=LINE('',#3042,#1422);
#1215=LINE('',#3054,#1423);
#1216=LINE('',#3055,#1424);
#1217=LINE('',#3058,#1425);
#1218=LINE('',#3063,#1426);
#1219=LINE('',#3066,#1427);
#1220=LINE('',#3067,#1428);
#1221=LINE('',#3068,#1429);
#1222=LINE('',#3069,#1430);
#1223=LINE('',#3075,#1431);
#1224=LINE('',#3079,#1432);
#1225=LINE('',#3080,#1433);
#1226=LINE('',#3082,#1434);
#1227=LINE('',#3084,#1435);
#1228=LINE('',#3086,#1436);
#1229=LINE('',#3089,#1437);
#1230=LINE('',#3092,#1438);
#1231=LINE('',#3093,#1439);
#1232=LINE('',#3095,#1440);
#1233=LINE('',#3098,#1441);
#1234=LINE('',#3099,#1442);
#1235=LINE('',#3104,#1443);
#1236=LINE('',#3106,#1444);
#1237=LINE('',#3108,#1445);
#1238=LINE('',#3112,#1446);
#1239=LINE('',#3114,#1447);
#1240=LINE('',#3117,#1448);
#1241=LINE('',#3118,#1449);
#1242=LINE('',#3123,#1450);
#1243=LINE('',#3125,#1451);
#1244=LINE('',#3127,#1452);
#1245=LINE('',#3131,#1453);
#1246=LINE('',#3139,#1454);
#1247=LINE('',#3140,#1455);
#1248=LINE('',#3142,#1456);
#1249=LINE('',#3143,#1457);
#1250=LINE('',#3153,#1458);
#1251=LINE('',#3154,#1459);
#1252=LINE('',#3156,#1460);
#1253=LINE('',#3158,#1461);
#1254=LINE('',#3162,#1462);
#1255=LINE('',#3164,#1463);
#1256=LINE('',#3166,#1464);
#1257=LINE('',#3168,#1465);
#1258=LINE('',#3170,#1466);
#1259=LINE('',#3172,#1467);
#1260=LINE('',#3187,#1468);
#1261=LINE('',#3188,#1469);
#1262=LINE('',#3190,#1470);
#1263=LINE('',#3192,#1471);
#1264=VECTOR('',#2141,1.);
#1265=VECTOR('',#2142,1.);
#1266=VECTOR('',#2143,1.);
#1267=VECTOR('',#2144,1.);
#1268=VECTOR('',#2147,1.);
#1269=VECTOR('',#2148,1.);
#1270=VECTOR('',#2149,1.);
#1271=VECTOR('',#2150,1.);
#1272=VECTOR('',#2153,1.);
#1273=VECTOR('',#2154,1.);
#1274=VECTOR('',#2157,1.);
#1275=VECTOR('',#2158,1.);
#1276=VECTOR('',#2159,1.);
#1277=VECTOR('',#2160,1.);
#1278=VECTOR('',#2161,1.);
#1279=VECTOR('',#2162,1.);
#1280=VECTOR('',#2165,1.);
#1281=VECTOR('',#2166,1.);
#1282=VECTOR('',#2167,1.);
#1283=VECTOR('',#2168,1.);
#1284=VECTOR('',#2173,1.);
#1285=VECTOR('',#2174,1.);
#1286=VECTOR('',#2179,1.);
#1287=VECTOR('',#2182,1.);
#1288=VECTOR('',#2183,1.);
#1289=VECTOR('',#2186,1.);
#1290=VECTOR('',#2211,1.);
#1291=VECTOR('',#2212,1.);
#1292=VECTOR('',#2213,1.);
#1293=VECTOR('',#2214,1.);
#1294=VECTOR('',#2215,1.);
#1295=VECTOR('',#2216,1.);
#1296=VECTOR('',#2217,1.);
#1297=VECTOR('',#2218,1.);
#1298=VECTOR('',#2219,1.);
#1299=VECTOR('',#2220,1.);
#1300=VECTOR('',#2221,1.);
#1301=VECTOR('',#2222,1.);
#1302=VECTOR('',#2225,1.);
#1303=VECTOR('',#2226,1.);
#1304=VECTOR('',#2229,1.);
#1305=VECTOR('',#2232,1.);
#1306=VECTOR('',#2235,1.);
#1307=VECTOR('',#2238,1.);
#1308=VECTOR('',#2239,1.);
#1309=VECTOR('',#2240,1.);
#1310=VECTOR('',#2241,1.);
#1311=VECTOR('',#2242,1.);
#1312=VECTOR('',#2243,1.);
#1313=VECTOR('',#2244,1.);
#1314=VECTOR('',#2245,1.);
#1315=VECTOR('',#2246,1.);
#1316=VECTOR('',#2247,1.);
#1317=VECTOR('',#2248,1.);
#1318=VECTOR('',#2249,1.);
#1319=VECTOR('',#2250,1.);
#1320=VECTOR('',#2251,1.);
#1321=VECTOR('',#2252,1.);
#1322=VECTOR('',#2253,1.);
#1323=VECTOR('',#2256,1.);
#1324=VECTOR('',#2257,1.);
#1325=VECTOR('',#2258,1.);
#1326=VECTOR('',#2261,1.);
#1327=VECTOR('',#2264,1.);
#1328=VECTOR('',#2265,1.);
#1329=VECTOR('',#2266,1.);
#1330=VECTOR('',#2269,1.);
#1331=VECTOR('',#2270,1.);
#1332=VECTOR('',#2271,1.);
#1333=VECTOR('',#2272,1.);
#1334=VECTOR('',#2275,1.);
#1335=VECTOR('',#2276,1.);
#1336=VECTOR('',#2277,1.);
#1337=VECTOR('',#2278,1.);
#1338=VECTOR('',#2281,1.);
#1339=VECTOR('',#2282,1.);
#1340=VECTOR('',#2283,1.);
#1341=VECTOR('',#2286,1.);
#1342=VECTOR('',#2287,1.);
#1343=VECTOR('',#2288,1.);
#1344=VECTOR('',#2293,1.);
#1345=VECTOR('',#2294,1.);
#1346=VECTOR('',#2295,1.);
#1347=VECTOR('',#2298,1.);
#1348=VECTOR('',#2299,1.);
#1349=VECTOR('',#2300,1.);
#1350=VECTOR('',#2309,1.);
#1351=VECTOR('',#2310,1.);
#1352=VECTOR('',#2311,1.);
#1353=VECTOR('',#2314,1.);
#1354=VECTOR('',#2315,1.);
#1355=VECTOR('',#2316,1.);
#1356=VECTOR('',#2317,1.);
#1357=VECTOR('',#2318,1.);
#1358=VECTOR('',#2325,1.);
#1359=VECTOR('',#2326,1.);
#1360=VECTOR('',#2327,1.);
#1361=VECTOR('',#2332,1.);
#1362=VECTOR('',#2335,1.);
#1363=VECTOR('',#2336,1.);
#1364=VECTOR('',#2337,1.);
#1365=VECTOR('',#2338,1.);
#1366=VECTOR('',#2339,1.);
#1367=VECTOR('',#2340,1.);
#1368=VECTOR('',#2345,1.);
#1369=VECTOR('',#2346,1.);
#1370=VECTOR('',#2347,1.);
#1371=VECTOR('',#2350,1.);
#1372=VECTOR('',#2351,1.);
#1373=VECTOR('',#2352,1.);
#1374=VECTOR('',#2353,1.);
#1375=VECTOR('',#2356,1.);
#1376=VECTOR('',#2357,1.);
#1377=VECTOR('',#2358,1.);
#1378=VECTOR('',#2359,1.);
#1379=VECTOR('',#2362,1.);
#1380=VECTOR('',#2363,1.);
#1381=VECTOR('',#2364,1.);
#1382=VECTOR('',#2365,1.);
#1383=VECTOR('',#2366,1.);
#1384=VECTOR('',#2367,1.);
#1385=VECTOR('',#2370,1.);
#1386=VECTOR('',#2371,1.);
#1387=VECTOR('',#2372,1.);
#1388=VECTOR('',#2373,1.);
#1389=VECTOR('',#2374,1.);
#1390=VECTOR('',#2375,1.);
#1391=VECTOR('',#2384,1.);
#1392=VECTOR('',#2385,1.);
#1393=VECTOR('',#2386,1.);
#1394=VECTOR('',#2389,1.);
#1395=VECTOR('',#2390,1.);
#1396=VECTOR('',#2391,1.);
#1397=VECTOR('',#2394,1.);
#1398=VECTOR('',#2395,1.);
#1399=VECTOR('',#2396,1.);
#1400=VECTOR('',#2399,1.);
#1401=VECTOR('',#2400,1.);
#1402=VECTOR('',#2401,1.);
#1403=VECTOR('',#2404,1.);
#1404=VECTOR('',#2405,1.);
#1405=VECTOR('',#2408,1.);
#1406=VECTOR('',#2409,1.);
#1407=VECTOR('',#2412,1.);
#1408=VECTOR('',#2415,1.);
#1409=VECTOR('',#2416,1.);
#1410=VECTOR('',#2419,1.);
#1411=VECTOR('',#2422,1.);
#1412=VECTOR('',#2423,1.);
#1413=VECTOR('',#2426,1.);
#1414=VECTOR('',#2429,1.);
#1415=VECTOR('',#2430,1.);
#1416=VECTOR('',#2433,1.);
#1417=VECTOR('',#2436,1.);
#1418=VECTOR('',#2437,1.);
#1419=VECTOR('',#2440,1.);
#1420=VECTOR('',#2447,1.);
#1421=VECTOR('',#2448,1.);
#1422=VECTOR('',#2449,1.);
#1423=VECTOR('',#2464,1.);
#1424=VECTOR('',#2465,1.);
#1425=VECTOR('',#2468,1.);
#1426=VECTOR('',#2473,1.);
#1427=VECTOR('',#2476,1.);
#1428=VECTOR('',#2477,1.);
#1429=VECTOR('',#2478,1.);
#1430=VECTOR('',#2479,1.);
#1431=VECTOR('',#2490,1.);
#1432=VECTOR('',#2497,1.);
#1433=VECTOR('',#2498,1.);
#1434=VECTOR('',#2501,1.);
#1435=VECTOR('',#2504,1.);
#1436=VECTOR('',#2507,1.);
#1437=VECTOR('',#2512,1.);
#1438=VECTOR('',#2513,1.);
#1439=VECTOR('',#2514,1.);
#1440=VECTOR('',#2517,1.);
#1441=VECTOR('',#2518,1.);
#1442=VECTOR('',#2519,1.);
#1443=VECTOR('',#2526,1.);
#1444=VECTOR('',#2527,1.);
#1445=VECTOR('',#2528,1.);
#1446=VECTOR('',#2535,1.);
#1447=VECTOR('',#2538,1.);
#1448=VECTOR('',#2539,1.);
#1449=VECTOR('',#2540,1.);
#1450=VECTOR('',#2547,1.);
#1451=VECTOR('',#2548,1.);
#1452=VECTOR('',#2549,1.);
#1453=VECTOR('',#2556,1.);
#1454=VECTOR('',#2571,1.);
#1455=VECTOR('',#2572,1.);
#1456=VECTOR('',#2575,1.);
#1457=VECTOR('',#2576,1.);
#1458=VECTOR('',#2589,1.);
#1459=VECTOR('',#2590,1.);
#1460=VECTOR('',#2593,1.);
#1461=VECTOR('',#2594,1.);
#1462=VECTOR('',#2599,1.);
#1463=VECTOR('',#2600,1.);
#1464=VECTOR('',#2601,1.);
#1465=VECTOR('',#2604,1.);
#1466=VECTOR('',#2605,1.);
#1467=VECTOR('',#2606,1.);
#1468=VECTOR('',#2635,1.);
#1469=VECTOR('',#2636,1.);
#1470=VECTOR('',#2639,1.);
#1471=VECTOR('',#2642,1.);
#1472=EDGE_LOOP('',(#98,#99,#100,#101));
#1473=EDGE_LOOP('',(#102,#103,#104,#105));
#1474=EDGE_LOOP('',(#106,#107,#108,#109));
#1475=EDGE_LOOP('',(#110,#111,#112,#113,#114,#115));
#1476=EDGE_LOOP('',(#116,#117,#118,#119));
#1477=EDGE_LOOP('',(#120,#121,#122,#123,#124,#125));
#1478=EDGE_LOOP('',(#126));
#1479=EDGE_LOOP('',(#127,#128,#129,#130));
#1480=EDGE_LOOP('',(#131,#132,#133,#134,#135,#136,#137,#138));
#1481=EDGE_LOOP('',(#139,#140,#141,#142));
#1482=EDGE_LOOP('',(#143,#144,#145,#146,#147,#148,#149,#150));
#1483=EDGE_LOOP('',(#151,#152));
#1484=EDGE_LOOP('',(#153,#154));
#1485=EDGE_LOOP('',(#155));
#1486=EDGE_LOOP('',(#156));
#1487=EDGE_LOOP('',(#157));
#1488=EDGE_LOOP('',(#158));
#1489=EDGE_LOOP('',(#159));
#1490=EDGE_LOOP('',(#160));
#1491=EDGE_LOOP('',(#161));
#1492=EDGE_LOOP('',(#162,#163,#164,#165));
#1493=EDGE_LOOP('',(#166,#167,#168,#169));
#1494=EDGE_LOOP('',(#170,#171,#172,#173));
#1495=EDGE_LOOP('',(#174,#175,#176,#177,#178,#179,#180,#181,#182,#183,#184,
#185,#186,#187,#188,#189,#190,#191,#192,#193,#194,#195,#196,#197));
#1496=EDGE_LOOP('',(#198,#199,#200,#201,#202,#203));
#1497=EDGE_LOOP('',(#204,#205,#206,#207,#208,#209));
#1498=EDGE_LOOP('',(#210,#211,#212,#213));
#1499=EDGE_LOOP('',(#214,#215,#216,#217));
#1500=EDGE_LOOP('',(#218,#219,#220,#221));
#1501=EDGE_LOOP('',(#222,#223,#224,#225));
#1502=EDGE_LOOP('',(#226));
#1503=EDGE_LOOP('',(#227,#228,#229,#230));
#1504=EDGE_LOOP('',(#231,#232,#233,#234));
#1505=EDGE_LOOP('',(#235));
#1506=EDGE_LOOP('',(#236));
#1507=EDGE_LOOP('',(#237,#238,#239,#240));
#1508=EDGE_LOOP('',(#241,#242,#243,#244,#245));
#1509=EDGE_LOOP('',(#246));
#1510=EDGE_LOOP('',(#247));
#1511=EDGE_LOOP('',(#248));
#1512=EDGE_LOOP('',(#249,#250,#251,#252));
#1513=EDGE_LOOP('',(#253,#254,#255,#256));
#1514=EDGE_LOOP('',(#257,#258,#259,#260,#261));
#1515=EDGE_LOOP('',(#262));
#1516=EDGE_LOOP('',(#263));
#1517=EDGE_LOOP('',(#264,#265,#266,#267));
#1518=EDGE_LOOP('',(#268,#269,#270,#271));
#1519=EDGE_LOOP('',(#272,#273,#274,#275));
#1520=EDGE_LOOP('',(#276,#277,#278,#279));
#1521=EDGE_LOOP('',(#280,#281,#282,#283,#284));
#1522=EDGE_LOOP('',(#285,#286,#287,#288,#289));
#1523=EDGE_LOOP('',(#290,#291,#292,#293));
#1524=EDGE_LOOP('',(#294));
#1525=EDGE_LOOP('',(#295));
#1526=EDGE_LOOP('',(#296));
#1527=EDGE_LOOP('',(#297,#298,#299,#300));
#1528=EDGE_LOOP('',(#301,#302,#303,#304));
#1529=EDGE_LOOP('',(#305,#306,#307,#308));
#1530=EDGE_LOOP('',(#309,#310,#311,#312));
#1531=EDGE_LOOP('',(#313,#314,#315,#316));
#1532=EDGE_LOOP('',(#317,#318,#319,#320));
#1533=EDGE_LOOP('',(#321,#322,#323,#324));
#1534=EDGE_LOOP('',(#325,#326,#327,#328));
#1535=EDGE_LOOP('',(#329,#330,#331,#332));
#1536=EDGE_LOOP('',(#333,#334,#335,#336));
#1537=EDGE_LOOP('',(#337,#338,#339,#340));
#1538=EDGE_LOOP('',(#341,#342,#343,#344));
#1539=EDGE_LOOP('',(#345,#346,#347,#348));
#1540=EDGE_LOOP('',(#349,#350,#351,#352));
#1541=EDGE_LOOP('',(#353,#354,#355,#356));
#1542=EDGE_LOOP('',(#357));
#1543=EDGE_LOOP('',(#358));
#1544=EDGE_LOOP('',(#359,#360,#361,#362));
#1545=EDGE_LOOP('',(#363));
#1546=EDGE_LOOP('',(#364));
#1547=EDGE_LOOP('',(#365));
#1548=EDGE_LOOP('',(#366));
#1549=EDGE_LOOP('',(#367));
#1550=EDGE_LOOP('',(#368));
#1551=EDGE_LOOP('',(#369));
#1552=EDGE_LOOP('',(#370));
#1553=EDGE_LOOP('',(#371,#372,#373,#374,#375,#376,#377,#378,#379,#380,#381,
#382,#383,#384,#385,#386,#387,#388,#389,#390,#391,#392,#393,#394));
#1554=EDGE_LOOP('',(#395,#396,#397,#398));
#1555=EDGE_LOOP('',(#399,#400,#401,#402));
#1556=EDGE_LOOP('',(#403,#404,#405,#406));
#1557=EDGE_LOOP('',(#407));
#1558=EDGE_LOOP('',(#408));
#1559=EDGE_LOOP('',(#409));
#1560=EDGE_LOOP('',(#410));
#1561=EDGE_LOOP('',(#411));
#1562=EDGE_LOOP('',(#412));
#1563=EDGE_LOOP('',(#413));
#1564=EDGE_LOOP('',(#414));
#1565=EDGE_LOOP('',(#415,#416,#417,#418));
#1566=EDGE_LOOP('',(#419,#420,#421,#422));
#1567=EDGE_LOOP('',(#423,#424,#425,#426));
#1568=EDGE_LOOP('',(#427,#428,#429,#430));
#1569=EDGE_LOOP('',(#431,#432,#433,#434));
#1570=EDGE_LOOP('',(#435,#436,#437,#438));
#1571=EDGE_LOOP('',(#439,#440,#441,#442));
#1572=EDGE_LOOP('',(#443,#444,#445,#446));
#1573=EDGE_LOOP('',(#447,#448,#449,#450));
#1574=EDGE_LOOP('',(#451,#452,#453,#454));
#1575=EDGE_LOOP('',(#455));
#1576=EDGE_LOOP('',(#456));
#1577=EDGE_LOOP('',(#457,#458,#459,#460));
#1578=EDGE_LOOP('',(#461,#462,#463,#464,#465,#466));
#1579=EDGE_LOOP('',(#467));
#1580=EDGE_LOOP('',(#468,#469,#470,#471));
#1581=EDGE_LOOP('',(#472));
#1582=EDGE_LOOP('',(#473));
#1583=EDGE_LOOP('',(#474,#475,#476,#477));
#1584=EDGE_LOOP('',(#478,#479,#480,#481,#482,#483));
#1585=EDGE_LOOP('',(#484));
#1586=EDGE_LOOP('',(#485,#486,#487,#488));
#1587=EDGE_LOOP('',(#489,#490,#491,#492));
#1588=EDGE_LOOP('',(#493,#494,#495,#496));
#1589=EDGE_LOOP('',(#497,#498,#499,#500));
#1590=EDGE_LOOP('',(#501,#502,#503,#504));
#1591=EDGE_LOOP('',(#505,#506,#507,#508));
#1592=EDGE_LOOP('',(#509,#510,#511,#512));
#1593=EDGE_LOOP('',(#513,#514,#515,#516));
#1594=EDGE_LOOP('',(#517,#518,#519,#520));
#1595=EDGE_LOOP('',(#521,#522,#523,#524));
#1596=EDGE_LOOP('',(#525));
#1597=EDGE_LOOP('',(#526));
#1598=EDGE_LOOP('',(#527,#528,#529,#530));
#1599=EDGE_LOOP('',(#531,#532,#533,#534));
#1600=EDGE_LOOP('',(#535));
#1601=EDGE_LOOP('',(#536,#537,#538,#539,#540,#541));
#1602=EDGE_LOOP('',(#542,#543,#544,#545,#546,#547));
#1603=EDGE_LOOP('',(#548,#549,#550,#551));
#1604=EDGE_LOOP('',(#552,#553,#554,#555));
#1605=EDGE_LOOP('',(#556,#557,#558,#559));
#1606=EDGE_LOOP('',(#560,#561,#562,#563));
#1607=EDGE_LOOP('',(#564,#565,#566,#567));
#1608=EDGE_LOOP('',(#568,#569,#570,#571));
#1609=EDGE_LOOP('',(#572,#573,#574,#575));
#1610=EDGE_LOOP('',(#576,#577,#578,#579));
#1611=EDGE_LOOP('',(#580,#581,#582,#583));
#1612=EDGE_LOOP('',(#584,#585,#586,#587));
#1613=EDGE_LOOP('',(#588,#589,#590,#591));
#1614=EDGE_LOOP('',(#592,#593,#594,#595));
#1615=EDGE_LOOP('',(#596,#597,#598,#599));
#1616=EDGE_LOOP('',(#600,#601,#602,#603));
#1617=EDGE_LOOP('',(#604,#605,#606,#607));
#1618=EDGE_LOOP('',(#608));
#1619=EDGE_LOOP('',(#609));
#1620=EDGE_LOOP('',(#610));
#1621=EDGE_LOOP('',(#611));
#1622=EDGE_LOOP('',(#612));
#1623=EDGE_LOOP('',(#613));
#1624=EDGE_LOOP('',(#614));
#1625=EDGE_LOOP('',(#615));
#1626=FACE_BOUND('',#1472,.T.);
#1627=FACE_BOUND('',#1473,.T.);
#1628=FACE_BOUND('',#1474,.T.);
#1629=FACE_BOUND('',#1475,.T.);
#1630=FACE_BOUND('',#1476,.T.);
#1631=FACE_BOUND('',#1477,.T.);
#1632=FACE_BOUND('',#1478,.T.);
#1633=FACE_BOUND('',#1479,.T.);
#1634=FACE_BOUND('',#1480,.T.);
#1635=FACE_BOUND('',#1481,.T.);
#1636=FACE_BOUND('',#1482,.T.);
#1637=FACE_BOUND('',#1483,.T.);
#1638=FACE_BOUND('',#1484,.T.);
#1639=FACE_BOUND('',#1485,.T.);
#1640=FACE_BOUND('',#1486,.T.);
#1641=FACE_BOUND('',#1487,.T.);
#1642=FACE_BOUND('',#1488,.T.);
#1643=FACE_BOUND('',#1489,.T.);
#1644=FACE_BOUND('',#1490,.T.);
#1645=FACE_BOUND('',#1491,.T.);
#1646=FACE_BOUND('',#1492,.T.);
#1647=FACE_BOUND('',#1493,.T.);
#1648=FACE_BOUND('',#1494,.T.);
#1649=FACE_BOUND('',#1495,.T.);
#1650=FACE_BOUND('',#1496,.T.);
#1651=FACE_BOUND('',#1497,.T.);
#1652=FACE_BOUND('',#1498,.T.);
#1653=FACE_BOUND('',#1499,.T.);
#1654=FACE_BOUND('',#1500,.T.);
#1655=FACE_BOUND('',#1501,.T.);
#1656=FACE_BOUND('',#1502,.T.);
#1657=FACE_BOUND('',#1503,.T.);
#1658=FACE_BOUND('',#1504,.T.);
#1659=FACE_BOUND('',#1505,.T.);
#1660=FACE_BOUND('',#1506,.T.);
#1661=FACE_BOUND('',#1507,.T.);
#1662=FACE_BOUND('',#1508,.T.);
#1663=FACE_BOUND('',#1509,.T.);
#1664=FACE_BOUND('',#1510,.T.);
#1665=FACE_BOUND('',#1511,.T.);
#1666=FACE_BOUND('',#1512,.T.);
#1667=FACE_BOUND('',#1513,.T.);
#1668=FACE_BOUND('',#1514,.T.);
#1669=FACE_BOUND('',#1515,.T.);
#1670=FACE_BOUND('',#1516,.T.);
#1671=FACE_BOUND('',#1517,.T.);
#1672=FACE_BOUND('',#1518,.T.);
#1673=FACE_BOUND('',#1519,.T.);
#1674=FACE_BOUND('',#1520,.T.);
#1675=FACE_BOUND('',#1521,.T.);
#1676=FACE_BOUND('',#1522,.T.);
#1677=FACE_BOUND('',#1523,.T.);
#1678=FACE_BOUND('',#1524,.T.);
#1679=FACE_BOUND('',#1525,.T.);
#1680=FACE_BOUND('',#1526,.T.);
#1681=FACE_BOUND('',#1527,.T.);
#1682=FACE_BOUND('',#1528,.T.);
#1683=FACE_BOUND('',#1529,.T.);
#1684=FACE_BOUND('',#1530,.T.);
#1685=FACE_BOUND('',#1531,.T.);
#1686=FACE_BOUND('',#1532,.T.);
#1687=FACE_BOUND('',#1533,.T.);
#1688=FACE_BOUND('',#1534,.T.);
#1689=FACE_BOUND('',#1535,.T.);
#1690=FACE_BOUND('',#1536,.T.);
#1691=FACE_BOUND('',#1537,.T.);
#1692=FACE_BOUND('',#1538,.T.);
#1693=FACE_BOUND('',#1539,.T.);
#1694=FACE_BOUND('',#1540,.T.);
#1695=FACE_BOUND('',#1541,.T.);
#1696=FACE_BOUND('',#1542,.T.);
#1697=FACE_BOUND('',#1543,.T.);
#1698=FACE_BOUND('',#1544,.T.);
#1699=FACE_BOUND('',#1545,.T.);
#1700=FACE_BOUND('',#1546,.T.);
#1701=FACE_BOUND('',#1547,.T.);
#1702=FACE_BOUND('',#1548,.T.);
#1703=FACE_BOUND('',#1549,.T.);
#1704=FACE_BOUND('',#1550,.T.);
#1705=FACE_BOUND('',#1551,.T.);
#1706=FACE_BOUND('',#1552,.T.);
#1707=FACE_BOUND('',#1553,.T.);
#1708=FACE_BOUND('',#1554,.T.);
#1709=FACE_BOUND('',#1555,.T.);
#1710=FACE_BOUND('',#1556,.T.);
#1711=FACE_BOUND('',#1557,.T.);
#1712=FACE_BOUND('',#1558,.T.);
#1713=FACE_BOUND('',#1559,.T.);
#1714=FACE_BOUND('',#1560,.T.);
#1715=FACE_BOUND('',#1561,.T.);
#1716=FACE_BOUND('',#1562,.T.);
#1717=FACE_BOUND('',#1563,.T.);
#1718=FACE_BOUND('',#1564,.T.);
#1719=FACE_BOUND('',#1565,.T.);
#1720=FACE_BOUND('',#1566,.T.);
#1721=FACE_BOUND('',#1567,.T.);
#1722=FACE_BOUND('',#1568,.T.);
#1723=FACE_BOUND('',#1569,.T.);
#1724=FACE_BOUND('',#1570,.T.);
#1725=FACE_BOUND('',#1571,.T.);
#1726=FACE_BOUND('',#1572,.T.);
#1727=FACE_BOUND('',#1573,.T.);
#1728=FACE_BOUND('',#1574,.T.);
#1729=FACE_BOUND('',#1575,.T.);
#1730=FACE_BOUND('',#1576,.T.);
#1731=FACE_BOUND('',#1577,.T.);
#1732=FACE_BOUND('',#1578,.T.);
#1733=FACE_BOUND('',#1579,.T.);
#1734=FACE_BOUND('',#1580,.T.);
#1735=FACE_BOUND('',#1581,.T.);
#1736=FACE_BOUND('',#1582,.T.);
#1737=FACE_BOUND('',#1583,.T.);
#1738=FACE_BOUND('',#1584,.T.);
#1739=FACE_BOUND('',#1585,.T.);
#1740=FACE_BOUND('',#1586,.T.);
#1741=FACE_BOUND('',#1587,.T.);
#1742=FACE_BOUND('',#1588,.T.);
#1743=FACE_BOUND('',#1589,.T.);
#1744=FACE_BOUND('',#1590,.T.);
#1745=FACE_BOUND('',#1591,.T.);
#1746=FACE_BOUND('',#1592,.T.);
#1747=FACE_BOUND('',#1593,.T.);
#1748=FACE_BOUND('',#1594,.T.);
#1749=FACE_BOUND('',#1595,.T.);
#1750=FACE_BOUND('',#1596,.T.);
#1751=FACE_BOUND('',#1597,.T.);
#1752=FACE_BOUND('',#1598,.T.);
#1753=FACE_BOUND('',#1599,.T.);
#1754=FACE_BOUND('',#1600,.T.);
#1755=FACE_BOUND('',#1601,.T.);
#1756=FACE_BOUND('',#1602,.T.);
#1757=FACE_BOUND('',#1603,.T.);
#1758=FACE_BOUND('',#1604,.T.);
#1759=FACE_BOUND('',#1605,.T.);
#1760=FACE_BOUND('',#1606,.T.);
#1761=FACE_BOUND('',#1607,.T.);
#1762=FACE_BOUND('',#1608,.T.);
#1763=FACE_BOUND('',#1609,.T.);
#1764=FACE_BOUND('',#1610,.T.);
#1765=FACE_BOUND('',#1611,.T.);
#1766=FACE_BOUND('',#1612,.T.);
#1767=FACE_BOUND('',#1613,.T.);
#1768=FACE_BOUND('',#1614,.T.);
#1769=FACE_BOUND('',#1615,.T.);
#1770=FACE_BOUND('',#1616,.T.);
#1771=FACE_BOUND('',#1617,.T.);
#1772=FACE_BOUND('',#1618,.T.);
#1773=FACE_BOUND('',#1619,.T.);
#1774=FACE_BOUND('',#1620,.T.);
#1775=FACE_BOUND('',#1621,.T.);
#1776=FACE_BOUND('',#1622,.T.);
#1777=FACE_BOUND('',#1623,.T.);
#1778=FACE_BOUND('',#1624,.T.);
#1779=FACE_BOUND('',#1625,.T.);
#1780=PLANE('',#1983);
#1781=PLANE('',#1984);
#1782=PLANE('',#1985);
#1783=PLANE('',#1986);
#1784=PLANE('',#1987);
#1785=PLANE('',#1988);
#1786=PLANE('',#1990);
#1787=PLANE('',#1992);
#1788=PLANE('',#1993);
#1789=PLANE('',#1994);
#1790=PLANE('',#1995);
#1791=PLANE('',#1999);
#1792=PLANE('',#2006);
#1793=PLANE('',#2015);
#1794=PLANE('',#2016);
#1795=PLANE('',#2017);
#1796=PLANE('',#2018);
#1797=PLANE('',#2020);
#1798=PLANE('',#2021);
#1799=PLANE('',#2024);
#1800=PLANE('',#2025);
#1801=PLANE('',#2029);
#1802=PLANE('',#2034);
#1803=PLANE('',#2035);
#1804=PLANE('',#2036);
#1805=PLANE('',#2037);
#1806=PLANE('',#2038);
#1807=PLANE('',#2042);
#1808=PLANE('',#2043);
#1809=PLANE('',#2044);
#1810=PLANE('',#2045);
#1811=PLANE('',#2046);
#1812=PLANE('',#2047);
#1813=PLANE('',#2048);
#1814=PLANE('',#2049);
#1815=PLANE('',#2050);
#1816=PLANE('',#2051);
#1817=PLANE('',#2052);
#1818=PLANE('',#2053);
#1819=PLANE('',#2054);
#1820=PLANE('',#2055);
#1821=PLANE('',#2056);
#1822=PLANE('',#2061);
#1823=PLANE('',#2074);
#1824=PLANE('',#2075);
#1825=PLANE('',#2076);
#1826=PLANE('',#2077);
#1827=PLANE('',#2078);
#1828=PLANE('',#2079);
#1829=PLANE('',#2080);
#1830=PLANE('',#2081);
#1831=PLANE('',#2082);
#1832=PLANE('',#2083);
#1833=PLANE('',#2086);
#1834=PLANE('',#2087);
#1835=PLANE('',#2090);
#1836=PLANE('',#2093);
#1837=PLANE('',#2094);
#1838=PLANE('',#2097);
#1839=PLANE('',#2098);
#1840=PLANE('',#2103);
#1841=PLANE('',#2104);
#1842=PLANE('',#2105);
#1843=PLANE('',#2106);
#1844=PLANE('',#2111);
#1845=PLANE('',#2113);
#1846=PLANE('',#2114);
#1847=PLANE('',#2119);
#1848=PLANE('',#2124);
#1849=PLANE('',#2125);
#1850=PLANE('',#2126);
#1851=PLANE('',#2127);
#1852=PLANE('',#2128);
#1853=PLANE('',#2129);
#1854=PLANE('',#2130);
#1855=PLANE('',#2131);
#1856=ADVANCED_FACE('',(#1626),#1780,.T.);
#1857=ADVANCED_FACE('',(#1627),#1781,.F.);
#1858=ADVANCED_FACE('',(#1628),#1782,.F.);
#1859=ADVANCED_FACE('',(#1629),#1783,.F.);
#1860=ADVANCED_FACE('',(#1630),#1784,.T.);
#1861=ADVANCED_FACE('',(#1631),#1785,.F.);
#1862=ADVANCED_FACE('',(#1632,#1633),#1786,.T.);
#1863=ADVANCED_FACE('',(#1634),#1787,.T.);
#1864=ADVANCED_FACE('',(#1635),#1788,.T.);
#1865=ADVANCED_FACE('',(#1636),#1789,.F.);
#1866=ADVANCED_FACE('',(#1637),#1790,.T.);
#1867=ADVANCED_FACE('',(#1638,#1639),#22,.F.);
#1868=ADVANCED_FACE('',(#1640,#1641,#1642,#1643,#1644,#1645,#1646,#1647,
#1648),#1791,.T.);
#1869=ADVANCED_FACE('',(#1649,#1650,#1651,#1652),#1792,.T.);
#1870=ADVANCED_FACE('',(#1653),#1793,.T.);
#1871=ADVANCED_FACE('',(#1654),#1794,.T.);
#1872=ADVANCED_FACE('',(#1655),#1795,.T.);
#1873=ADVANCED_FACE('',(#1656,#1657),#1796,.F.);
#1874=ADVANCED_FACE('',(#1658),#1797,.F.);
#1875=ADVANCED_FACE('',(#1659,#1660),#1798,.T.);
#1876=ADVANCED_FACE('',(#1661),#1799,.F.);
#1877=ADVANCED_FACE('',(#1662,#1663,#1664,#1665,#1666),#1800,.T.);
#1878=ADVANCED_FACE('',(#1667,#1668,#1669,#1670,#1671),#1801,.T.);
#1879=ADVANCED_FACE('',(#1672),#1802,.F.);
#1880=ADVANCED_FACE('',(#1673),#1803,.F.);
#1881=ADVANCED_FACE('',(#1674,#1675),#1804,.T.);
#1882=ADVANCED_FACE('',(#1676,#1677),#1805,.F.);
#1883=ADVANCED_FACE('',(#1678,#1679,#1680,#1681),#1806,.F.);
#1884=ADVANCED_FACE('',(#1682),#1807,.T.);
#1885=ADVANCED_FACE('',(#1683),#1808,.F.);
#1886=ADVANCED_FACE('',(#1684),#1809,.F.);
#1887=ADVANCED_FACE('',(#1685),#1810,.F.);
#1888=ADVANCED_FACE('',(#1686),#1811,.T.);
#1889=ADVANCED_FACE('',(#1687),#1812,.T.);
#1890=ADVANCED_FACE('',(#1688),#1813,.F.);
#1891=ADVANCED_FACE('',(#1689),#1814,.T.);
#1892=ADVANCED_FACE('',(#1690),#1815,.T.);
#1893=ADVANCED_FACE('',(#1691),#1816,.F.);
#1894=ADVANCED_FACE('',(#1692),#1817,.F.);
#1895=ADVANCED_FACE('',(#1693),#1818,.T.);
#1896=ADVANCED_FACE('',(#1694),#1819,.T.);
#1897=ADVANCED_FACE('',(#1695),#1820,.F.);
#1898=ADVANCED_FACE('',(#1696,#1697,#1698),#1821,.F.);
#1899=ADVANCED_FACE('',(#1699,#1700),#23,.F.);
#1900=ADVANCED_FACE('',(#1701,#1702),#24,.F.);
#1901=ADVANCED_FACE('',(#1703,#1704,#1705,#1706,#1707,#1708,#1709,#1710),
#1822,.F.);
#1902=ADVANCED_FACE('',(#1711,#1712),#25,.F.);
#1903=ADVANCED_FACE('',(#1713,#1714),#26,.F.);
#1904=ADVANCED_FACE('',(#1715,#1716),#27,.F.);
#1905=ADVANCED_FACE('',(#1717,#1718),#28,.F.);
#1906=ADVANCED_FACE('',(#1719),#1823,.F.);
#1907=ADVANCED_FACE('',(#1720),#1824,.T.);
#1908=ADVANCED_FACE('',(#1721),#1825,.F.);
#1909=ADVANCED_FACE('',(#1722),#1826,.F.);
#1910=ADVANCED_FACE('',(#1723),#1827,.T.);
#1911=ADVANCED_FACE('',(#1724),#1828,.F.);
#1912=ADVANCED_FACE('',(#1725),#1829,.T.);
#1913=ADVANCED_FACE('',(#1726),#1830,.T.);
#1914=ADVANCED_FACE('',(#1727),#1831,.T.);
#1915=ADVANCED_FACE('',(#1728),#1832,.F.);
#1916=ADVANCED_FACE('',(#1729,#1730),#29,.F.);
#1917=ADVANCED_FACE('',(#1731),#1833,.T.);
#1918=ADVANCED_FACE('',(#1732,#1733),#1834,.T.);
#1919=ADVANCED_FACE('',(#1734),#1835,.T.);
#1920=ADVANCED_FACE('',(#1735,#1736),#30,.F.);
#1921=ADVANCED_FACE('',(#1737),#1836,.T.);
#1922=ADVANCED_FACE('',(#1738,#1739),#1837,.T.);
#1923=ADVANCED_FACE('',(#1740),#1838,.F.);
#1924=ADVANCED_FACE('',(#1741),#1839,.F.);
#1925=ADVANCED_FACE('',(#1742),#31,.T.);
#1926=ADVANCED_FACE('',(#1743),#32,.T.);
#1927=ADVANCED_FACE('',(#1744),#33,.T.);
#1928=ADVANCED_FACE('',(#1745),#34,.T.);
#1929=ADVANCED_FACE('',(#1746),#1840,.F.);
#1930=ADVANCED_FACE('',(#1747),#1841,.T.);
#1931=ADVANCED_FACE('',(#1748),#1842,.F.);
#1932=ADVANCED_FACE('',(#1749),#1843,.T.);
#1933=ADVANCED_FACE('',(#1750,#1751),#35,.F.);
#1934=ADVANCED_FACE('',(#1752),#36,.T.);
#1935=ADVANCED_FACE('',(#1753,#1754),#1844,.T.);
#1936=ADVANCED_FACE('',(#1755),#1845,.T.);
#1937=ADVANCED_FACE('',(#1756),#1846,.T.);
#1938=ADVANCED_FACE('',(#1757),#37,.F.);
#1939=ADVANCED_FACE('',(#1758),#38,.T.);
#1940=ADVANCED_FACE('',(#1759),#1847,.T.);
#1941=ADVANCED_FACE('',(#1760),#39,.T.);
#1942=ADVANCED_FACE('',(#1761),#40,.T.);
#1943=ADVANCED_FACE('',(#1762),#41,.T.);
#1944=ADVANCED_FACE('',(#1763),#42,.T.);
#1945=ADVANCED_FACE('',(#1764),#1848,.F.);
#1946=ADVANCED_FACE('',(#1765),#1849,.T.);
#1947=ADVANCED_FACE('',(#1766),#1850,.F.);
#1948=ADVANCED_FACE('',(#1767),#1851,.T.);
#1949=ADVANCED_FACE('',(#1768),#1852,.T.);
#1950=ADVANCED_FACE('',(#1769),#1853,.F.);
#1951=ADVANCED_FACE('',(#1770),#1854,.F.);
#1952=ADVANCED_FACE('',(#1771),#1855,.T.);
#1953=ADVANCED_FACE('',(#1772,#1773),#43,.F.);
#1954=ADVANCED_FACE('',(#1774,#1775),#44,.F.);
#1955=ADVANCED_FACE('',(#1776,#1777),#45,.F.);
#1956=ADVANCED_FACE('',(#1778,#1779),#46,.F.);
#1957=CLOSED_SHELL('',(#1856,#1857,#1858,#1859,#1860,#1861,#1862,#1863,
#1864,#1865,#1866,#1867));
#1958=CLOSED_SHELL('',(#1868,#1869,#1870,#1871,#1872,#1873,#1874,#1875,
#1876,#1877,#1878,#1879,#1880,#1881,#1882,#1883,#1884,#1885,#1886,#1887,
#1888,#1889,#1890,#1891,#1892,#1893,#1894,#1895,#1896,#1897,#1898,#1899,
#1900,#1901,#1902,#1903,#1904,#1905,#1906,#1907,#1908,#1909,#1910,#1911,
#1912,#1913,#1914,#1915,#1916,#1917,#1918,#1919,#1920,#1921,#1922,#1923,
#1924,#1925,#1926,#1927,#1928,#1929,#1930,#1931,#1932,#1933,#1934,#1935,
#1936,#1937,#1938,#1939,#1940,#1941,#1942,#1943,#1944,#1945,#1946,#1947,
#1948,#1949,#1950,#1951,#1952,#1953,#1954,#1955,#1956));
#1959=STYLED_ITEM('',(#1961),#1974);
#1960=STYLED_ITEM('',(#1962),#1975);
#1961=PRESENTATION_STYLE_ASSIGNMENT((#1963));
#1962=PRESENTATION_STYLE_ASSIGNMENT((#1964));
#1963=SURFACE_STYLE_USAGE(.BOTH.,#1965);
#1964=SURFACE_STYLE_USAGE(.BOTH.,#1966);
#1965=SURFACE_SIDE_STYLE('',(#1967));
#1966=SURFACE_SIDE_STYLE('',(#1968));
#1967=SURFACE_STYLE_FILL_AREA(#1969);
#1968=SURFACE_STYLE_FILL_AREA(#1970);
#1969=FILL_AREA_STYLE('',(#1971));
#1970=FILL_AREA_STYLE('',(#1972));
#1971=FILL_AREA_STYLE_COLOUR('',#1973);
#1972=FILL_AREA_STYLE_COLOUR('',#1973);
#1973=COLOUR_RGB('',0.615686274509804,0.811764705882353,0.929411764705882);
#1974=MANIFOLD_SOLID_BREP('Part 1',#1957);
#1975=MANIFOLD_SOLID_BREP('Part 1',#1958);
#1976=SHAPE_DEFINITION_REPRESENTATION(#3209,#1979);
#1977=SHAPE_DEFINITION_REPRESENTATION(#3210,#1980);
#1978=SHAPE_DEFINITION_REPRESENTATION(#3212,#1981);
#1979=SHAPE_REPRESENTATION('Print Case',(#1982,#1998,#2136),#3200);
#1980=SHAPE_REPRESENTATION('Part 1',(#1982),#3201);
#1981=SHAPE_REPRESENTATION('Part 1',(#1982),#3202);
#1982=AXIS2_PLACEMENT_3D('',#2655,#2137,#2138);
#1983=AXIS2_PLACEMENT_3D('',#2656,#2139,#2140);
#1984=AXIS2_PLACEMENT_3D('',#2665,#2145,#2146);
#1985=AXIS2_PLACEMENT_3D('',#2674,#2151,#2152);
#1986=AXIS2_PLACEMENT_3D('',#2677,#2155,#2156);
#1987=AXIS2_PLACEMENT_3D('',#2690,#2163,#2164);
#1988=AXIS2_PLACEMENT_3D('',#2699,#2169,#2170);
#1989=AXIS2_PLACEMENT_3D('',#2700,#2171,#2172);
#1990=AXIS2_PLACEMENT_3D('',#2703,#2175,#2176);
#1991=AXIS2_PLACEMENT_3D('',#2704,#2177,#2178);
#1992=AXIS2_PLACEMENT_3D('',#2707,#2180,#2181);
#1993=AXIS2_PLACEMENT_3D('',#2710,#2184,#2185);
#1994=AXIS2_PLACEMENT_3D('',#2712,#2187,#2188);
#1995=AXIS2_PLACEMENT_3D('',#2713,#2189,#2190);
#1996=AXIS2_PLACEMENT_3D('',#2714,#2191,#2192);
#1997=AXIS2_PLACEMENT_3D('',#2715,#2193,#2194);
#1998=AXIS2_PLACEMENT_3D('',#2716,#2195,#2196);
#1999=AXIS2_PLACEMENT_3D('',#2717,#2197,#2198);
#2000=AXIS2_PLACEMENT_3D('',#2718,#2199,#2200);
#2001=AXIS2_PLACEMENT_3D('',#2720,#2201,#2202);
#2002=AXIS2_PLACEMENT_3D('',#2722,#2203,#2204);
#2003=AXIS2_PLACEMENT_3D('',#2724,#2205,#2206);
#2004=AXIS2_PLACEMENT_3D('',#2726,#2207,#2208);
#2005=AXIS2_PLACEMENT_3D('',#2728,#2209,#2210);
#2006=AXIS2_PLACEMENT_3D('',#2754,#2223,#2224);
#2007=AXIS2_PLACEMENT_3D('',#2760,#2227,#2228);
#2008=AXIS2_PLACEMENT_3D('',#2764,#2230,#2231);
#2009=AXIS2_PLACEMENT_3D('',#2768,#2233,#2234);
#2010=AXIS2_PLACEMENT_3D('',#2772,#2236,#2237);
#2011=AXIS2_PLACEMENT_3D('',#2806,#2254,#2255);
#2012=AXIS2_PLACEMENT_3D('',#2814,#2259,#2260);
#2013=AXIS2_PLACEMENT_3D('',#2818,#2262,#2263);
#2014=AXIS2_PLACEMENT_3D('',#2826,#2267,#2268);
#2015=AXIS2_PLACEMENT_3D('',#2835,#2273,#2274);
#2016=AXIS2_PLACEMENT_3D('',#2844,#2279,#2280);
#2017=AXIS2_PLACEMENT_3D('',#2850,#2284,#2285);
#2018=AXIS2_PLACEMENT_3D('',#2856,#2289,#2290);
#2019=AXIS2_PLACEMENT_3D('',#2857,#2291,#2292);
#2020=AXIS2_PLACEMENT_3D('',#2864,#2296,#2297);
#2021=AXIS2_PLACEMENT_3D('',#2870,#2301,#2302);
#2022=AXIS2_PLACEMENT_3D('',#2871,#2303,#2304);
#2023=AXIS2_PLACEMENT_3D('',#2873,#2305,#2306);
#2024=AXIS2_PLACEMENT_3D('',#2875,#2307,#2308);
#2025=AXIS2_PLACEMENT_3D('',#2881,#2312,#2313);
#2026=AXIS2_PLACEMENT_3D('',#2892,#2319,#2320);
#2027=AXIS2_PLACEMENT_3D('',#2894,#2321,#2322);
#2028=AXIS2_PLACEMENT_3D('',#2896,#2323,#2324);
#2029=AXIS2_PLACEMENT_3D('',#2903,#2328,#2329);
#2030=AXIS2_PLACEMENT_3D('',#2904,#2330,#2331);
#2031=AXIS2_PLACEMENT_3D('',#2909,#2333,#2334);
#2032=AXIS2_PLACEMENT_3D('',#2922,#2341,#2342);
#2033=AXIS2_PLACEMENT_3D('',#2924,#2343,#2344);
#2034=AXIS2_PLACEMENT_3D('',#2931,#2348,#2349);
#2035=AXIS2_PLACEMENT_3D('',#2940,#2354,#2355);
#2036=AXIS2_PLACEMENT_3D('',#2949,#2360,#2361);
#2037=AXIS2_PLACEMENT_3D('',#2959,#2368,#2369);
#2038=AXIS2_PLACEMENT_3D('',#2969,#2376,#2377);
#2039=AXIS2_PLACEMENT_3D('',#2970,#2378,#2379);
#2040=AXIS2_PLACEMENT_3D('',#2972,#2380,#2381);
#2041=AXIS2_PLACEMENT_3D('',#2974,#2382,#2383);
#2042=AXIS2_PLACEMENT_3D('',#2981,#2387,#2388);
#2043=AXIS2_PLACEMENT_3D('',#2987,#2392,#2393);
#2044=AXIS2_PLACEMENT_3D('',#2993,#2397,#2398);
#2045=AXIS2_PLACEMENT_3D('',#2999,#2402,#2403);
#2046=AXIS2_PLACEMENT_3D('',#3003,#2406,#2407);
#2047=AXIS2_PLACEMENT_3D('',#3007,#2410,#2411);
#2048=AXIS2_PLACEMENT_3D('',#3009,#2413,#2414);
#2049=AXIS2_PLACEMENT_3D('',#3013,#2417,#2418);
#2050=AXIS2_PLACEMENT_3D('',#3015,#2420,#2421);
#2051=AXIS2_PLACEMENT_3D('',#3019,#2424,#2425);
#2052=AXIS2_PLACEMENT_3D('',#3021,#2427,#2428);
#2053=AXIS2_PLACEMENT_3D('',#3025,#2431,#2432);
#2054=AXIS2_PLACEMENT_3D('',#3027,#2434,#2435);
#2055=AXIS2_PLACEMENT_3D('',#3031,#2438,#2439);
#2056=AXIS2_PLACEMENT_3D('',#3033,#2441,#2442);
#2057=AXIS2_PLACEMENT_3D('',#3034,#2443,#2444);
#2058=AXIS2_PLACEMENT_3D('',#3036,#2445,#2446);
#2059=AXIS2_PLACEMENT_3D('',#3043,#2450,#2451);
#2060=AXIS2_PLACEMENT_3D('',#3044,#2452,#2453);
#2061=AXIS2_PLACEMENT_3D('',#3045,#2454,#2455);
#2062=AXIS2_PLACEMENT_3D('',#3046,#2456,#2457);
#2063=AXIS2_PLACEMENT_3D('',#3048,#2458,#2459);
#2064=AXIS2_PLACEMENT_3D('',#3050,#2460,#2461);
#2065=AXIS2_PLACEMENT_3D('',#3052,#2462,#2463);
#2066=AXIS2_PLACEMENT_3D('',#3056,#2466,#2467);
#2067=AXIS2_PLACEMENT_3D('',#3060,#2469,#2470);
#2068=AXIS2_PLACEMENT_3D('',#3061,#2471,#2472);
#2069=AXIS2_PLACEMENT_3D('',#3065,#2474,#2475);
#2070=AXIS2_PLACEMENT_3D('',#3070,#2480,#2481);
#2071=AXIS2_PLACEMENT_3D('',#3071,#2482,#2483);
#2072=AXIS2_PLACEMENT_3D('',#3072,#2484,#2485);
#2073=AXIS2_PLACEMENT_3D('',#3073,#2486,#2487);
#2074=AXIS2_PLACEMENT_3D('',#3074,#2488,#2489);
#2075=AXIS2_PLACEMENT_3D('',#3076,#2491,#2492);
#2076=AXIS2_PLACEMENT_3D('',#3077,#2493,#2494);
#2077=AXIS2_PLACEMENT_3D('',#3078,#2495,#2496);
#2078=AXIS2_PLACEMENT_3D('',#3081,#2499,#2500);
#2079=AXIS2_PLACEMENT_3D('',#3083,#2502,#2503);
#2080=AXIS2_PLACEMENT_3D('',#3085,#2505,#2506);
#2081=AXIS2_PLACEMENT_3D('',#3087,#2508,#2509);
#2082=AXIS2_PLACEMENT_3D('',#3088,#2510,#2511);
#2083=AXIS2_PLACEMENT_3D('',#3094,#2515,#2516);
#2084=AXIS2_PLACEMENT_3D('',#3100,#2520,#2521);
#2085=AXIS2_PLACEMENT_3D('',#3101,#2522,#2523);
#2086=AXIS2_PLACEMENT_3D('',#3103,#2524,#2525);
#2087=AXIS2_PLACEMENT_3D('',#3109,#2529,#2530);
#2088=AXIS2_PLACEMENT_3D('',#3110,#2531,#2532);
#2089=AXIS2_PLACEMENT_3D('',#3111,#2533,#2534);
#2090=AXIS2_PLACEMENT_3D('',#3113,#2536,#2537);
#2091=AXIS2_PLACEMENT_3D('',#3119,#2541,#2542);
#2092=AXIS2_PLACEMENT_3D('',#3120,#2543,#2544);
#2093=AXIS2_PLACEMENT_3D('',#3122,#2545,#2546);
#2094=AXIS2_PLACEMENT_3D('',#3128,#2550,#2551);
#2095=AXIS2_PLACEMENT_3D('',#3129,#2552,#2553);
#2096=AXIS2_PLACEMENT_3D('',#3130,#2554,#2555);
#2097=AXIS2_PLACEMENT_3D('',#3132,#2557,#2558);
#2098=AXIS2_PLACEMENT_3D('',#3133,#2559,#2560);
#2099=AXIS2_PLACEMENT_3D('',#3134,#2561,#2562);
#2100=AXIS2_PLACEMENT_3D('',#3135,#2563,#2564);
#2101=AXIS2_PLACEMENT_3D('',#3136,#2565,#2566);
#2102=AXIS2_PLACEMENT_3D('',#3137,#2567,#2568);
#2103=AXIS2_PLACEMENT_3D('',#3138,#2569,#2570);
#2104=AXIS2_PLACEMENT_3D('',#3141,#2573,#2574);
#2105=AXIS2_PLACEMENT_3D('',#3144,#2577,#2578);
#2106=AXIS2_PLACEMENT_3D('',#3145,#2579,#2580);
#2107=AXIS2_PLACEMENT_3D('',#3146,#2581,#2582);
#2108=AXIS2_PLACEMENT_3D('',#3147,#2583,#2584);
#2109=AXIS2_PLACEMENT_3D('',#3149,#2585,#2586);
#2110=AXIS2_PLACEMENT_3D('',#3150,#2587,#2588);
#2111=AXIS2_PLACEMENT_3D('',#3155,#2591,#2592);
#2112=AXIS2_PLACEMENT_3D('',#3160,#2595,#2596);
#2113=AXIS2_PLACEMENT_3D('',#3161,#2597,#2598);
#2114=AXIS2_PLACEMENT_3D('',#3167,#2602,#2603);
#2115=AXIS2_PLACEMENT_3D('',#3173,#2607,#2608);
#2116=AXIS2_PLACEMENT_3D('',#3174,#2609,#2610);
#2117=AXIS2_PLACEMENT_3D('',#3175,#2611,#2612);
#2118=AXIS2_PLACEMENT_3D('',#3176,#2613,#2614);
#2119=AXIS2_PLACEMENT_3D('',#3177,#2615,#2616);
#2120=AXIS2_PLACEMENT_3D('',#3178,#2617,#2618);
#2121=AXIS2_PLACEMENT_3D('',#3179,#2619,#2620);
#2122=AXIS2_PLACEMENT_3D('',#3180,#2621,#2622);
#2123=AXIS2_PLACEMENT_3D('',#3181,#2623,#2624);
#2124=AXIS2_PLACEMENT_3D('',#3182,#2625,#2626);
#2125=AXIS2_PLACEMENT_3D('',#3183,#2627,#2628);
#2126=AXIS2_PLACEMENT_3D('',#3184,#2629,#2630);
#2127=AXIS2_PLACEMENT_3D('',#3185,#2631,#2632);
#2128=AXIS2_PLACEMENT_3D('',#3186,#2633,#2634);
#2129=AXIS2_PLACEMENT_3D('',#3189,#2637,#2638);
#2130=AXIS2_PLACEMENT_3D('',#3191,#2640,#2641);
#2131=AXIS2_PLACEMENT_3D('',#3193,#2643,#2644);
#2132=AXIS2_PLACEMENT_3D('',#3194,#2645,#2646);
#2133=AXIS2_PLACEMENT_3D('',#3195,#2647,#2648);
#2134=AXIS2_PLACEMENT_3D('',#3196,#2649,#2650);
#2135=AXIS2_PLACEMENT_3D('',#3197,#2651,#2652);
#2136=AXIS2_PLACEMENT_3D('',#3198,#2653,#2654);
#2137=DIRECTION('',(0.,0.,1.));
#2138=DIRECTION('',(1.,0.,0.));
#2139=DIRECTION('',(0.,1.,0.));
#2140=DIRECTION('',(0.,0.,1.));
#2141=DIRECTION('',(1.,0.,0.));
#2142=DIRECTION('',(0.,0.,1.));
#2143=DIRECTION('',(1.,0.,0.));
#2144=DIRECTION('',(0.,0.,-1.));
#2145=DIRECTION('',(0.,1.,0.));
#2146=DIRECTION('',(0.,0.,1.));
#2147=DIRECTION('',(0.,0.,1.));
#2148=DIRECTION('',(1.,0.,0.));
#2149=DIRECTION('',(0.,0.,-1.));
#2150=DIRECTION('',(1.,0.,0.));
#2151=DIRECTION('',(0.,0.,1.));
#2152=DIRECTION('',(1.,0.,0.));
#2153=DIRECTION('',(0.,1.,0.));
#2154=DIRECTION('',(6.42490176287707E-17,-1.,0.));
#2155=DIRECTION('',(0.,1.,0.));
#2156=DIRECTION('',(0.,0.,1.));
#2157=DIRECTION('',(0.,0.,-1.));
#2158=DIRECTION('',(1.,0.,0.));
#2159=DIRECTION('',(0.,0.,-1.));
#2160=DIRECTION('',(0.,0.,-1.));
#2161=DIRECTION('',(0.,0.,-1.));
#2162=DIRECTION('',(1.,0.,0.));
#2163=DIRECTION('',(0.,1.,0.));
#2164=DIRECTION('',(0.,0.,1.));
#2165=DIRECTION('',(1.,0.,0.));
#2166=DIRECTION('',(0.,0.,-1.));
#2167=DIRECTION('',(1.,0.,0.));
#2168=DIRECTION('',(0.,0.,-1.));
#2169=DIRECTION('',(1.,7.54227598250786E-17,0.));
#2170=DIRECTION('',(-7.54227598250786E-17,1.,0.));
#2171=DIRECTION('',(1.,6.42490176287707E-17,0.));
#2172=DIRECTION('',(-6.42490176287707E-17,1.,0.));
#2173=DIRECTION('',(7.54227598250786E-17,-1.,0.));
#2174=DIRECTION('',(7.54227598250786E-17,-1.,0.));
#2175=DIRECTION('',(1.,6.42490176287707E-17,0.));
#2176=DIRECTION('',(-6.42490176287707E-17,1.,0.));
#2177=DIRECTION('',(1.,6.42490176287707E-17,0.));
#2178=DIRECTION('',(-6.42490176287707E-17,1.,0.));
#2179=DIRECTION('',(6.42490176287707E-17,-1.,0.));
#2180=DIRECTION('',(0.,0.,1.));
#2181=DIRECTION('',(1.,0.,0.));
#2182=DIRECTION('',(0.,1.,0.));
#2183=DIRECTION('',(0.,1.,0.));
#2184=DIRECTION('',(0.,0.,1.));
#2185=DIRECTION('',(1.,0.,0.));
#2186=DIRECTION('',(7.54227598250786E-17,-1.,0.));
#2187=DIRECTION('',(1.,0.,0.));
#2188=DIRECTION('',(0.,0.,-1.));
#2189=DIRECTION('',(1.,6.42490176287707E-17,0.));
#2190=DIRECTION('',(-6.42490176287707E-17,1.,0.));
#2191=DIRECTION('',(1.,6.42490176287707E-17,0.));
#2192=DIRECTION('',(-6.42490176287707E-17,1.,0.));
#2193=DIRECTION('',(1.,6.42490176287707E-17,0.));
#2194=DIRECTION('',(-6.42490176287707E-17,1.,0.));
#2195=DIRECTION('',(-7.31127473761473E-43,-1.,-1.11022302462516E-16));
#2196=DIRECTION('',(-1.,7.31127473761473E-43,-5.60519385729927E-45));
#2197=DIRECTION('',(0.,1.,0.));
#2198=DIRECTION('',(0.,0.,1.));
#2199=DIRECTION('',(0.,1.,0.));
#2200=DIRECTION('',(0.,0.,1.));
#2201=DIRECTION('',(0.,1.,0.));
#2202=DIRECTION('',(0.,0.,1.));
#2203=DIRECTION('',(0.,1.,0.));
#2204=DIRECTION('',(0.,0.,1.));
#2205=DIRECTION('',(0.,1.,0.));
#2206=DIRECTION('',(0.,0.,1.));
#2207=DIRECTION('',(0.,1.,0.));
#2208=DIRECTION('',(0.,0.,1.));
#2209=DIRECTION('',(0.,1.,0.));
#2210=DIRECTION('',(0.,0.,1.));
#2211=DIRECTION('',(1.,0.,0.));
#2212=DIRECTION('',(0.,0.,-1.));
#2213=DIRECTION('',(1.,0.,0.));
#2214=DIRECTION('',(0.,0.,-1.));
#2215=DIRECTION('',(0.,0.,1.));
#2216=DIRECTION('',(-1.,0.,0.));
#2217=DIRECTION('',(0.,0.,1.));
#2218=DIRECTION('',(-1.,0.,0.));
#2219=DIRECTION('',(1.,0.,0.));
#2220=DIRECTION('',(-2.77555756156289E-16,0.,1.));
#2221=DIRECTION('',(1.,0.,0.));
#2222=DIRECTION('',(-5.55111512312578E-16,0.,1.));
#2223=DIRECTION('',(0.,-1.,0.));
#2224=DIRECTION('',(1.,0.,0.));
#2225=DIRECTION('',(6.19544098563146E-17,0.,-1.));
#2226=DIRECTION('',(1.,0.,0.));
#2227=DIRECTION('',(0.,-1.,0.));
#2228=DIRECTION('',(0.,0.,-1.));
#2229=DIRECTION('',(0.,0.,-1.));
#2230=DIRECTION('',(0.,-1.,0.));
#2231=DIRECTION('',(0.,0.,-1.));
#2232=DIRECTION('',(1.,0.,0.));
#2233=DIRECTION('',(0.,-1.,0.));
#2234=DIRECTION('',(0.,0.,-1.));
#2235=DIRECTION('',(0.,0.,-1.));
#2236=DIRECTION('',(0.,-1.,0.));
#2237=DIRECTION('',(0.,0.,-1.));
#2238=DIRECTION('',(1.,0.,0.));
#2239=DIRECTION('',(6.19544098563146E-17,0.,-1.));
#2240=DIRECTION('',(-1.,0.,-6.19544098563145E-17));
#2241=DIRECTION('',(0.,0.,1.));
#2242=DIRECTION('',(-1.,0.,0.));
#2243=DIRECTION('',(0.,0.,-1.));
#2244=DIRECTION('',(-1.,0.,0.));
#2245=DIRECTION('',(0.,0.,-1.));
#2246=DIRECTION('',(-1.,0.,0.));
#2247=DIRECTION('',(0.,0.,-1.));
#2248=DIRECTION('',(1.,0.,0.));
#2249=DIRECTION('',(0.,0.,-1.));
#2250=DIRECTION('',(1.,0.,0.));
#2251=DIRECTION('',(0.,0.,1.));
#2252=DIRECTION('',(-1.,0.,-6.19544098563145E-17));
#2253=DIRECTION('',(1.,0.,0.));
#2254=DIRECTION('',(0.,-1.,0.));
#2255=DIRECTION('',(0.,0.,-1.));
#2256=DIRECTION('',(0.,0.,-1.));
#2257=DIRECTION('',(1.,0.,0.));
#2258=DIRECTION('',(0.,0.,-1.));
#2259=DIRECTION('',(0.,-1.,0.));
#2260=DIRECTION('',(0.,0.,-1.));
#2261=DIRECTION('',(1.,0.,0.));
#2262=DIRECTION('',(0.,-1.,0.));
#2263=DIRECTION('',(0.,0.,-1.));
#2264=DIRECTION('',(0.,0.,-1.));
#2265=DIRECTION('',(1.,0.,0.));
#2266=DIRECTION('',(0.,0.,-1.));
#2267=DIRECTION('',(0.,-1.,0.));
#2268=DIRECTION('',(0.,0.,-1.));
#2269=DIRECTION('',(-1.,0.,0.));
#2270=DIRECTION('',(2.77555756156289E-16,0.,-1.));
#2271=DIRECTION('',(-1.,0.,0.));
#2272=DIRECTION('',(5.55111512312578E-16,0.,-1.));
#2273=DIRECTION('',(-6.19544098563145E-17,0.,1.));
#2274=DIRECTION('',(1.,0.,6.19544098563145E-17));
#2275=DIRECTION('',(-1.,0.,-6.19544098563145E-17));
#2276=DIRECTION('',(0.,-1.,0.));
#2277=DIRECTION('',(-1.,0.,-6.19544098563145E-17));
#2278=DIRECTION('',(0.,-1.,0.));
#2279=DIRECTION('',(-6.19544098563145E-17,0.,1.));
#2280=DIRECTION('',(1.,0.,6.19544098563145E-17));
#2281=DIRECTION('',(0.,-1.,0.));
#2282=DIRECTION('',(-1.,0.,-6.19544098563145E-17));
#2283=DIRECTION('',(0.,1.,0.));
#2284=DIRECTION('',(0.,-1.,0.));
#2285=DIRECTION('',(1.,0.,0.));
#2286=DIRECTION('',(1.,0.,0.));
#2287=DIRECTION('',(6.19544098563146E-17,0.,-1.));
#2288=DIRECTION('',(6.19544098563146E-17,0.,-1.));
#2289=DIRECTION('',(0.,0.,1.));
#2290=DIRECTION('',(1.,0.,0.));
#2291=DIRECTION('',(0.,0.,1.));
#2292=DIRECTION('',(1.,0.,0.));
#2293=DIRECTION('',(0.,-1.,0.));
#2294=DIRECTION('',(0.,-1.,0.));
#2295=DIRECTION('',(1.,0.,0.));
#2296=DIRECTION('',(0.,0.,1.));
#2297=DIRECTION('',(1.,0.,0.));
#2298=DIRECTION('',(0.,-1.,0.));
#2299=DIRECTION('',(0.,1.,0.));
#2300=DIRECTION('',(1.,0.,0.));
#2301=DIRECTION('',(0.,0.,1.));
#2302=DIRECTION('',(1.,0.,0.));
#2303=DIRECTION('',(0.,0.,1.));
#2304=DIRECTION('',(1.,0.,0.));
#2305=DIRECTION('',(0.,0.,1.));
#2306=DIRECTION('',(1.,0.,0.));
#2307=DIRECTION('',(1.,0.,0.));
#2308=DIRECTION('',(0.,0.,-1.));
#2309=DIRECTION('',(0.,0.,-1.));
#2310=DIRECTION('',(0.,1.,0.));
#2311=DIRECTION('',(0.,0.924572854610673,-0.381005297229673));
#2312=DIRECTION('',(0.,0.,-1.));
#2313=DIRECTION('',(-1.,0.,0.));
#2314=DIRECTION('',(1.0842021724855E-16,-1.,0.));
#2315=DIRECTION('',(1.,0.,0.));
#2316=DIRECTION('',(1.26490253456642E-16,-1.,0.));
#2317=DIRECTION('',(-0.384615384615386,0.923076923076923,0.));
#2318=DIRECTION('',(0.384615384615384,0.923076923076923,0.));
#2319=DIRECTION('',(0.,0.,-1.));
#2320=DIRECTION('',(-1.,0.,0.));
#2321=DIRECTION('',(0.,0.,-1.));
#2322=DIRECTION('',(-1.,0.,0.));
#2323=DIRECTION('',(0.,0.,-1.));
#2324=DIRECTION('',(-1.,0.,0.));
#2325=DIRECTION('',(0.,-1.,0.));
#2326=DIRECTION('',(1.,0.,0.));
#2327=DIRECTION('',(0.,-1.,0.));
#2328=DIRECTION('',(0.,0.,1.));
#2329=DIRECTION('',(1.,0.,0.));
#2330=DIRECTION('',(0.,0.,1.));
#2331=DIRECTION('',(1.,0.,0.));
#2332=DIRECTION('',(0.,-1.,0.));
#2333=DIRECTION('',(0.,0.,1.));
#2334=DIRECTION('',(1.,0.,0.));
#2335=DIRECTION('',(0.,-1.,0.));
#2336=DIRECTION('',(1.26490253456642E-16,-1.,0.));
#2337=DIRECTION('',(1.,0.,0.));
#2338=DIRECTION('',(1.0842021724855E-16,-1.,0.));
#2339=DIRECTION('',(0.384615384615384,0.923076923076923,0.));
#2340=DIRECTION('',(-0.384615384615386,0.923076923076923,0.));
#2341=DIRECTION('',(0.,0.,1.));
#2342=DIRECTION('',(1.,0.,0.));
#2343=DIRECTION('',(0.,0.,-1.));
#2344=DIRECTION('',(-1.,0.,0.));
#2345=DIRECTION('',(0.,1.,0.));
#2346=DIRECTION('',(1.,0.,0.));
#2347=DIRECTION('',(0.,1.,0.));
#2348=DIRECTION('',(0.,1.,0.));
#2349=DIRECTION('',(0.,0.,1.));
#2350=DIRECTION('',(1.,0.,0.));
#2351=DIRECTION('',(0.,0.,-1.));
#2352=DIRECTION('',(1.,0.,0.));
#2353=DIRECTION('',(0.,0.,-1.));
#2354=DIRECTION('',(0.866025403784439,-0.5,0.));
#2355=DIRECTION('',(0.5,0.866025403784439,0.));
#2356=DIRECTION('',(0.,0.,1.));
#2357=DIRECTION('',(-0.5,-0.866025403784439,0.));
#2358=DIRECTION('',(0.,0.,-1.));
#2359=DIRECTION('',(-0.5,-0.866025403784439,0.));
#2360=DIRECTION('',(-6.19544098563145E-17,0.,1.));
#2361=DIRECTION('',(1.,0.,6.19544098563145E-17));
#2362=DIRECTION('',(0.,-1.,0.));
#2363=DIRECTION('',(0.,1.,0.));
#2364=DIRECTION('',(-1.,0.,-6.19544098563145E-17));
#2365=DIRECTION('',(0.,-1.,0.));
#2366=DIRECTION('',(-2.10269512239613E-16,-1.,0.));
#2367=DIRECTION('',(-0.5,0.866025403784439,0.));
#2368=DIRECTION('',(0.,0.,1.));
#2369=DIRECTION('',(1.,0.,0.));
#2370=DIRECTION('',(0.,-1.,0.));
#2371=DIRECTION('',(-0.5,0.866025403784439,0.));
#2372=DIRECTION('',(-2.10269512239613E-16,-1.,0.));
#2373=DIRECTION('',(0.,-1.,0.));
#2374=DIRECTION('',(1.,0.,0.));
#2375=DIRECTION('',(0.,-1.,0.));
#2376=DIRECTION('',(0.,0.,-1.));
#2377=DIRECTION('',(-1.,0.,0.));
#2378=DIRECTION('',(0.,0.,-1.));
#2379=DIRECTION('',(-1.,0.,0.));
#2380=DIRECTION('',(0.,0.,-1.));
#2381=DIRECTION('',(-1.,0.,0.));
#2382=DIRECTION('',(0.,0.,-1.));
#2383=DIRECTION('',(-1.,0.,0.));
#2384=DIRECTION('',(1.,0.,0.));
#2385=DIRECTION('',(0.,-1.,0.));
#2386=DIRECTION('',(0.,-1.,0.));
#2387=DIRECTION('',(-1.,0.,0.));
#2388=DIRECTION('',(0.,0.,1.));
#2389=DIRECTION('',(0.,1.,0.));
#2390=DIRECTION('',(0.,0.,-1.));
#2391=DIRECTION('',(0.,1.,0.));
#2392=DIRECTION('',(0.,0.,1.));
#2393=DIRECTION('',(1.,0.,0.));
#2394=DIRECTION('',(0.,1.,0.));
#2395=DIRECTION('',(-1.,0.,0.));
#2396=DIRECTION('',(0.,1.,0.));
#2397=DIRECTION('',(-1.,0.,0.));
#2398=DIRECTION('',(0.,0.,1.));
#2399=DIRECTION('',(0.,1.,0.));
#2400=DIRECTION('',(0.,0.,-1.));
#2401=DIRECTION('',(0.,1.,0.));
#2402=DIRECTION('',(1.,0.,0.));
#2403=DIRECTION('',(0.,0.,-1.));
#2404=DIRECTION('',(0.,0.,-1.));
#2405=DIRECTION('',(0.,-1.,0.));
#2406=DIRECTION('',(1.,0.,0.));
#2407=DIRECTION('',(0.,0.,-1.));
#2408=DIRECTION('',(0.,-1.,0.));
#2409=DIRECTION('',(0.,0.,-1.));
#2410=DIRECTION('',(0.,0.,1.));
#2411=DIRECTION('',(1.,0.,0.));
#2412=DIRECTION('',(1.,0.,0.));
#2413=DIRECTION('',(0.,0.,1.));
#2414=DIRECTION('',(1.,0.,0.));
#2415=DIRECTION('',(0.,1.,0.));
#2416=DIRECTION('',(1.,0.,0.));
#2417=DIRECTION('',(1.,0.,0.));
#2418=DIRECTION('',(0.,0.,-1.));
#2419=DIRECTION('',(0.,0.,-1.));
#2420=DIRECTION('',(0.,0.,-1.));
#2421=DIRECTION('',(-1.,0.,0.));
#2422=DIRECTION('',(-1.,0.,0.));
#2423=DIRECTION('',(0.,1.,0.));
#2424=DIRECTION('',(1.,0.,0.));
#2425=DIRECTION('',(0.,0.,-1.));
#2426=DIRECTION('',(0.,0.,-1.));
#2427=DIRECTION('',(0.,0.,-1.));
#2428=DIRECTION('',(-1.,0.,0.));
#2429=DIRECTION('',(0.,1.,0.));
#2430=DIRECTION('',(-1.,0.,0.));
#2431=DIRECTION('',(-1.,0.,0.));
#2432=DIRECTION('',(0.,0.,1.));
#2433=DIRECTION('',(0.,0.,1.));
#2434=DIRECTION('',(0.,0.,1.));
#2435=DIRECTION('',(1.,0.,0.));
#2436=DIRECTION('',(1.,0.,0.));
#2437=DIRECTION('',(0.,1.,0.));
#2438=DIRECTION('',(-1.,0.,0.));
#2439=DIRECTION('',(0.,0.,1.));
#2440=DIRECTION('',(0.,0.,1.));
#2441=DIRECTION('',(0.,0.,1.));
#2442=DIRECTION('',(1.,0.,0.));
#2443=DIRECTION('',(0.,0.,1.));
#2444=DIRECTION('',(1.,0.,0.));
#2445=DIRECTION('',(0.,0.,-1.));
#2446=DIRECTION('',(-1.,0.,0.));
#2447=DIRECTION('',(0.,-1.,0.));
#2448=DIRECTION('',(1.,0.,0.));
#2449=DIRECTION('',(0.,1.,0.));
#2450=DIRECTION('',(0.,0.,-1.));
#2451=DIRECTION('',(-1.,0.,0.));
#2452=DIRECTION('',(0.,0.,1.));
#2453=DIRECTION('',(1.,0.,0.));
#2454=DIRECTION('',(0.,1.,0.));
#2455=DIRECTION('',(0.,0.,1.));
#2456=DIRECTION('',(0.,-1.,0.));
#2457=DIRECTION('',(0.,0.,-1.));
#2458=DIRECTION('',(0.,-1.,0.));
#2459=DIRECTION('',(0.,0.,-1.));
#2460=DIRECTION('',(0.,-1.,0.));
#2461=DIRECTION('',(0.,0.,-1.));
#2462=DIRECTION('',(0.,-1.,0.));
#2463=DIRECTION('',(0.,0.,-1.));
#2464=DIRECTION('',(6.19544098563146E-17,0.,-1.));
#2465=DIRECTION('',(6.19544098563146E-17,0.,-1.));
#2466=DIRECTION('',(0.,-1.,0.));
#2467=DIRECTION('',(0.,0.,-1.));
#2468=DIRECTION('',(0.,0.,-1.));
#2469=DIRECTION('',(0.,-1.,0.));
#2470=DIRECTION('',(0.,0.,-1.));
#2471=DIRECTION('',(0.,-1.,0.));
#2472=DIRECTION('',(0.,0.,-1.));
#2473=DIRECTION('',(0.,0.,-1.));
#2474=DIRECTION('',(0.,-1.,0.));
#2475=DIRECTION('',(0.,0.,-1.));
#2476=DIRECTION('',(6.19544098563146E-17,0.,-1.));
#2477=DIRECTION('',(6.19544098563146E-17,0.,-1.));
#2478=DIRECTION('',(0.,0.,-1.));
#2479=DIRECTION('',(0.,0.,-1.));
#2480=DIRECTION('',(0.,0.,1.));
#2481=DIRECTION('',(1.,0.,0.));
#2482=DIRECTION('',(0.,0.,1.));
#2483=DIRECTION('',(1.,0.,0.));
#2484=DIRECTION('',(0.,0.,1.));
#2485=DIRECTION('',(1.,0.,0.));
#2486=DIRECTION('',(0.,0.,1.));
#2487=DIRECTION('',(1.,0.,0.));
#2488=DIRECTION('',(-0.866025403784439,-0.5,0.));
#2489=DIRECTION('',(0.5,-0.866025403784439,0.));
#2490=DIRECTION('',(0.,0.,1.));
#2491=DIRECTION('',(1.,0.,0.));
#2492=DIRECTION('',(0.,0.,-1.));
#2493=DIRECTION('',(1.,-2.10269512239613E-16,0.));
#2494=DIRECTION('',(2.10269512239613E-16,1.,0.));
#2495=DIRECTION('',(-1.,-1.26490253456642E-16,0.));
#2496=DIRECTION('',(1.26490253456642E-16,-1.,0.));
#2497=DIRECTION('',(0.,0.,1.));
#2498=DIRECTION('',(0.,0.,1.));
#2499=DIRECTION('',(0.923076923076923,0.384615384615386,0.));
#2500=DIRECTION('',(-0.384615384615386,0.923076923076923,0.));
#2501=DIRECTION('',(0.,0.,1.));
#2502=DIRECTION('',(0.923076923076923,-0.384615384615384,0.));
#2503=DIRECTION('',(0.384615384615384,0.923076923076923,0.));
#2504=DIRECTION('',(0.,0.,1.));
#2505=DIRECTION('',(-1.,-1.0842021724855E-16,0.));
#2506=DIRECTION('',(1.0842021724855E-16,-1.,0.));
#2507=DIRECTION('',(0.,0.,1.));
#2508=DIRECTION('',(0.,-1.,0.));
#2509=DIRECTION('',(0.,0.,-1.));
#2510=DIRECTION('',(0.,0.,1.));
#2511=DIRECTION('',(1.,0.,0.));
#2512=DIRECTION('',(1.,0.,0.));
#2513=DIRECTION('',(0.,1.,0.));
#2514=DIRECTION('',(0.,1.,0.));
#2515=DIRECTION('',(1.,0.,0.));
#2516=DIRECTION('',(0.,0.,-1.));
#2517=DIRECTION('',(0.,0.,-1.));
#2518=DIRECTION('',(0.,1.,0.));
#2519=DIRECTION('',(0.,-0.924572854610673,0.381005297229673));
#2520=DIRECTION('',(0.,1.,0.));
#2521=DIRECTION('',(0.,0.,1.));
#2522=DIRECTION('',(0.,-1.,0.));
#2523=DIRECTION('',(0.,0.,-1.));
#2524=DIRECTION('',(1.,0.,0.));
#2525=DIRECTION('',(0.,0.,-1.));
#2526=DIRECTION('',(0.,1.,0.));
#2527=DIRECTION('',(0.,0.,-1.));
#2528=DIRECTION('',(0.,-0.924572854610673,0.381005297229673));
#2529=DIRECTION('',(0.,-1.,0.));
#2530=DIRECTION('',(1.,0.,0.));
#2531=DIRECTION('',(0.,-1.,0.));
#2532=DIRECTION('',(0.,0.,-1.));
#2533=DIRECTION('',(0.,-1.,0.));
#2534=DIRECTION('',(0.,0.,-1.));
#2535=DIRECTION('',(-1.,0.,0.));
#2536=DIRECTION('',(0.,0.,1.));
#2537=DIRECTION('',(1.,0.,0.));
#2538=DIRECTION('',(1.,0.,0.));
#2539=DIRECTION('',(0.,1.,0.));
#2540=DIRECTION('',(0.,1.,0.));
#2541=DIRECTION('',(0.,1.,0.));
#2542=DIRECTION('',(0.,0.,1.));
#2543=DIRECTION('',(0.,-1.,0.));
#2544=DIRECTION('',(0.,0.,-1.));
#2545=DIRECTION('',(1.,0.,0.));
#2546=DIRECTION('',(0.,0.,-1.));
#2547=DIRECTION('',(0.,1.,0.));
#2548=DIRECTION('',(0.,0.,-1.));
#2549=DIRECTION('',(0.,-0.924572854610673,0.381005297229673));
#2550=DIRECTION('',(0.,-1.,0.));
#2551=DIRECTION('',(1.,0.,0.));
#2552=DIRECTION('',(0.,-1.,0.));
#2553=DIRECTION('',(0.,0.,-1.));
#2554=DIRECTION('',(0.,-1.,0.));
#2555=DIRECTION('',(0.,0.,-1.));
#2556=DIRECTION('',(-1.,0.,0.));
#2557=DIRECTION('',(0.,0.381005297229673,0.924572854610673));
#2558=DIRECTION('',(0.,-0.924572854610673,0.381005297229673));
#2559=DIRECTION('',(0.,0.381005297229673,0.924572854610673));
#2560=DIRECTION('',(0.,-0.924572854610673,0.381005297229673));
#2561=DIRECTION('',(0.,1.,0.));
#2562=DIRECTION('',(0.,0.,1.));
#2563=DIRECTION('',(0.,-1.,0.));
#2564=DIRECTION('',(0.,0.,-1.));
#2565=DIRECTION('',(0.,1.,0.));
#2566=DIRECTION('',(0.,0.,1.));
#2567=DIRECTION('',(0.,-1.,0.));
#2568=DIRECTION('',(0.,0.,-1.));
#2569=DIRECTION('',(1.,0.,0.));
#2570=DIRECTION('',(0.,0.,-1.));
#2571=DIRECTION('',(0.,1.,0.));
#2572=DIRECTION('',(0.,1.,0.));
#2573=DIRECTION('',(1.,0.,0.));
#2574=DIRECTION('',(0.,0.,-1.));
#2575=DIRECTION('',(0.,1.,0.));
#2576=DIRECTION('',(0.,1.,0.));
#2577=DIRECTION('',(-1.,0.,0.));
#2578=DIRECTION('',(0.,0.,1.));
#2579=DIRECTION('',(-1.,0.,0.));
#2580=DIRECTION('',(0.,0.,1.));
#2581=DIRECTION('',(0.,0.,-1.));
#2582=DIRECTION('',(-1.,0.,0.));
#2583=DIRECTION('',(0.,0.,1.));
#2584=DIRECTION('',(1.,0.,0.));
#2585=DIRECTION('',(0.,0.,-1.));
#2586=DIRECTION('',(-1.,0.,0.));
#2587=DIRECTION('',(0.,0.,1.));
#2588=DIRECTION('',(1.,0.,0.));
#2589=DIRECTION('',(0.,0.,-1.));
#2590=DIRECTION('',(0.,0.,-1.));
#2591=DIRECTION('',(0.,0.,1.));
#2592=DIRECTION('',(1.,0.,0.));
#2593=DIRECTION('',(0.,1.,0.));
#2594=DIRECTION('',(0.,1.,0.));
#2595=DIRECTION('',(0.,0.,1.));
#2596=DIRECTION('',(1.,0.,0.));
#2597=DIRECTION('',(1.,0.,0.));
#2598=DIRECTION('',(0.,0.,-1.));
#2599=DIRECTION('',(0.,0.,-1.));
#2600=DIRECTION('',(0.,-1.,0.));
#2601=DIRECTION('',(0.,0.,-1.));
#2602=DIRECTION('',(1.,0.,0.));
#2603=DIRECTION('',(0.,0.,-1.));
#2604=DIRECTION('',(0.,0.,-1.));
#2605=DIRECTION('',(0.,-1.,0.));
#2606=DIRECTION('',(0.,0.,-1.));
#2607=DIRECTION('',(0.,0.,-1.));
#2608=DIRECTION('',(-1.,0.,0.));
#2609=DIRECTION('',(0.,0.,1.));
#2610=DIRECTION('',(1.,0.,0.));
#2611=DIRECTION('',(0.,0.,-1.));
#2612=DIRECTION('',(-1.,0.,0.));
#2613=DIRECTION('',(0.,0.,1.));
#2614=DIRECTION('',(1.,0.,0.));
#2615=DIRECTION('',(0.,0.,1.));
#2616=DIRECTION('',(1.,0.,0.));
#2617=DIRECTION('',(0.,1.,0.));
#2618=DIRECTION('',(0.,0.,1.));
#2619=DIRECTION('',(0.,-1.,0.));
#2620=DIRECTION('',(0.,0.,-1.));
#2621=DIRECTION('',(0.,-1.,0.));
#2622=DIRECTION('',(0.,0.,-1.));
#2623=DIRECTION('',(0.,1.,0.));
#2624=DIRECTION('',(0.,0.,1.));
#2625=DIRECTION('',(1.,0.,6.19544098563146E-17));
#2626=DIRECTION('',(6.19544098563146E-17,0.,-1.));
#2627=DIRECTION('',(1.,0.,6.19544098563146E-17));
#2628=DIRECTION('',(6.19544098563146E-17,0.,-1.));
#2629=DIRECTION('',(1.,0.,6.19544098563146E-17));
#2630=DIRECTION('',(6.19544098563146E-17,0.,-1.));
#2631=DIRECTION('',(1.,0.,6.19544098563146E-17));
#2632=DIRECTION('',(6.19544098563146E-17,0.,-1.));
#2633=DIRECTION('',(-1.,0.,-2.77555756156289E-16));
#2634=DIRECTION('',(-2.77555756156289E-16,0.,1.));
#2635=DIRECTION('',(0.,-1.,0.));
#2636=DIRECTION('',(0.,-1.,0.));
#2637=DIRECTION('',(0.,0.,1.));
#2638=DIRECTION('',(1.,0.,0.));
#2639=DIRECTION('',(0.,-1.,0.));
#2640=DIRECTION('',(-1.,0.,-5.55111512312578E-16));
#2641=DIRECTION('',(-5.55111512312578E-16,0.,1.));
#2642=DIRECTION('',(0.,-1.,0.));
#2643=DIRECTION('',(0.,0.,1.));
#2644=DIRECTION('',(1.,0.,0.));
#2645=DIRECTION('',(0.,-1.,0.));
#2646=DIRECTION('',(0.,0.,-1.));
#2647=DIRECTION('',(0.,-1.,0.));
#2648=DIRECTION('',(0.,0.,-1.));
#2649=DIRECTION('',(0.,-1.,0.));
#2650=DIRECTION('',(0.,0.,-1.));
#2651=DIRECTION('',(0.,-1.,0.));
#2652=DIRECTION('',(0.,0.,-1.));
#2653=DIRECTION('',(0.,0.,1.));
#2654=DIRECTION('',(1.,0.,0.));
#2655=CARTESIAN_POINT('',(0.,0.,0.));
#2656=CARTESIAN_POINT('',(0.,0.0135,0.0134));
#2657=CARTESIAN_POINT('',(0.,0.0135,0.));
#2658=CARTESIAN_POINT('',(-0.0115,0.0135,0.));
#2659=CARTESIAN_POINT('',(0.0135,0.0135,0.));
#2660=CARTESIAN_POINT('',(-0.0115,0.0135,0.));
#2661=CARTESIAN_POINT('',(-0.0115,0.0135,0.0134));
#2662=CARTESIAN_POINT('',(0.,0.0135,0.0134));
#2663=CARTESIAN_POINT('',(0.0135,0.0135,0.0134));
#2664=CARTESIAN_POINT('',(0.0135,0.0135,0.0134));
#2665=CARTESIAN_POINT('',(0.,-0.0135,0.0134));
#2666=CARTESIAN_POINT('',(-0.0115,-0.0135,0.));
#2667=CARTESIAN_POINT('',(-0.0115,-0.0135,0.));
#2668=CARTESIAN_POINT('',(-0.0115,-0.0135,0.0134));
#2669=CARTESIAN_POINT('',(0.,-0.0135,0.));
#2670=CARTESIAN_POINT('',(0.0135,-0.0135,0.));
#2671=CARTESIAN_POINT('',(0.0135,-0.0135,0.0134));
#2672=CARTESIAN_POINT('',(0.0135,-0.0135,0.0134));
#2673=CARTESIAN_POINT('',(0.,-0.0135,0.0134));
#2674=CARTESIAN_POINT('',(0.,-3.46944695195361E-18,0.));
#2675=CARTESIAN_POINT('',(-0.0115,0.0125,0.));
#2676=CARTESIAN_POINT('',(0.0135,0.,0.));
#2677=CARTESIAN_POINT('',(-1.7347234759768E-18,0.0115,0.0134));
#2678=CARTESIAN_POINT('',(-0.0115,0.0115,0.0134));
#2679=CARTESIAN_POINT('',(-0.0115,0.0115,0.0134));
#2680=CARTESIAN_POINT('',(-0.0115,0.0115,0.001));
#2681=CARTESIAN_POINT('',(-1.7347234759768E-18,0.0115,0.001));
#2682=CARTESIAN_POINT('',(0.0115,0.0115,0.001));
#2683=CARTESIAN_POINT('',(0.0115,0.0115,0.0134));
#2684=CARTESIAN_POINT('',(0.0115,0.0115,0.0032769909508134));
#2685=CARTESIAN_POINT('',(0.0115,0.0115,0.0134));
#2686=CARTESIAN_POINT('',(0.0115,0.0115,0.0111230090491866));
#2687=CARTESIAN_POINT('',(0.0115,0.0115,0.0134));
#2688=CARTESIAN_POINT('',(0.0115,0.0115,0.0134));
#2689=CARTESIAN_POINT('',(-1.7347234759768E-18,0.0115,0.0134));
#2690=CARTESIAN_POINT('',(0.,-0.0115,0.0134));
#2691=CARTESIAN_POINT('',(0.,-0.0115,0.001));
#2692=CARTESIAN_POINT('',(-0.0115,-0.0115,0.001));
#2693=CARTESIAN_POINT('',(0.0115,-0.0115,0.001));
#2694=CARTESIAN_POINT('',(-0.0115,-0.0115,0.0134));
#2695=CARTESIAN_POINT('',(-0.0115,-0.0115,0.0134));
#2696=CARTESIAN_POINT('',(0.,-0.0115,0.0134));
#2697=CARTESIAN_POINT('',(0.0115,-0.0115,0.0134));
#2698=CARTESIAN_POINT('',(0.0115,-0.0115,0.0134));
#2699=CARTESIAN_POINT('',(0.0115,-1.7347234759768E-18,0.0134));
#2700=CARTESIAN_POINT('',(0.0115,0.0084,0.0072));
#2701=CARTESIAN_POINT('',(0.0115,-1.7347234759768E-18,0.001));
#2702=CARTESIAN_POINT('',(0.0115,-1.7347234759768E-18,0.0134));
#2703=CARTESIAN_POINT('',(0.0135,0.,0.0134));
#2704=CARTESIAN_POINT('',(0.0135,0.0084,0.0072));
#2705=CARTESIAN_POINT('',(0.0135,0.0134,0.0072));
#2706=CARTESIAN_POINT('',(0.0135,0.,0.0134));
#2707=CARTESIAN_POINT('',(0.,-3.46944695195361E-18,0.0134));
#2708=CARTESIAN_POINT('',(-0.0115,0.0125,0.0134));
#2709=CARTESIAN_POINT('',(-0.0115,0.0125,0.0134));
#2710=CARTESIAN_POINT('',(0.,-3.46944695195361E-18,0.001));
#2711=CARTESIAN_POINT('',(-0.0115,-1.7347234759768E-18,0.001));
#2712=CARTESIAN_POINT('',(-0.0115,0.0125,0.));
#2713=CARTESIAN_POINT('',(0.0115,-2.73058324922275E-18,0.0067));
#2714=CARTESIAN_POINT('',(0.0115,0.0084,0.0072));
#2715=CARTESIAN_POINT('',(0.0115,0.0084,0.0072));
#2716=CARTESIAN_POINT('',(-0.01438386,0.00204649090909091,0.0255));
#2717=CARTESIAN_POINT('',(0.,0.015,0.07));
#2718=CARTESIAN_POINT('',(-0.0615,0.015,0.0035));
#2719=CARTESIAN_POINT('',(-0.0615,0.015,0.0052));
#2720=CARTESIAN_POINT('',(0.0615,0.015,0.0035));
#2721=CARTESIAN_POINT('',(0.0615,0.015,0.0052));
#2722=CARTESIAN_POINT('',(0.0615,0.015,0.0665));
#2723=CARTESIAN_POINT('',(0.0615,0.015,0.0682));
#2724=CARTESIAN_POINT('',(-0.0615,0.015,0.0665));
#2725=CARTESIAN_POINT('',(-0.0615,0.015,0.0682));
#2726=CARTESIAN_POINT('',(0.0485,0.015,0.0446));
#2727=CARTESIAN_POINT('',(0.0485,0.015,0.0463));
#2728=CARTESIAN_POINT('',(0.0135,0.015,0.0446));
#2729=CARTESIAN_POINT('',(0.0135,0.015,0.0463));
#2730=CARTESIAN_POINT('',(0.,0.015,0.));
#2731=CARTESIAN_POINT('',(-0.065,0.015,0.));
#2732=CARTESIAN_POINT('',(0.065,0.015,0.));
#2733=CARTESIAN_POINT('',(-0.065,0.015,0.07));
#2734=CARTESIAN_POINT('',(-0.065,0.015,0.07));
#2735=CARTESIAN_POINT('',(0.,0.015,0.07));
#2736=CARTESIAN_POINT('',(0.065,0.015,0.07));
#2737=CARTESIAN_POINT('',(0.065,0.015,0.07));
#2738=CARTESIAN_POINT('',(0.039,0.015,0.07));
#2739=CARTESIAN_POINT('',(0.039,0.015,0.008));
#2740=CARTESIAN_POINT('',(0.039,0.015,0.01));
#2741=CARTESIAN_POINT('',(0.,0.015,0.01));
#2742=CARTESIAN_POINT('',(-0.039,0.015,0.01));
#2743=CARTESIAN_POINT('',(-0.039,0.015,0.07));
#2744=CARTESIAN_POINT('',(-0.039,0.015,0.008));
#2745=CARTESIAN_POINT('',(0.,0.015,0.008));
#2746=CARTESIAN_POINT('',(0.,0.015,0.035));
#2747=CARTESIAN_POINT('',(-0.051,0.015,0.035));
#2748=CARTESIAN_POINT('',(-0.011,0.015,0.035));
#2749=CARTESIAN_POINT('',(-0.011,0.015,0.07));
#2750=CARTESIAN_POINT('',(-0.011,0.015,0.06));
#2751=CARTESIAN_POINT('',(0.,0.015,0.06));
#2752=CARTESIAN_POINT('',(-0.051,0.015,0.06));
#2753=CARTESIAN_POINT('',(-0.051,0.015,0.07));
#2754=CARTESIAN_POINT('',(0.,0.013,0.035));
#2755=CARTESIAN_POINT('',(0.0259,0.013,0.006));
#2756=CARTESIAN_POINT('',(0.0259,0.013,0.006));
#2757=CARTESIAN_POINT('',(0.0259,0.013,0.002));
#2758=CARTESIAN_POINT('',(0.,0.013,0.006));
#2759=CARTESIAN_POINT('',(-0.04,0.013,0.006));
#2760=CARTESIAN_POINT('',(-0.04,0.013,0.008));
#2761=CARTESIAN_POINT('',(-0.042,0.013,0.008));
#2762=CARTESIAN_POINT('',(-0.042,0.013,0.009));
#2763=CARTESIAN_POINT('',(-0.042,0.013,0.01));
#2764=CARTESIAN_POINT('',(-0.04,0.013,0.01));
#2765=CARTESIAN_POINT('',(-0.04,0.013,0.012));
#2766=CARTESIAN_POINT('',(0.,0.013,0.012));
#2767=CARTESIAN_POINT('',(0.04,0.013,0.012));
#2768=CARTESIAN_POINT('',(0.04,0.013,0.01));
#2769=CARTESIAN_POINT('',(0.042,0.013,0.01));
#2770=CARTESIAN_POINT('',(0.042,0.013,0.009));
#2771=CARTESIAN_POINT('',(0.042,0.013,0.008));
#2772=CARTESIAN_POINT('',(0.04,0.013,0.008));
#2773=CARTESIAN_POINT('',(0.04,0.013,0.006));
#2774=CARTESIAN_POINT('',(0.,0.013,0.006));
#2775=CARTESIAN_POINT('',(0.0361,0.013,0.006));
#2776=CARTESIAN_POINT('',(0.0361,0.013,0.006));
#2777=CARTESIAN_POINT('',(0.0361,0.013,0.002));
#2778=CARTESIAN_POINT('',(0.,0.013,0.002));
#2779=CARTESIAN_POINT('',(0.058,0.013,0.002));
#2780=CARTESIAN_POINT('',(0.058,0.013,0.0045));
#2781=CARTESIAN_POINT('',(0.058,0.013,0.007));
#2782=CARTESIAN_POINT('',(0.0605,0.013,0.007));
#2783=CARTESIAN_POINT('',(0.063,0.013,0.007));
#2784=CARTESIAN_POINT('',(0.063,0.013,0.035));
#2785=CARTESIAN_POINT('',(0.063,0.013,0.063));
#2786=CARTESIAN_POINT('',(0.0605,0.013,0.063));
#2787=CARTESIAN_POINT('',(0.058,0.013,0.063));
#2788=CARTESIAN_POINT('',(0.058,0.013,0.0655));
#2789=CARTESIAN_POINT('',(0.058,0.013,0.068));
#2790=CARTESIAN_POINT('',(0.,0.013,0.068));
#2791=CARTESIAN_POINT('',(-0.058,0.013,0.068));
#2792=CARTESIAN_POINT('',(-0.058,0.013,0.0655));
#2793=CARTESIAN_POINT('',(-0.058,0.013,0.063));
#2794=CARTESIAN_POINT('',(-0.0605,0.013,0.063));
#2795=CARTESIAN_POINT('',(-0.063,0.013,0.063));
#2796=CARTESIAN_POINT('',(-0.063,0.013,0.035));
#2797=CARTESIAN_POINT('',(-0.063,0.013,0.007));
#2798=CARTESIAN_POINT('',(-0.0605,0.013,0.007));
#2799=CARTESIAN_POINT('',(-0.058,0.013,0.007));
#2800=CARTESIAN_POINT('',(-0.058,0.013,0.0045));
#2801=CARTESIAN_POINT('',(-0.058,0.013,0.002));
#2802=CARTESIAN_POINT('',(0.,0.013,0.002));
#2803=CARTESIAN_POINT('',(0.0485,0.013,0.0481));
#2804=CARTESIAN_POINT('',(0.047,0.013,0.0481));
#2805=CARTESIAN_POINT('',(0.05,0.013,0.0481));
#2806=CARTESIAN_POINT('',(0.05,0.013,0.0461));
#2807=CARTESIAN_POINT('',(0.052,0.013,0.0461));
#2808=CARTESIAN_POINT('',(0.052,0.013,0.0406));
#2809=CARTESIAN_POINT('',(0.052,0.013,0.0331));
#2810=CARTESIAN_POINT('',(0.0485,0.013,0.0331));
#2811=CARTESIAN_POINT('',(0.045,0.013,0.0331));
#2812=CARTESIAN_POINT('',(0.045,0.013,0.0406));
#2813=CARTESIAN_POINT('',(0.045,0.013,0.0461));
#2814=CARTESIAN_POINT('',(0.047,0.013,0.0461));
#2815=CARTESIAN_POINT('',(0.0135,0.013,0.0481));
#2816=CARTESIAN_POINT('',(0.012,0.013,0.0481));
#2817=CARTESIAN_POINT('',(0.015,0.013,0.0481));
#2818=CARTESIAN_POINT('',(0.015,0.013,0.0461));
#2819=CARTESIAN_POINT('',(0.017,0.013,0.0461));
#2820=CARTESIAN_POINT('',(0.017,0.013,0.0406));
#2821=CARTESIAN_POINT('',(0.017,0.013,0.0331));
#2822=CARTESIAN_POINT('',(0.0135,0.013,0.0331));
#2823=CARTESIAN_POINT('',(0.01,0.013,0.0331));
#2824=CARTESIAN_POINT('',(0.01,0.013,0.0406));
#2825=CARTESIAN_POINT('',(0.01,0.013,0.0461));
#2826=CARTESIAN_POINT('',(0.012,0.013,0.0461));
#2827=CARTESIAN_POINT('',(-0.031,0.013,0.06));
#2828=CARTESIAN_POINT('',(-0.011,0.013,0.06));
#2829=CARTESIAN_POINT('',(-0.051,0.013,0.06));
#2830=CARTESIAN_POINT('',(-0.011,0.013,0.0475));
#2831=CARTESIAN_POINT('',(-0.011,0.013,0.035));
#2832=CARTESIAN_POINT('',(-0.031,0.013,0.035));
#2833=CARTESIAN_POINT('',(-0.051,0.013,0.035));
#2834=CARTESIAN_POINT('',(-0.051,0.013,0.0475));
#2835=CARTESIAN_POINT('',(0.,0.013,0.002));
#2836=CARTESIAN_POINT('',(0.,0.013,0.002));
#2837=CARTESIAN_POINT('',(0.0341,0.013,0.002));
#2838=CARTESIAN_POINT('',(0.0279,0.013,0.002));
#2839=CARTESIAN_POINT('',(0.0279,-0.005,0.002));
#2840=CARTESIAN_POINT('',(0.0279,-0.023,0.002));
#2841=CARTESIAN_POINT('',(0.,-0.023,0.002));
#2842=CARTESIAN_POINT('',(0.0341,-0.023,0.002));
#2843=CARTESIAN_POINT('',(0.0341,-0.005,0.002));
#2844=CARTESIAN_POINT('',(0.,0.013,0.002));
#2845=CARTESIAN_POINT('',(0.0361,-0.005,0.002));
#2846=CARTESIAN_POINT('',(0.0361,-0.023,0.002));
#2847=CARTESIAN_POINT('',(0.,-0.023,0.002));
#2848=CARTESIAN_POINT('',(0.058,-0.023,0.002));
#2849=CARTESIAN_POINT('',(0.058,-0.015,0.002));
#2850=CARTESIAN_POINT('',(0.,0.013,0.035));
#2851=CARTESIAN_POINT('',(0.,0.013,0.006));
#2852=CARTESIAN_POINT('',(0.0279,0.013,0.006));
#2853=CARTESIAN_POINT('',(0.0341,0.013,0.006));
#2854=CARTESIAN_POINT('',(0.0279,0.013,0.006));
#2855=CARTESIAN_POINT('',(0.0341,0.013,0.006));
#2856=CARTESIAN_POINT('',(0.,-0.015,0.006));
#2857=CARTESIAN_POINT('',(0.031,-0.0160909090909091,0.006));
#2858=CARTESIAN_POINT('',(0.0331,-0.0160909090909091,0.006));
#2859=CARTESIAN_POINT('',(0.0279,-0.005,0.006));
#2860=CARTESIAN_POINT('',(0.0279,-0.023,0.006));
#2861=CARTESIAN_POINT('',(0.0341,-0.005,0.006));
#2862=CARTESIAN_POINT('',(0.0341,-0.023,0.006));
#2863=CARTESIAN_POINT('',(0.,-0.023,0.006));
#2864=CARTESIAN_POINT('',(0.,-0.015,0.006));
#2865=CARTESIAN_POINT('',(0.0361,-0.005,0.006));
#2866=CARTESIAN_POINT('',(0.0361,-0.023,0.006));
#2867=CARTESIAN_POINT('',(0.04,-0.023,0.006));
#2868=CARTESIAN_POINT('',(0.04,-0.023,0.006));
#2869=CARTESIAN_POINT('',(0.,-0.023,0.006));
#2870=CARTESIAN_POINT('',(0.,-0.015,0.012));
#2871=CARTESIAN_POINT('',(0.031,-0.0160909090909091,0.012));
#2872=CARTESIAN_POINT('',(0.0331,-0.0160909090909091,0.012));
#2873=CARTESIAN_POINT('',(0.031,-0.0160909090909091,0.012));
#2874=CARTESIAN_POINT('',(0.0335,-0.0160909090909091,0.012));
#2875=CARTESIAN_POINT('',(0.01,-0.0052,0.0406));
#2876=CARTESIAN_POINT('',(0.01,-0.0052,0.0406));
#2877=CARTESIAN_POINT('',(0.01,-0.0052,0.0461));
#2878=CARTESIAN_POINT('',(0.01,-0.0052,0.0406));
#2879=CARTESIAN_POINT('',(0.01,0.013,0.0461));
#2880=CARTESIAN_POINT('',(0.01,0.0039,0.03685));
#2881=CARTESIAN_POINT('',(0.,0.038,0.01));
#2882=CARTESIAN_POINT('',(0.007,-0.002,0.01));
#2883=CARTESIAN_POINT('',(0.007,0.005,0.01));
#2884=CARTESIAN_POINT('',(0.007,-0.014,0.01));
#2885=CARTESIAN_POINT('',(0.0045,0.005,0.01));
#2886=CARTESIAN_POINT('',(0.002,0.005,0.01));
#2887=CARTESIAN_POINT('',(0.002,-0.002,0.01));
#2888=CARTESIAN_POINT('',(0.002,-0.014,0.01));
#2889=CARTESIAN_POINT('',(0.00325,-0.017,0.01));
#2890=CARTESIAN_POINT('',(0.0045,-0.02,0.01));
#2891=CARTESIAN_POINT('',(0.00575,-0.017,0.01));
#2892=CARTESIAN_POINT('',(-0.031,-0.0160909090909091,0.01));
#2893=CARTESIAN_POINT('',(-0.034,-0.0160909090909091,0.01));
#2894=CARTESIAN_POINT('',(0.031,-0.0160909090909091,0.01));
#2895=CARTESIAN_POINT('',(0.0289,-0.0160909090909091,0.01));
#2896=CARTESIAN_POINT('',(-0.031,0.007,0.01));
#2897=CARTESIAN_POINT('',(-0.034,0.007,0.01));
#2898=CARTESIAN_POINT('',(0.039,0.038,0.01));
#2899=CARTESIAN_POINT('',(0.039,-0.023,0.01));
#2900=CARTESIAN_POINT('',(0.,-0.023,0.01));
#2901=CARTESIAN_POINT('',(-0.039,-0.023,0.01));
#2902=CARTESIAN_POINT('',(-0.039,0.038,0.01));
#2903=CARTESIAN_POINT('',(0.,-0.015,0.012));
#2904=CARTESIAN_POINT('',(0.031,-0.0160909090909091,0.012));
#2905=CARTESIAN_POINT('',(0.031,-0.0210909090909091,0.012));
#2906=CARTESIAN_POINT('',(0.031,-0.0110909090909091,0.012));
#2907=CARTESIAN_POINT('',(0.031,-0.0208409090909091,0.012));
#2908=CARTESIAN_POINT('',(0.031,-0.0220909090909091,0.012));
#2909=CARTESIAN_POINT('',(0.031,-0.0160909090909091,0.012));
#2910=CARTESIAN_POINT('',(0.031,-0.0100909090909091,0.012));
#2911=CARTESIAN_POINT('',(0.031,-0.0113409090909091,0.012));
#2912=CARTESIAN_POINT('',(0.002,-0.002,0.012));
#2913=CARTESIAN_POINT('',(0.002,0.005,0.012));
#2914=CARTESIAN_POINT('',(0.002,-0.014,0.012));
#2915=CARTESIAN_POINT('',(0.0045,0.005,0.012));
#2916=CARTESIAN_POINT('',(0.007,0.005,0.012));
#2917=CARTESIAN_POINT('',(0.007,-0.002,0.012));
#2918=CARTESIAN_POINT('',(0.007,-0.014,0.012));
#2919=CARTESIAN_POINT('',(0.00575,-0.017,0.012));
#2920=CARTESIAN_POINT('',(0.0045,-0.02,0.012));
#2921=CARTESIAN_POINT('',(0.00325,-0.017,0.012));
#2922=CARTESIAN_POINT('',(-0.031,-0.0160909090909091,0.012));
#2923=CARTESIAN_POINT('',(-0.028,-0.0160909090909091,0.012));
#2924=CARTESIAN_POINT('',(-0.031,0.007,0.012));
#2925=CARTESIAN_POINT('',(-0.034,0.007,0.012));
#2926=CARTESIAN_POINT('',(-0.04,-0.023,0.012));
#2927=CARTESIAN_POINT('',(-0.04,-0.023,0.012));
#2928=CARTESIAN_POINT('',(0.,-0.023,0.012));
#2929=CARTESIAN_POINT('',(0.04,-0.023,0.012));
#2930=CARTESIAN_POINT('',(0.04,-0.015,0.012));
#2931=CARTESIAN_POINT('',(-0.0305,0.01,0.002));
#2932=CARTESIAN_POINT('',(-0.0305,0.01,0.002));
#2933=CARTESIAN_POINT('',(-0.035,0.01,0.002));
#2934=CARTESIAN_POINT('',(-0.026,0.01,0.002));
#2935=CARTESIAN_POINT('',(-0.035,0.01,0.002));
#2936=CARTESIAN_POINT('',(-0.035,0.01,0.));
#2937=CARTESIAN_POINT('',(-0.0305,0.01,0.));
#2938=CARTESIAN_POINT('',(-0.026,0.01,0.));
#2939=CARTESIAN_POINT('',(-0.026,0.01,0.002));
#2940=CARTESIAN_POINT('',(-0.02125,-0.00602146997001212,0.002));
#2941=CARTESIAN_POINT('',(-0.026,-0.0142487113059643,0.002));
#2942=CARTESIAN_POINT('',(-0.026,-0.0142487113059643,0.));
#2943=CARTESIAN_POINT('',(-0.026,-0.0142487113059643,0.002));
#2944=CARTESIAN_POINT('',(-0.02125,-0.00602146997001212,0.));
#2945=CARTESIAN_POINT('',(-0.0305,-0.0220429399400243,0.));
#2946=CARTESIAN_POINT('',(-0.0305,-0.0220429399400243,0.002));
#2947=CARTESIAN_POINT('',(-0.0305,-0.0220429399400243,0.002));
#2948=CARTESIAN_POINT('',(-0.02125,-0.00602146997001212,0.002));
#2949=CARTESIAN_POINT('',(0.,0.013,0.002));
#2950=CARTESIAN_POINT('',(0.0259,-0.005,0.002));
#2951=CARTESIAN_POINT('',(0.0259,-0.023,0.002));
#2952=CARTESIAN_POINT('',(-0.058,-0.015,0.002));
#2953=CARTESIAN_POINT('',(-0.058,-0.023,0.002));
#2954=CARTESIAN_POINT('',(0.,-0.023,0.002));
#2955=CARTESIAN_POINT('',(-0.035,-0.0065,0.002));
#2956=CARTESIAN_POINT('',(-0.035,-0.0142487113059643,0.002));
#2957=CARTESIAN_POINT('',(-0.026,-0.0065,0.002));
#2958=CARTESIAN_POINT('',(-0.03975,-0.00602146997001213,0.002));
#2959=CARTESIAN_POINT('',(0.,-3.46944695195361E-18,0.));
#2960=CARTESIAN_POINT('',(-0.035,-0.0065,0.));
#2961=CARTESIAN_POINT('',(-0.035,-0.0142487113059643,0.));
#2962=CARTESIAN_POINT('',(-0.03975,-0.00602146997001213,0.));
#2963=CARTESIAN_POINT('',(-0.026,-0.0065,0.));
#2964=CARTESIAN_POINT('',(0.065,-4.33680868994202E-18,0.));
#2965=CARTESIAN_POINT('',(0.065,-0.023,0.));
#2966=CARTESIAN_POINT('',(0.,-0.023,0.));
#2967=CARTESIAN_POINT('',(-0.065,-0.023,0.));
#2968=CARTESIAN_POINT('',(-0.065,-4.33680868994202E-18,0.));
#2969=CARTESIAN_POINT('',(0.,0.038,0.008));
#2970=CARTESIAN_POINT('',(-0.031,-0.0160909090909091,0.008));
#2971=CARTESIAN_POINT('',(-0.034,-0.0160909090909091,0.008));
#2972=CARTESIAN_POINT('',(0.031,-0.0160909090909091,0.008));
#2973=CARTESIAN_POINT('',(0.0289,-0.0160909090909091,0.008));
#2974=CARTESIAN_POINT('',(-0.031,0.007,0.008));
#2975=CARTESIAN_POINT('',(-0.034,0.007,0.008));
#2976=CARTESIAN_POINT('',(0.,-0.023,0.008));
#2977=CARTESIAN_POINT('',(-0.039,-0.023,0.008));
#2978=CARTESIAN_POINT('',(0.039,-0.023,0.008));
#2979=CARTESIAN_POINT('',(0.039,0.038,0.008));
#2980=CARTESIAN_POINT('',(-0.039,0.038,0.008));
#2981=CARTESIAN_POINT('',(0.063,0.013,0.035));
#2982=CARTESIAN_POINT('',(0.063,-0.015,0.007));
#2983=CARTESIAN_POINT('',(0.063,-0.023,0.007));
#2984=CARTESIAN_POINT('',(0.063,-0.023,0.035));
#2985=CARTESIAN_POINT('',(0.063,-0.023,0.063));
#2986=CARTESIAN_POINT('',(0.063,-0.015,0.063));
#2987=CARTESIAN_POINT('',(0.,0.013,0.068));
#2988=CARTESIAN_POINT('',(0.058,-0.015,0.068));
#2989=CARTESIAN_POINT('',(0.058,-0.023,0.068));
#2990=CARTESIAN_POINT('',(0.,-0.023,0.068));
#2991=CARTESIAN_POINT('',(-0.058,-0.023,0.068));
#2992=CARTESIAN_POINT('',(-0.058,-0.015,0.068));
#2993=CARTESIAN_POINT('',(-0.063,0.013,0.035));
#2994=CARTESIAN_POINT('',(-0.063,-0.015,0.063));
#2995=CARTESIAN_POINT('',(-0.063,-0.023,0.063));
#2996=CARTESIAN_POINT('',(-0.063,-0.023,0.035));
#2997=CARTESIAN_POINT('',(-0.063,-0.023,0.007));
#2998=CARTESIAN_POINT('',(-0.063,-0.015,0.007));
#2999=CARTESIAN_POINT('',(-0.065,-4.33680868994202E-18,0.07));
#3000=CARTESIAN_POINT('',(-0.065,-0.023,0.07));
#3001=CARTESIAN_POINT('',(-0.065,-0.023,0.07));
#3002=CARTESIAN_POINT('',(-0.065,-4.33680868994202E-18,0.07));
#3003=CARTESIAN_POINT('',(0.065,-4.33680868994202E-18,0.07));
#3004=CARTESIAN_POINT('',(0.065,-4.33680868994202E-18,0.07));
#3005=CARTESIAN_POINT('',(0.065,-0.023,0.07));
#3006=CARTESIAN_POINT('',(0.065,-0.023,0.07));
#3007=CARTESIAN_POINT('',(0.,-3.46944695195361E-18,0.07));
#3008=CARTESIAN_POINT('',(0.,-0.023,0.07));
#3009=CARTESIAN_POINT('',(-0.0605,-0.015,0.063));
#3010=CARTESIAN_POINT('',(-0.058,-0.015,0.063));
#3011=CARTESIAN_POINT('',(-0.058,-0.023,0.063));
#3012=CARTESIAN_POINT('',(-0.0605,-0.023,0.063));
#3013=CARTESIAN_POINT('',(-0.058,-0.015,0.0655));
#3014=CARTESIAN_POINT('',(-0.058,-0.023,0.0655));
#3015=CARTESIAN_POINT('',(0.0605,-0.015,0.063));
#3016=CARTESIAN_POINT('',(0.0605,-0.023,0.063));
#3017=CARTESIAN_POINT('',(0.058,-0.023,0.063));
#3018=CARTESIAN_POINT('',(0.058,-0.015,0.063));
#3019=CARTESIAN_POINT('',(0.058,-0.015,0.0655));
#3020=CARTESIAN_POINT('',(0.058,-0.023,0.0655));
#3021=CARTESIAN_POINT('',(0.0605,-0.015,0.007));
#3022=CARTESIAN_POINT('',(0.058,-0.015,0.007));
#3023=CARTESIAN_POINT('',(0.058,-0.023,0.007));
#3024=CARTESIAN_POINT('',(0.0605,-0.023,0.007));
#3025=CARTESIAN_POINT('',(0.058,-0.015,0.0045));
#3026=CARTESIAN_POINT('',(0.058,-0.023,0.0045));
#3027=CARTESIAN_POINT('',(-0.0605,-0.015,0.007));
#3028=CARTESIAN_POINT('',(-0.0605,-0.023,0.007));
#3029=CARTESIAN_POINT('',(-0.058,-0.023,0.007));
#3030=CARTESIAN_POINT('',(-0.058,-0.015,0.007));
#3031=CARTESIAN_POINT('',(-0.058,-0.015,0.0045));
#3032=CARTESIAN_POINT('',(-0.058,-0.023,0.0045));
#3033=CARTESIAN_POINT('',(0.,-0.015,0.006));
#3034=CARTESIAN_POINT('',(-0.031,-0.0160909090909091,0.006));
#3035=CARTESIAN_POINT('',(-0.028,-0.0160909090909091,0.006));
#3036=CARTESIAN_POINT('',(-0.031,0.007,0.006));
#3037=CARTESIAN_POINT('',(-0.034,0.007,0.006));
#3038=CARTESIAN_POINT('',(0.0259,-0.005,0.006));
#3039=CARTESIAN_POINT('',(0.0259,-0.023,0.006));
#3040=CARTESIAN_POINT('',(0.,-0.023,0.006));
#3041=CARTESIAN_POINT('',(-0.04,-0.023,0.006));
#3042=CARTESIAN_POINT('',(-0.04,-0.015,0.006));
#3043=CARTESIAN_POINT('',(-0.031,0.007,0.012));
#3044=CARTESIAN_POINT('',(-0.031,0.007,0.006));
#3045=CARTESIAN_POINT('',(0.,-0.023,0.07));
#3046=CARTESIAN_POINT('',(-0.0615,-0.023,0.0035));
#3047=CARTESIAN_POINT('',(-0.0615,-0.023,0.0018));
#3048=CARTESIAN_POINT('',(0.0615,-0.023,0.0035));
#3049=CARTESIAN_POINT('',(0.0615,-0.023,0.0018));
#3050=CARTESIAN_POINT('',(0.0615,-0.023,0.0665));
#3051=CARTESIAN_POINT('',(0.0615,-0.023,0.0648));
#3052=CARTESIAN_POINT('',(-0.0615,-0.023,0.0665));
#3053=CARTESIAN_POINT('',(-0.0615,-0.023,0.0648));
#3054=CARTESIAN_POINT('',(0.0259,-0.023,0.006));
#3055=CARTESIAN_POINT('',(0.0361,-0.023,0.006));
#3056=CARTESIAN_POINT('',(0.04,-0.023,0.008));
#3057=CARTESIAN_POINT('',(0.042,-0.023,0.008));
#3058=CARTESIAN_POINT('',(0.042,-0.023,0.009));
#3059=CARTESIAN_POINT('',(0.042,-0.023,0.01));
#3060=CARTESIAN_POINT('',(0.04,-0.023,0.01));
#3061=CARTESIAN_POINT('',(-0.04,-0.023,0.01));
#3062=CARTESIAN_POINT('',(-0.042,-0.023,0.01));
#3063=CARTESIAN_POINT('',(-0.042,-0.023,0.009));
#3064=CARTESIAN_POINT('',(-0.042,-0.023,0.008));
#3065=CARTESIAN_POINT('',(-0.04,-0.023,0.008));
#3066=CARTESIAN_POINT('',(0.0279,-0.023,0.006));
#3067=CARTESIAN_POINT('',(0.0341,-0.023,0.006));
#3068=CARTESIAN_POINT('',(0.039,-0.023,0.009));
#3069=CARTESIAN_POINT('',(-0.039,-0.023,0.009));
#3070=CARTESIAN_POINT('',(0.031,-0.0160909090909091,0.006));
#3071=CARTESIAN_POINT('',(-0.031,-0.0160909090909091,0.006));
#3072=CARTESIAN_POINT('',(0.031,-0.0160909090909091,0.006));
#3073=CARTESIAN_POINT('',(-0.031,-0.0160909090909091,0.006));
#3074=CARTESIAN_POINT('',(-0.03975,-0.00602146997001213,0.002));
#3075=CARTESIAN_POINT('',(-0.035,-0.0142487113059643,0.002));
#3076=CARTESIAN_POINT('',(-0.035,-0.0065,0.002));
#3077=CARTESIAN_POINT('',(-0.026,-0.0065,0.002));
#3078=CARTESIAN_POINT('',(0.002,-0.002,0.01));
#3079=CARTESIAN_POINT('',(0.002,0.005,0.01));
#3080=CARTESIAN_POINT('',(0.002,-0.014,0.01));
#3081=CARTESIAN_POINT('',(0.00325,-0.017,0.01));
#3082=CARTESIAN_POINT('',(0.0045,-0.02,0.01));
#3083=CARTESIAN_POINT('',(0.00575,-0.017,0.01));
#3084=CARTESIAN_POINT('',(0.007,-0.014,0.01));
#3085=CARTESIAN_POINT('',(0.007,-0.002,0.01));
#3086=CARTESIAN_POINT('',(0.007,0.005,0.01));
#3087=CARTESIAN_POINT('',(0.0045,0.005,0.01));
#3088=CARTESIAN_POINT('',(0.0485,-0.0052,0.0481));
#3089=CARTESIAN_POINT('',(0.0485,-0.0052,0.0481));
#3090=CARTESIAN_POINT('',(0.047,-0.0052,0.0481));
#3091=CARTESIAN_POINT('',(0.05,-0.0052,0.0481));
#3092=CARTESIAN_POINT('',(0.05,-0.0052,0.0481));
#3093=CARTESIAN_POINT('',(0.047,-0.0052,0.0481));
#3094=CARTESIAN_POINT('',(0.045,-0.0052,0.0406));
#3095=CARTESIAN_POINT('',(0.045,-0.0052,0.0406));
#3096=CARTESIAN_POINT('',(0.045,-0.0052,0.0461));
#3097=CARTESIAN_POINT('',(0.045,-0.0052,0.0406));
#3098=CARTESIAN_POINT('',(0.045,0.013,0.0461));
#3099=CARTESIAN_POINT('',(0.045,-0.0052,0.0406));
#3100=CARTESIAN_POINT('',(0.0485,-0.0052,0.0446));
#3101=CARTESIAN_POINT('',(0.0485,-0.0052,0.0446));
#3102=CARTESIAN_POINT('',(0.0485,-0.0052,0.0429));
#3103=CARTESIAN_POINT('',(0.052,-0.0052,0.0406));
#3104=CARTESIAN_POINT('',(0.052,-0.0052,0.0461));
#3105=CARTESIAN_POINT('',(0.052,-0.0052,0.0461));
#3106=CARTESIAN_POINT('',(0.052,-0.0052,0.0406));
#3107=CARTESIAN_POINT('',(0.052,-0.0052,0.0406));
#3108=CARTESIAN_POINT('',(0.052,-0.0052,0.0406));
#3109=CARTESIAN_POINT('',(0.,-0.0052,0.035));
#3110=CARTESIAN_POINT('',(0.05,-0.0052,0.0461));
#3111=CARTESIAN_POINT('',(0.047,-0.0052,0.0461));
#3112=CARTESIAN_POINT('',(0.0535,-0.0052,0.0406));
#3113=CARTESIAN_POINT('',(0.0135,-0.0052,0.0481));
#3114=CARTESIAN_POINT('',(0.0135,-0.0052,0.0481));
#3115=CARTESIAN_POINT('',(0.012,-0.0052,0.0481));
#3116=CARTESIAN_POINT('',(0.015,-0.0052,0.0481));
#3117=CARTESIAN_POINT('',(0.015,-0.0052,0.0481));
#3118=CARTESIAN_POINT('',(0.012,-0.0052,0.0481));
#3119=CARTESIAN_POINT('',(0.0135,-0.0052,0.0446));
#3120=CARTESIAN_POINT('',(0.0135,-0.0052,0.0446));
#3121=CARTESIAN_POINT('',(0.0135,-0.0052,0.0429));
#3122=CARTESIAN_POINT('',(0.017,-0.0052,0.0406));
#3123=CARTESIAN_POINT('',(0.017,-0.0052,0.0461));
#3124=CARTESIAN_POINT('',(0.017,-0.0052,0.0461));
#3125=CARTESIAN_POINT('',(0.017,-0.0052,0.0406));
#3126=CARTESIAN_POINT('',(0.017,-0.0052,0.0406));
#3127=CARTESIAN_POINT('',(0.017,-0.0052,0.0406));
#3128=CARTESIAN_POINT('',(0.,-0.0052,0.035));
#3129=CARTESIAN_POINT('',(0.015,-0.0052,0.0461));
#3130=CARTESIAN_POINT('',(0.012,-0.0052,0.0461));
#3131=CARTESIAN_POINT('',(0.0535,-0.0052,0.0406));
#3132=CARTESIAN_POINT('',(0.0535,0.0039,0.03685));
#3133=CARTESIAN_POINT('',(0.0535,0.0039,0.03685));
#3134=CARTESIAN_POINT('',(0.05,-0.0052,0.0461));
#3135=CARTESIAN_POINT('',(0.047,-0.0052,0.0461));
#3136=CARTESIAN_POINT('',(0.015,-0.0052,0.0461));
#3137=CARTESIAN_POINT('',(0.012,-0.0052,0.0461));
#3138=CARTESIAN_POINT('',(-0.042,-0.015,0.009));
#3139=CARTESIAN_POINT('',(-0.042,-0.015,0.008));
#3140=CARTESIAN_POINT('',(-0.042,0.013,0.01));
#3141=CARTESIAN_POINT('',(0.042,-0.015,0.009));
#3142=CARTESIAN_POINT('',(0.042,0.013,0.008));
#3143=CARTESIAN_POINT('',(0.042,-0.015,0.01));
#3144=CARTESIAN_POINT('',(-0.039,0.038,0.009));
#3145=CARTESIAN_POINT('',(0.039,0.038,0.009));
#3146=CARTESIAN_POINT('',(0.031,-0.0160909090909091,0.018));
#3147=CARTESIAN_POINT('',(0.031,-0.0160909090909091,0.018));
#3148=CARTESIAN_POINT('',(0.0335,-0.0160909090909091,0.018));
#3149=CARTESIAN_POINT('',(0.031,-0.0160909090909091,0.018));
#3150=CARTESIAN_POINT('',(0.031,-0.0160909090909091,0.018));
#3151=CARTESIAN_POINT('',(0.031,-0.0210909090909091,0.018));
#3152=CARTESIAN_POINT('',(0.031,-0.0110909090909091,0.018));
#3153=CARTESIAN_POINT('',(0.031,-0.0210909090909091,0.018));
#3154=CARTESIAN_POINT('',(0.031,-0.0110909090909091,0.018));
#3155=CARTESIAN_POINT('',(0.,-0.005,0.018));
#3156=CARTESIAN_POINT('',(0.031,-0.005,0.018));
#3157=CARTESIAN_POINT('',(0.031,-0.0195909090909091,0.018));
#3158=CARTESIAN_POINT('',(0.031,-0.005,0.018));
#3159=CARTESIAN_POINT('',(0.031,-0.0125909090909091,0.018));
#3160=CARTESIAN_POINT('',(0.031,-0.0160909090909091,0.018));
#3161=CARTESIAN_POINT('',(0.031,-0.0208409090909091,0.02508118));
#3162=CARTESIAN_POINT('',(0.031,-0.0195909090909091,0.02508118));
#3163=CARTESIAN_POINT('',(0.031,-0.0195909090909091,0.02508118));
#3164=CARTESIAN_POINT('',(0.031,-0.0208409090909091,0.02508118));
#3165=CARTESIAN_POINT('',(0.031,-0.0220909090909091,0.02508118));
#3166=CARTESIAN_POINT('',(0.031,-0.0220909090909091,0.02508118));
#3167=CARTESIAN_POINT('',(0.031,-0.0113409090909091,0.02508118));
#3168=CARTESIAN_POINT('',(0.031,-0.0100909090909091,0.02508118));
#3169=CARTESIAN_POINT('',(0.031,-0.0100909090909091,0.02508118));
#3170=CARTESIAN_POINT('',(0.031,-0.0113409090909091,0.02508118));
#3171=CARTESIAN_POINT('',(0.031,-0.0125909090909091,0.02508118));
#3172=CARTESIAN_POINT('',(0.031,-0.0125909090909091,0.02508118));
#3173=CARTESIAN_POINT('',(0.031,-0.0160909090909091,0.02508118));
#3174=CARTESIAN_POINT('',(0.031,-0.0160909090909091,0.02508118));
#3175=CARTESIAN_POINT('',(0.031,-0.0160909090909091,0.02508118));
#3176=CARTESIAN_POINT('',(0.031,-0.0160909090909091,0.02508118));
#3177=CARTESIAN_POINT('',(0.,-0.005,0.02508118));
#3178=CARTESIAN_POINT('',(-0.04,-0.015,0.008));
#3179=CARTESIAN_POINT('',(-0.04,-0.015,0.01));
#3180=CARTESIAN_POINT('',(0.04,-0.015,0.008));
#3181=CARTESIAN_POINT('',(0.04,-0.015,0.01));
#3182=CARTESIAN_POINT('',(0.0341,-0.005,0.006));
#3183=CARTESIAN_POINT('',(0.0361,-0.005,0.006));
#3184=CARTESIAN_POINT('',(0.0259,-0.005,0.006));
#3185=CARTESIAN_POINT('',(0.0279,-0.005,0.006));
#3186=CARTESIAN_POINT('',(-0.011,0.038,0.0475));
#3187=CARTESIAN_POINT('',(-0.011,0.038,0.035));
#3188=CARTESIAN_POINT('',(-0.011,0.038,0.06));
#3189=CARTESIAN_POINT('',(-0.031,0.038,0.06));
#3190=CARTESIAN_POINT('',(-0.051,0.038,0.06));
#3191=CARTESIAN_POINT('',(-0.051,0.038,0.0475));
#3192=CARTESIAN_POINT('',(-0.051,0.038,0.035));
#3193=CARTESIAN_POINT('',(-0.031,0.038,0.035));
#3194=CARTESIAN_POINT('',(-0.0615,0.076,0.0665));
#3195=CARTESIAN_POINT('',(0.0615,0.076,0.0665));
#3196=CARTESIAN_POINT('',(0.0615,0.076,0.0035));
#3197=CARTESIAN_POINT('',(-0.0615,0.076,0.0035));
#3198=CARTESIAN_POINT('',(0.,0.,0.));
#3199=MECHANICAL_DESIGN_GEOMETRIC_PRESENTATION_REPRESENTATION('',(#1959,
#1960),#3200);
#3200=(
GEOMETRIC_REPRESENTATION_CONTEXT(3)
GLOBAL_UNCERTAINTY_ASSIGNED_CONTEXT((#3203))
GLOBAL_UNIT_ASSIGNED_CONTEXT((#3208,#3207,#3206))
REPRESENTATION_CONTEXT('Print Case','TOP_LEVEL_ASSEMBLY_PART')
);
#3201=(
GEOMETRIC_REPRESENTATION_CONTEXT(3)
GLOBAL_UNCERTAINTY_ASSIGNED_CONTEXT((#3204))
GLOBAL_UNIT_ASSIGNED_CONTEXT((#3208,#3207,#3206))
REPRESENTATION_CONTEXT('Part 1','COMPONENT_PART')
);
#3202=(
GEOMETRIC_REPRESENTATION_CONTEXT(3)
GLOBAL_UNCERTAINTY_ASSIGNED_CONTEXT((#3205))
GLOBAL_UNIT_ASSIGNED_CONTEXT((#3208,#3207,#3206))
REPRESENTATION_CONTEXT('Part 1','COMPONENT_PART')
);
#3203=UNCERTAINTY_MEASURE_WITH_UNIT(LENGTH_MEASURE(1.E-8),#3208,
'DISTANCE_ACCURACY_VALUE','Maximum Tolerance applied to model');
#3204=UNCERTAINTY_MEASURE_WITH_UNIT(LENGTH_MEASURE(1.E-8),#3208,
'DISTANCE_ACCURACY_VALUE','Maximum Tolerance applied to model');
#3205=UNCERTAINTY_MEASURE_WITH_UNIT(LENGTH_MEASURE(1.E-8),#3208,
'DISTANCE_ACCURACY_VALUE','Maximum Tolerance applied to model');
#3206=(
NAMED_UNIT(*)
SI_UNIT($,.STERADIAN.)
SOLID_ANGLE_UNIT()
);
#3207=(
NAMED_UNIT(*)
PLANE_ANGLE_UNIT()
SI_UNIT($,.RADIAN.)
);
#3208=(
LENGTH_UNIT()
NAMED_UNIT(*)
SI_UNIT($,.METRE.)
);
#3209=PRODUCT_DEFINITION_SHAPE('','',#3214);
#3210=PRODUCT_DEFINITION_SHAPE('','',#3215);
#3211=PRODUCT_DEFINITION_SHAPE(' ','NAUO PRDDFN',#12);
#3212=PRODUCT_DEFINITION_SHAPE('','',#3216);
#3213=PRODUCT_DEFINITION_SHAPE(' ','NAUO PRDDFN',#13);
#3214=PRODUCT_DEFINITION('','',#3220,#3217);
#3215=PRODUCT_DEFINITION('','',#3221,#3218);
#3216=PRODUCT_DEFINITION('','',#3222,#3219);
#3217=PRODUCT_DEFINITION_CONTEXT('',#3236,'design');
#3218=PRODUCT_DEFINITION_CONTEXT('',#3236,'design');
#3219=PRODUCT_DEFINITION_CONTEXT('',#3236,'design');
#3220=PRODUCT_DEFINITION_FORMATION_WITH_SPECIFIED_SOURCE('','',#3226,
 .NOT_KNOWN.);
#3221=PRODUCT_DEFINITION_FORMATION_WITH_SPECIFIED_SOURCE('','',#3227,
 .NOT_KNOWN.);
#3222=PRODUCT_DEFINITION_FORMATION_WITH_SPECIFIED_SOURCE('','',#3228,
 .NOT_KNOWN.);
#3223=PRODUCT_RELATED_PRODUCT_CATEGORY('','',(#3226));
#3224=PRODUCT_RELATED_PRODUCT_CATEGORY('','',(#3227));
#3225=PRODUCT_RELATED_PRODUCT_CATEGORY('','',(#3228));
#3226=PRODUCT('Print Case','Print Case','Print Case',(#3232));
#3227=PRODUCT('Part 1','Part 1','Part 1',(#3233));
#3228=PRODUCT('Part 1','Part 1','Part 1',(#3234));
#3229=PRODUCT_CATEGORY('','');
#3230=PRODUCT_CATEGORY('','');
#3231=PRODUCT_CATEGORY('','');
#3232=PRODUCT_CONTEXT('',#3236,'mechanical');
#3233=PRODUCT_CONTEXT('',#3236,'mechanical');
#3234=PRODUCT_CONTEXT('',#3236,'mechanical');
#3235=APPLICATION_PROTOCOL_DEFINITION('international standard',
'ap242_managed_model_based_3d_engineering',2020,#3236);
#3236=APPLICATION_CONTEXT('managed model based 3d engineering');
ENDSEC;
END-ISO-10303-21;
