ISO-10303-21;
HEADER;
/* Generated by software containing ST-Developer
 * from STEP Tools, Inc. (www.steptools.com) 
 */
/* OPTION: using custom renumber hook */

FILE_DESCRIPTION(
/* description */ ('STEP AP242 Edition 2',
'CAx-IF Rec.Pracs.---Representation and Presentation of Product Manufa
cturing Information (PMI)---4.0---2014-10-13',
'CAx-IF Rec.Pracs.---3D Tessellated Geometry---0.4---2014-09-14','2;1',
'CAx-IF Rec.Pracs.---User Defined Attributes---1.5---2016-08-15'),
/* implementation_level */ '2;1');

FILE_NAME(
/* name */ 'Face',
/* time_stamp */ '2026-07-30T22:08:21Z',
/* author */ (''),
/* organization */ (''),
/* preprocessor_version */ 'ST-DEVELOPER v20',
/* originating_system */ 'ONSHAPE BY PTC INC, 1.218',
/* authorisation */ '  ');

FILE_SCHEMA (('AP242_MANAGED_MODEL_BASED_3D_ENGINEERING_MIM_LF { 1 0 10303 442 3 1 4 }'));
ENDSEC;

DATA;
#10=SHAPE_REPRESENTATION_RELATIONSHIP('','',#4872,#11);
#11=ADVANCED_BREP_SHAPE_REPRESENTATION('',(#4870),#8440);
#12=ELLIPSE('',#5000,0.00141421356237309,0.001);
#13=ELLIPSE('',#5001,0.00141421356237309,0.001);
#14=ELLIPSE('',#5003,0.00141421356237309,0.001);
#15=ELLIPSE('',#5005,0.00141421356237309,0.001);
#16=B_SPLINE_SURFACE_WITH_KNOTS('',3,1,((#6623,#6624),(#6625,#6626),(#6627,
#6628),(#6629,#6630)),.SURF_OF_LINEAR_EXTRUSION.,.F.,.F.,.F.,(4,4),(2,2),
(0.,1.),(0.,1.),.PIECEWISE_BEZIER_KNOTS.);
#17=B_SPLINE_SURFACE_WITH_KNOTS('',3,1,((#6642,#6643),(#6644,#6645),(#6646,
#6647),(#6648,#6649)),.SURF_OF_LINEAR_EXTRUSION.,.F.,.F.,.F.,(4,4),(2,2),
(0.,1.),(0.,1.),.PIECEWISE_BEZIER_KNOTS.);
#18=B_SPLINE_SURFACE_WITH_KNOTS('',3,1,((#6655,#6656),(#6657,#6658),(#6659,
#6660),(#6661,#6662)),.SURF_OF_LINEAR_EXTRUSION.,.F.,.F.,.F.,(4,4),(2,2),
(0.,1.),(0.,1.),.PIECEWISE_BEZIER_KNOTS.);
#19=B_SPLINE_SURFACE_WITH_KNOTS('',3,1,((#6668,#6669),(#6670,#6671),(#6672,
#6673),(#6674,#6675)),.SURF_OF_LINEAR_EXTRUSION.,.F.,.F.,.F.,(4,4),(2,2),
(0.,1.),(0.,1.),.PIECEWISE_BEZIER_KNOTS.);
#20=B_SPLINE_SURFACE_WITH_KNOTS('',3,1,((#6681,#6682),(#6683,#6684),(#6685,
#6686),(#6687,#6688)),.SURF_OF_LINEAR_EXTRUSION.,.F.,.F.,.F.,(4,4),(2,2),
(0.,1.),(0.,1.),.PIECEWISE_BEZIER_KNOTS.);
#21=B_SPLINE_SURFACE_WITH_KNOTS('',3,1,((#6694,#6695),(#6696,#6697),(#6698,
#6699),(#6700,#6701)),.SURF_OF_LINEAR_EXTRUSION.,.F.,.F.,.F.,(4,4),(2,2),
(0.,1.),(0.,1.),.PIECEWISE_BEZIER_KNOTS.);
#22=B_SPLINE_SURFACE_WITH_KNOTS('',3,1,((#6707,#6708),(#6709,#6710),(#6711,
#6712),(#6713,#6714)),.SURF_OF_LINEAR_EXTRUSION.,.F.,.F.,.F.,(4,4),(2,2),
(0.,1.),(0.,1.),.PIECEWISE_BEZIER_KNOTS.);
#23=B_SPLINE_SURFACE_WITH_KNOTS('',3,1,((#6720,#6721),(#6722,#6723),(#6724,
#6725),(#6726,#6727)),.SURF_OF_LINEAR_EXTRUSION.,.F.,.F.,.F.,(4,4),(2,2),
(0.,1.),(0.,1.),.PIECEWISE_BEZIER_KNOTS.);
#24=B_SPLINE_SURFACE_WITH_KNOTS('',3,1,((#6733,#6734),(#6735,#6736),(#6737,
#6738),(#6739,#6740)),.SURF_OF_LINEAR_EXTRUSION.,.F.,.F.,.F.,(4,4),(2,2),
(0.,1.),(0.,1.),.PIECEWISE_BEZIER_KNOTS.);
#25=B_SPLINE_SURFACE_WITH_KNOTS('',3,1,((#6746,#6747),(#6748,#6749),(#6750,
#6751),(#6752,#6753)),.SURF_OF_LINEAR_EXTRUSION.,.F.,.F.,.F.,(4,4),(2,2),
(0.,1.),(0.,1.),.PIECEWISE_BEZIER_KNOTS.);
#26=B_SPLINE_SURFACE_WITH_KNOTS('',3,1,((#6763,#6764),(#6765,#6766),(#6767,
#6768),(#6769,#6770)),.SURF_OF_LINEAR_EXTRUSION.,.F.,.F.,.F.,(4,4),(2,2),
(0.,1.),(0.,1.),.PIECEWISE_BEZIER_KNOTS.);
#27=B_SPLINE_SURFACE_WITH_KNOTS('',3,1,((#6776,#6777),(#6778,#6779),(#6780,
#6781),(#6782,#6783)),.SURF_OF_LINEAR_EXTRUSION.,.F.,.F.,.F.,(4,4),(2,2),
(0.,1.),(0.,1.),.PIECEWISE_BEZIER_KNOTS.);
#28=B_SPLINE_SURFACE_WITH_KNOTS('',3,1,((#6789,#6790),(#6791,#6792),(#6793,
#6794),(#6795,#6796)),.SURF_OF_LINEAR_EXTRUSION.,.F.,.F.,.F.,(4,4),(2,2),
(0.,1.),(0.,1.),.PIECEWISE_BEZIER_KNOTS.);
#29=B_SPLINE_SURFACE_WITH_KNOTS('',3,1,((#6802,#6803),(#6804,#6805),(#6806,
#6807),(#6808,#6809)),.SURF_OF_LINEAR_EXTRUSION.,.F.,.F.,.F.,(4,4),(2,2),
(0.,1.),(0.,1.),.PIECEWISE_BEZIER_KNOTS.);
#30=B_SPLINE_SURFACE_WITH_KNOTS('',3,1,((#6815,#6816),(#6817,#6818),(#6819,
#6820),(#6821,#6822)),.SURF_OF_LINEAR_EXTRUSION.,.F.,.F.,.F.,(4,4),(2,2),
(0.,1.),(0.,1.),.PIECEWISE_BEZIER_KNOTS.);
#31=B_SPLINE_SURFACE_WITH_KNOTS('',3,1,((#6828,#6829),(#6830,#6831),(#6832,
#6833),(#6834,#6835)),.SURF_OF_LINEAR_EXTRUSION.,.F.,.F.,.F.,(4,4),(2,2),
(0.,1.),(0.,1.),.PIECEWISE_BEZIER_KNOTS.);
#32=B_SPLINE_SURFACE_WITH_KNOTS('',3,1,((#6841,#6842),(#6843,#6844),(#6845,
#6846),(#6847,#6848)),.SURF_OF_LINEAR_EXTRUSION.,.F.,.F.,.F.,(4,4),(2,2),
(0.,1.),(0.,1.),.PIECEWISE_BEZIER_KNOTS.);
#33=B_SPLINE_SURFACE_WITH_KNOTS('',3,1,((#6854,#6855),(#6856,#6857),(#6858,
#6859),(#6860,#6861)),.SURF_OF_LINEAR_EXTRUSION.,.F.,.F.,.F.,(4,4),(2,2),
(0.,1.),(0.,1.),.PIECEWISE_BEZIER_KNOTS.);
#34=B_SPLINE_SURFACE_WITH_KNOTS('',3,1,((#6867,#6868),(#6869,#6870),(#6871,
#6872),(#6873,#6874)),.SURF_OF_LINEAR_EXTRUSION.,.F.,.F.,.F.,(4,4),(2,2),
(0.,1.),(0.,1.),.PIECEWISE_BEZIER_KNOTS.);
#35=B_SPLINE_SURFACE_WITH_KNOTS('',3,1,((#6880,#6881),(#6882,#6883),(#6884,
#6885),(#6886,#6887)),.SURF_OF_LINEAR_EXTRUSION.,.F.,.F.,.F.,(4,4),(2,2),
(0.,1.),(0.,1.),.PIECEWISE_BEZIER_KNOTS.);
#36=B_SPLINE_SURFACE_WITH_KNOTS('',3,1,((#6893,#6894),(#6895,#6896),(#6897,
#6898),(#6899,#6900)),.SURF_OF_LINEAR_EXTRUSION.,.F.,.F.,.F.,(4,4),(2,2),
(0.,1.),(0.,1.),.PIECEWISE_BEZIER_KNOTS.);
#37=B_SPLINE_SURFACE_WITH_KNOTS('',3,1,((#6996,#6997),(#6998,#6999),(#7000,
#7001),(#7002,#7003)),.SURF_OF_LINEAR_EXTRUSION.,.F.,.F.,.F.,(4,4),(2,2),
(0.,1.),(0.,1.),.PIECEWISE_BEZIER_KNOTS.);
#38=B_SPLINE_SURFACE_WITH_KNOTS('',3,1,((#7015,#7016),(#7017,#7018),(#7019,
#7020),(#7021,#7022)),.SURF_OF_LINEAR_EXTRUSION.,.F.,.F.,.F.,(4,4),(2,2),
(0.,1.),(0.,1.),.PIECEWISE_BEZIER_KNOTS.);
#39=B_SPLINE_SURFACE_WITH_KNOTS('',3,1,((#7028,#7029),(#7030,#7031),(#7032,
#7033),(#7034,#7035)),.SURF_OF_LINEAR_EXTRUSION.,.F.,.F.,.F.,(4,4),(2,2),
(0.,1.),(0.,1.),.PIECEWISE_BEZIER_KNOTS.);
#40=B_SPLINE_SURFACE_WITH_KNOTS('',3,1,((#7041,#7042),(#7043,#7044),(#7045,
#7046),(#7047,#7048)),.SURF_OF_LINEAR_EXTRUSION.,.F.,.F.,.F.,(4,4),(2,2),
(0.,1.),(0.,1.),.PIECEWISE_BEZIER_KNOTS.);
#41=B_SPLINE_SURFACE_WITH_KNOTS('',3,1,((#7054,#7055),(#7056,#7057),(#7058,
#7059),(#7060,#7061)),.SURF_OF_LINEAR_EXTRUSION.,.F.,.F.,.F.,(4,4),(2,2),
(0.,1.),(0.,1.),.PIECEWISE_BEZIER_KNOTS.);
#42=B_SPLINE_SURFACE_WITH_KNOTS('',3,1,((#7067,#7068),(#7069,#7070),(#7071,
#7072),(#7073,#7074)),.SURF_OF_LINEAR_EXTRUSION.,.F.,.F.,.F.,(4,4),(2,2),
(0.,1.),(0.,1.),.PIECEWISE_BEZIER_KNOTS.);
#43=B_SPLINE_SURFACE_WITH_KNOTS('',3,1,((#7080,#7081),(#7082,#7083),(#7084,
#7085),(#7086,#7087)),.SURF_OF_LINEAR_EXTRUSION.,.F.,.F.,.F.,(4,4),(2,2),
(0.,1.),(0.,1.),.PIECEWISE_BEZIER_KNOTS.);
#44=B_SPLINE_SURFACE_WITH_KNOTS('',3,1,((#7093,#7094),(#7095,#7096),(#7097,
#7098),(#7099,#7100)),.SURF_OF_LINEAR_EXTRUSION.,.F.,.F.,.F.,(4,4),(2,2),
(0.,1.),(0.,1.),.PIECEWISE_BEZIER_KNOTS.);
#45=B_SPLINE_SURFACE_WITH_KNOTS('',3,1,((#7106,#7107),(#7108,#7109),(#7110,
#7111),(#7112,#7113)),.SURF_OF_LINEAR_EXTRUSION.,.F.,.F.,.F.,(4,4),(2,2),
(0.,1.),(0.,1.),.PIECEWISE_BEZIER_KNOTS.);
#46=B_SPLINE_SURFACE_WITH_KNOTS('',3,1,((#7119,#7120),(#7121,#7122),(#7123,
#7124),(#7125,#7126)),.SURF_OF_LINEAR_EXTRUSION.,.F.,.F.,.F.,(4,4),(2,2),
(0.,1.),(0.,1.),.PIECEWISE_BEZIER_KNOTS.);
#47=B_SPLINE_SURFACE_WITH_KNOTS('',3,1,((#7136,#7137),(#7138,#7139),(#7140,
#7141),(#7142,#7143)),.SURF_OF_LINEAR_EXTRUSION.,.F.,.F.,.F.,(4,4),(2,2),
(0.,1.),(0.,1.),.PIECEWISE_BEZIER_KNOTS.);
#48=B_SPLINE_SURFACE_WITH_KNOTS('',3,1,((#7149,#7150),(#7151,#7152),(#7153,
#7154),(#7155,#7156)),.SURF_OF_LINEAR_EXTRUSION.,.F.,.F.,.F.,(4,4),(2,2),
(0.,1.),(0.,1.),.PIECEWISE_BEZIER_KNOTS.);
#49=B_SPLINE_SURFACE_WITH_KNOTS('',3,1,((#7162,#7163),(#7164,#7165),(#7166,
#7167),(#7168,#7169)),.SURF_OF_LINEAR_EXTRUSION.,.F.,.F.,.F.,(4,4),(2,2),
(0.,1.),(0.,1.),.PIECEWISE_BEZIER_KNOTS.);
#50=B_SPLINE_SURFACE_WITH_KNOTS('',3,1,((#7175,#7176),(#7177,#7178),(#7179,
#7180),(#7181,#7182)),.SURF_OF_LINEAR_EXTRUSION.,.F.,.F.,.F.,(4,4),(2,2),
(0.,1.),(0.,1.),.PIECEWISE_BEZIER_KNOTS.);
#51=B_SPLINE_SURFACE_WITH_KNOTS('',3,1,((#7188,#7189),(#7190,#7191),(#7192,
#7193),(#7194,#7195)),.SURF_OF_LINEAR_EXTRUSION.,.F.,.F.,.F.,(4,4),(2,2),
(0.,1.),(0.,1.),.PIECEWISE_BEZIER_KNOTS.);
#52=B_SPLINE_SURFACE_WITH_KNOTS('',3,1,((#7201,#7202),(#7203,#7204),(#7205,
#7206),(#7207,#7208)),.SURF_OF_LINEAR_EXTRUSION.,.F.,.F.,.F.,(4,4),(2,2),
(0.,1.),(0.,1.),.PIECEWISE_BEZIER_KNOTS.);
#53=B_SPLINE_SURFACE_WITH_KNOTS('',3,1,((#7214,#7215),(#7216,#7217),(#7218,
#7219),(#7220,#7221)),.SURF_OF_LINEAR_EXTRUSION.,.F.,.F.,.F.,(4,4),(2,2),
(0.,1.),(0.,1.),.PIECEWISE_BEZIER_KNOTS.);
#54=B_SPLINE_SURFACE_WITH_KNOTS('',3,1,((#7227,#7228),(#7229,#7230),(#7231,
#7232),(#7233,#7234)),.SURF_OF_LINEAR_EXTRUSION.,.F.,.F.,.F.,(4,4),(2,2),
(0.,1.),(0.,1.),.PIECEWISE_BEZIER_KNOTS.);
#55=B_SPLINE_SURFACE_WITH_KNOTS('',3,1,((#7240,#7241),(#7242,#7243),(#7244,
#7245),(#7246,#7247)),.SURF_OF_LINEAR_EXTRUSION.,.F.,.F.,.F.,(4,4),(2,2),
(0.,1.),(0.,1.),.PIECEWISE_BEZIER_KNOTS.);
#56=B_SPLINE_SURFACE_WITH_KNOTS('',3,1,((#7253,#7254),(#7255,#7256),(#7257,
#7258),(#7259,#7260)),.SURF_OF_LINEAR_EXTRUSION.,.F.,.F.,.F.,(4,4),(2,2),
(0.,1.),(0.,1.),.PIECEWISE_BEZIER_KNOTS.);
#57=B_SPLINE_SURFACE_WITH_KNOTS('',3,1,((#7266,#7267),(#7268,#7269),(#7270,
#7271),(#7272,#7273)),.SURF_OF_LINEAR_EXTRUSION.,.F.,.F.,.F.,(4,4),(2,2),
(0.,1.),(0.,1.),.PIECEWISE_BEZIER_KNOTS.);
#58=B_SPLINE_SURFACE_WITH_KNOTS('',3,1,((#7421,#7422),(#7423,#7424),(#7425,
#7426),(#7427,#7428)),.SURF_OF_LINEAR_EXTRUSION.,.F.,.F.,.F.,(4,4),(2,2),
(0.,1.),(0.,1.),.PIECEWISE_BEZIER_KNOTS.);
#59=B_SPLINE_SURFACE_WITH_KNOTS('',3,1,((#7438,#7439),(#7440,#7441),(#7442,
#7443),(#7444,#7445)),.SURF_OF_LINEAR_EXTRUSION.,.F.,.F.,.F.,(4,4),(2,2),
(0.,1.),(0.,1.),.PIECEWISE_BEZIER_KNOTS.);
#60=B_SPLINE_SURFACE_WITH_KNOTS('',3,1,((#7455,#7456),(#7457,#7458),(#7459,
#7460),(#7461,#7462)),.SURF_OF_LINEAR_EXTRUSION.,.F.,.F.,.F.,(4,4),(2,2),
(0.,1.),(0.,1.),.PIECEWISE_BEZIER_KNOTS.);
#61=B_SPLINE_SURFACE_WITH_KNOTS('',3,1,((#7472,#7473),(#7474,#7475),(#7476,
#7477),(#7478,#7479)),.SURF_OF_LINEAR_EXTRUSION.,.F.,.F.,.F.,(4,4),(2,2),
(0.,1.),(0.,1.),.PIECEWISE_BEZIER_KNOTS.);
#62=B_SPLINE_SURFACE_WITH_KNOTS('',3,1,((#7489,#7490),(#7491,#7492),(#7493,
#7494),(#7495,#7496)),.SURF_OF_LINEAR_EXTRUSION.,.F.,.F.,.F.,(4,4),(2,2),
(0.,1.),(0.,1.),.PIECEWISE_BEZIER_KNOTS.);
#63=B_SPLINE_SURFACE_WITH_KNOTS('',3,1,((#7506,#7507),(#7508,#7509),(#7510,
#7511),(#7512,#7513)),.SURF_OF_LINEAR_EXTRUSION.,.F.,.F.,.F.,(4,4),(2,2),
(0.,1.),(0.,1.),.PIECEWISE_BEZIER_KNOTS.);
#64=B_SPLINE_SURFACE_WITH_KNOTS('',3,1,((#7523,#7524),(#7525,#7526),(#7527,
#7528),(#7529,#7530)),.SURF_OF_LINEAR_EXTRUSION.,.F.,.F.,.F.,(4,4),(2,2),
(0.,1.),(0.,1.),.PIECEWISE_BEZIER_KNOTS.);
#65=B_SPLINE_SURFACE_WITH_KNOTS('',3,1,((#7540,#7541),(#7542,#7543),(#7544,
#7545),(#7546,#7547)),.SURF_OF_LINEAR_EXTRUSION.,.F.,.F.,.F.,(4,4),(2,2),
(0.,1.),(0.,1.),.PIECEWISE_BEZIER_KNOTS.);
#66=B_SPLINE_SURFACE_WITH_KNOTS('',3,1,((#7559,#7560),(#7561,#7562),(#7563,
#7564),(#7565,#7566)),.SURF_OF_LINEAR_EXTRUSION.,.F.,.F.,.F.,(4,4),(2,2),
(0.,1.),(0.,1.),.PIECEWISE_BEZIER_KNOTS.);
#67=B_SPLINE_SURFACE_WITH_KNOTS('',3,1,((#7572,#7573),(#7574,#7575),(#7576,
#7577),(#7578,#7579)),.SURF_OF_LINEAR_EXTRUSION.,.F.,.F.,.F.,(4,4),(2,2),
(0.,1.),(0.,1.),.PIECEWISE_BEZIER_KNOTS.);
#68=B_SPLINE_SURFACE_WITH_KNOTS('',3,1,((#7585,#7586),(#7587,#7588),(#7589,
#7590),(#7591,#7592)),.SURF_OF_LINEAR_EXTRUSION.,.F.,.F.,.F.,(4,4),(2,2),
(0.,1.),(0.,1.),.PIECEWISE_BEZIER_KNOTS.);
#69=B_SPLINE_SURFACE_WITH_KNOTS('',3,1,((#7598,#7599),(#7600,#7601),(#7602,
#7603),(#7604,#7605)),.SURF_OF_LINEAR_EXTRUSION.,.F.,.F.,.F.,(4,4),(2,2),
(0.,1.),(0.,1.),.PIECEWISE_BEZIER_KNOTS.);
#70=B_SPLINE_SURFACE_WITH_KNOTS('',3,1,((#7611,#7612),(#7613,#7614),(#7615,
#7616),(#7617,#7618)),.SURF_OF_LINEAR_EXTRUSION.,.F.,.F.,.F.,(4,4),(2,2),
(0.,1.),(0.,1.),.PIECEWISE_BEZIER_KNOTS.);
#71=B_SPLINE_SURFACE_WITH_KNOTS('',3,1,((#7624,#7625),(#7626,#7627),(#7628,
#7629),(#7630,#7631)),.SURF_OF_LINEAR_EXTRUSION.,.F.,.F.,.F.,(4,4),(2,2),
(0.,1.),(0.,1.),.PIECEWISE_BEZIER_KNOTS.);
#72=B_SPLINE_SURFACE_WITH_KNOTS('',3,1,((#7641,#7642),(#7643,#7644),(#7645,
#7646),(#7647,#7648)),.SURF_OF_LINEAR_EXTRUSION.,.F.,.F.,.F.,(4,4),(2,2),
(0.,1.),(0.,1.),.PIECEWISE_BEZIER_KNOTS.);
#73=B_SPLINE_SURFACE_WITH_KNOTS('',3,1,((#7654,#7655),(#7656,#7657),(#7658,
#7659),(#7660,#7661)),.SURF_OF_LINEAR_EXTRUSION.,.F.,.F.,.F.,(4,4),(2,2),
(0.,1.),(0.,1.),.PIECEWISE_BEZIER_KNOTS.);
#74=B_SPLINE_SURFACE_WITH_KNOTS('',3,1,((#7667,#7668),(#7669,#7670),(#7671,
#7672),(#7673,#7674)),.SURF_OF_LINEAR_EXTRUSION.,.F.,.F.,.F.,(4,4),(2,2),
(0.,1.),(0.,1.),.PIECEWISE_BEZIER_KNOTS.);
#75=B_SPLINE_SURFACE_WITH_KNOTS('',3,1,((#7680,#7681),(#7682,#7683),(#7684,
#7685),(#7686,#7687)),.SURF_OF_LINEAR_EXTRUSION.,.F.,.F.,.F.,(4,4),(2,2),
(0.,1.),(0.,1.),.PIECEWISE_BEZIER_KNOTS.);
#76=B_SPLINE_SURFACE_WITH_KNOTS('',3,1,((#7693,#7694),(#7695,#7696),(#7697,
#7698),(#7699,#7700)),.SURF_OF_LINEAR_EXTRUSION.,.F.,.F.,.F.,(4,4),(2,2),
(0.,1.),(0.,1.),.PIECEWISE_BEZIER_KNOTS.);
#77=B_SPLINE_SURFACE_WITH_KNOTS('',3,1,((#7704,#7705),(#7706,#7707),(#7708,
#7709),(#7710,#7711)),.SURF_OF_LINEAR_EXTRUSION.,.F.,.F.,.F.,(4,4),(2,2),
(0.,1.),(0.,1.),.PIECEWISE_BEZIER_KNOTS.);
#78=B_SPLINE_SURFACE_WITH_KNOTS('',3,1,((#7734,#7735),(#7736,#7737),(#7738,
#7739),(#7740,#7741)),.SURF_OF_LINEAR_EXTRUSION.,.F.,.F.,.F.,(4,4),(2,2),
(0.,1.),(0.,1.),.PIECEWISE_BEZIER_KNOTS.);
#79=B_SPLINE_SURFACE_WITH_KNOTS('',3,1,((#7751,#7752),(#7753,#7754),(#7755,
#7756),(#7757,#7758)),.SURF_OF_LINEAR_EXTRUSION.,.F.,.F.,.F.,(4,4),(2,2),
(0.,1.),(0.,1.),.PIECEWISE_BEZIER_KNOTS.);
#80=B_SPLINE_SURFACE_WITH_KNOTS('',3,1,((#7768,#7769),(#7770,#7771),(#7772,
#7773),(#7774,#7775)),.SURF_OF_LINEAR_EXTRUSION.,.F.,.F.,.F.,(4,4),(2,2),
(0.,1.),(0.,1.),.PIECEWISE_BEZIER_KNOTS.);
#81=B_SPLINE_SURFACE_WITH_KNOTS('',3,1,((#7785,#7786),(#7787,#7788),(#7789,
#7790),(#7791,#7792)),.SURF_OF_LINEAR_EXTRUSION.,.F.,.F.,.F.,(4,4),(2,2),
(0.,1.),(0.,1.),.PIECEWISE_BEZIER_KNOTS.);
#82=B_SPLINE_SURFACE_WITH_KNOTS('',3,1,((#7802,#7803),(#7804,#7805),(#7806,
#7807),(#7808,#7809)),.SURF_OF_LINEAR_EXTRUSION.,.F.,.F.,.F.,(4,4),(2,2),
(0.,1.),(0.,1.),.PIECEWISE_BEZIER_KNOTS.);
#83=B_SPLINE_SURFACE_WITH_KNOTS('',3,1,((#7819,#7820),(#7821,#7822),(#7823,
#7824),(#7825,#7826)),.SURF_OF_LINEAR_EXTRUSION.,.F.,.F.,.F.,(4,4),(2,2),
(0.,1.),(0.,1.),.PIECEWISE_BEZIER_KNOTS.);
#84=B_SPLINE_SURFACE_WITH_KNOTS('',3,1,((#7836,#7837),(#7838,#7839),(#7840,
#7841),(#7842,#7843)),.SURF_OF_LINEAR_EXTRUSION.,.F.,.F.,.F.,(4,4),(2,2),
(0.,1.),(0.,1.),.PIECEWISE_BEZIER_KNOTS.);
#85=B_SPLINE_SURFACE_WITH_KNOTS('',3,1,((#7853,#7854),(#7855,#7856),(#7857,
#7858),(#7859,#7860)),.SURF_OF_LINEAR_EXTRUSION.,.F.,.F.,.F.,(4,4),(2,2),
(0.,1.),(0.,1.),.PIECEWISE_BEZIER_KNOTS.);
#86=B_SPLINE_SURFACE_WITH_KNOTS('',3,1,((#7868,#7869),(#7870,#7871),(#7872,
#7873),(#7874,#7875)),.SURF_OF_LINEAR_EXTRUSION.,.F.,.F.,.F.,(4,4),(2,2),
(0.,1.),(0.,1.),.PIECEWISE_BEZIER_KNOTS.);
#87=B_SPLINE_SURFACE_WITH_KNOTS('',3,1,((#7881,#7882),(#7883,#7884),(#7885,
#7886),(#7887,#7888)),.SURF_OF_LINEAR_EXTRUSION.,.F.,.F.,.F.,(4,4),(2,2),
(0.,1.),(0.,1.),.PIECEWISE_BEZIER_KNOTS.);
#88=B_SPLINE_SURFACE_WITH_KNOTS('',3,1,((#7894,#7895),(#7896,#7897),(#7898,
#7899),(#7900,#7901)),.SURF_OF_LINEAR_EXTRUSION.,.F.,.F.,.F.,(4,4),(2,2),
(0.,1.),(0.,1.),.PIECEWISE_BEZIER_KNOTS.);
#89=B_SPLINE_SURFACE_WITH_KNOTS('',3,1,((#7907,#7908),(#7909,#7910),(#7911,
#7912),(#7913,#7914)),.SURF_OF_LINEAR_EXTRUSION.,.F.,.F.,.F.,(4,4),(2,2),
(0.,1.),(0.,1.),.PIECEWISE_BEZIER_KNOTS.);
#90=B_SPLINE_SURFACE_WITH_KNOTS('',3,1,((#7920,#7921),(#7922,#7923),(#7924,
#7925),(#7926,#7927)),.SURF_OF_LINEAR_EXTRUSION.,.F.,.F.,.F.,(4,4),(2,2),
(0.,1.),(0.,1.),.PIECEWISE_BEZIER_KNOTS.);
#91=B_SPLINE_SURFACE_WITH_KNOTS('',3,1,((#7933,#7934),(#7935,#7936),(#7937,
#7938),(#7939,#7940)),.SURF_OF_LINEAR_EXTRUSION.,.F.,.F.,.F.,(4,4),(2,2),
(0.,1.),(0.,1.),.PIECEWISE_BEZIER_KNOTS.);
#92=B_SPLINE_SURFACE_WITH_KNOTS('',3,1,((#7946,#7947),(#7948,#7949),(#7950,
#7951),(#7952,#7953)),.SURF_OF_LINEAR_EXTRUSION.,.F.,.F.,.F.,(4,4),(2,2),
(0.,1.),(0.,1.),.PIECEWISE_BEZIER_KNOTS.);
#93=B_SPLINE_SURFACE_WITH_KNOTS('',3,1,((#7959,#7960),(#7961,#7962),(#7963,
#7964),(#7965,#7966)),.SURF_OF_LINEAR_EXTRUSION.,.F.,.F.,.F.,(4,4),(2,2),
(0.,1.),(0.,1.),.PIECEWISE_BEZIER_KNOTS.);
#94=B_SPLINE_SURFACE_WITH_KNOTS('',3,1,((#7972,#7973),(#7974,#7975),(#7976,
#7977),(#7978,#7979)),.SURF_OF_LINEAR_EXTRUSION.,.F.,.F.,.F.,(4,4),(2,2),
(0.,1.),(0.,1.),.PIECEWISE_BEZIER_KNOTS.);
#95=B_SPLINE_SURFACE_WITH_KNOTS('',3,1,((#7985,#7986),(#7987,#7988),(#7989,
#7990),(#7991,#7992)),.SURF_OF_LINEAR_EXTRUSION.,.F.,.F.,.F.,(4,4),(2,2),
(0.,1.),(0.,1.),.PIECEWISE_BEZIER_KNOTS.);
#96=B_SPLINE_SURFACE_WITH_KNOTS('',3,1,((#7998,#7999),(#8000,#8001),(#8002,
#8003),(#8004,#8005)),.SURF_OF_LINEAR_EXTRUSION.,.F.,.F.,.F.,(4,4),(2,2),
(0.,1.),(0.,1.),.PIECEWISE_BEZIER_KNOTS.);
#97=B_SPLINE_SURFACE_WITH_KNOTS('',3,1,((#8011,#8012),(#8013,#8014),(#8015,
#8016),(#8017,#8018)),.SURF_OF_LINEAR_EXTRUSION.,.F.,.F.,.F.,(4,4),(2,2),
(0.,1.),(0.,1.),.PIECEWISE_BEZIER_KNOTS.);
#98=B_SPLINE_SURFACE_WITH_KNOTS('',3,1,((#8024,#8025),(#8026,#8027),(#8028,
#8029),(#8030,#8031)),.SURF_OF_LINEAR_EXTRUSION.,.F.,.F.,.F.,(4,4),(2,2),
(0.,1.),(0.,1.),.PIECEWISE_BEZIER_KNOTS.);
#99=B_SPLINE_SURFACE_WITH_KNOTS('',3,1,((#8035,#8036),(#8037,#8038),(#8039,
#8040),(#8041,#8042)),.SURF_OF_LINEAR_EXTRUSION.,.F.,.F.,.F.,(4,4),(2,2),
(0.,1.),(0.,1.),.PIECEWISE_BEZIER_KNOTS.);
#100=B_SPLINE_SURFACE_WITH_KNOTS('',3,1,((#8050,#8051),(#8052,#8053),(#8054,
#8055),(#8056,#8057)),.SURF_OF_LINEAR_EXTRUSION.,.F.,.F.,.F.,(4,4),(2,2),
(0.,1.),(0.,1.),.PIECEWISE_BEZIER_KNOTS.);
#101=B_SPLINE_SURFACE_WITH_KNOTS('',3,1,((#8069,#8070),(#8071,#8072),(#8073,
#8074),(#8075,#8076)),.SURF_OF_LINEAR_EXTRUSION.,.F.,.F.,.F.,(4,4),(2,2),
(0.,1.),(0.,1.),.PIECEWISE_BEZIER_KNOTS.);
#102=B_SPLINE_SURFACE_WITH_KNOTS('',3,1,((#8082,#8083),(#8084,#8085),(#8086,
#8087),(#8088,#8089)),.SURF_OF_LINEAR_EXTRUSION.,.F.,.F.,.F.,(4,4),(2,2),
(0.,1.),(0.,1.),.PIECEWISE_BEZIER_KNOTS.);
#103=B_SPLINE_SURFACE_WITH_KNOTS('',3,1,((#8095,#8096),(#8097,#8098),(#8099,
#8100),(#8101,#8102)),.SURF_OF_LINEAR_EXTRUSION.,.F.,.F.,.F.,(4,4),(2,2),
(0.,1.),(0.,1.),.PIECEWISE_BEZIER_KNOTS.);
#104=B_SPLINE_SURFACE_WITH_KNOTS('',3,1,((#8108,#8109),(#8110,#8111),(#8112,
#8113),(#8114,#8115)),.SURF_OF_LINEAR_EXTRUSION.,.F.,.F.,.F.,(4,4),(2,2),
(0.,1.),(0.,1.),.PIECEWISE_BEZIER_KNOTS.);
#105=B_SPLINE_SURFACE_WITH_KNOTS('',3,1,((#8121,#8122),(#8123,#8124),(#8125,
#8126),(#8127,#8128)),.SURF_OF_LINEAR_EXTRUSION.,.F.,.F.,.F.,(4,4),(2,2),
(0.,1.),(0.,1.),.PIECEWISE_BEZIER_KNOTS.);
#106=B_SPLINE_SURFACE_WITH_KNOTS('',3,1,((#8134,#8135),(#8136,#8137),(#8138,
#8139),(#8140,#8141)),.SURF_OF_LINEAR_EXTRUSION.,.F.,.F.,.F.,(4,4),(2,2),
(0.,1.),(0.,1.),.PIECEWISE_BEZIER_KNOTS.);
#107=B_SPLINE_SURFACE_WITH_KNOTS('',3,1,((#8147,#8148),(#8149,#8150),(#8151,
#8152),(#8153,#8154)),.SURF_OF_LINEAR_EXTRUSION.,.F.,.F.,.F.,(4,4),(2,2),
(0.,1.),(0.,1.),.PIECEWISE_BEZIER_KNOTS.);
#108=B_SPLINE_SURFACE_WITH_KNOTS('',3,1,((#8160,#8161),(#8162,#8163),(#8164,
#8165),(#8166,#8167)),.SURF_OF_LINEAR_EXTRUSION.,.F.,.F.,.F.,(4,4),(2,2),
(0.,1.),(0.,1.),.PIECEWISE_BEZIER_KNOTS.);
#109=B_SPLINE_SURFACE_WITH_KNOTS('',3,1,((#8173,#8174),(#8175,#8176),(#8177,
#8178),(#8179,#8180)),.SURF_OF_LINEAR_EXTRUSION.,.F.,.F.,.F.,(4,4),(2,2),
(0.,1.),(0.,1.),.PIECEWISE_BEZIER_KNOTS.);
#110=B_SPLINE_SURFACE_WITH_KNOTS('',3,1,((#8190,#8191),(#8192,#8193),(#8194,
#8195),(#8196,#8197)),.SURF_OF_LINEAR_EXTRUSION.,.F.,.F.,.F.,(4,4),(2,2),
(0.,1.),(0.,1.),.PIECEWISE_BEZIER_KNOTS.);
#111=B_SPLINE_SURFACE_WITH_KNOTS('',3,1,((#8203,#8204),(#8205,#8206),(#8207,
#8208),(#8209,#8210)),.SURF_OF_LINEAR_EXTRUSION.,.F.,.F.,.F.,(4,4),(2,2),
(0.,1.),(0.,1.),.PIECEWISE_BEZIER_KNOTS.);
#112=B_SPLINE_SURFACE_WITH_KNOTS('',3,1,((#8216,#8217),(#8218,#8219),(#8220,
#8221),(#8222,#8223)),.SURF_OF_LINEAR_EXTRUSION.,.F.,.F.,.F.,(4,4),(2,2),
(0.,1.),(0.,1.),.PIECEWISE_BEZIER_KNOTS.);
#113=B_SPLINE_SURFACE_WITH_KNOTS('',3,1,((#8229,#8230),(#8231,#8232),(#8233,
#8234),(#8235,#8236)),.SURF_OF_LINEAR_EXTRUSION.,.F.,.F.,.F.,(4,4),(2,2),
(0.,1.),(0.,1.),.PIECEWISE_BEZIER_KNOTS.);
#114=B_SPLINE_SURFACE_WITH_KNOTS('',3,1,((#8242,#8243),(#8244,#8245),(#8246,
#8247),(#8248,#8249)),.SURF_OF_LINEAR_EXTRUSION.,.F.,.F.,.F.,(4,4),(2,2),
(0.,1.),(0.,1.),.PIECEWISE_BEZIER_KNOTS.);
#115=B_SPLINE_SURFACE_WITH_KNOTS('',3,1,((#8255,#8256),(#8257,#8258),(#8259,
#8260),(#8261,#8262)),.SURF_OF_LINEAR_EXTRUSION.,.F.,.F.,.F.,(4,4),(2,2),
(0.,1.),(0.,1.),.PIECEWISE_BEZIER_KNOTS.);
#116=B_SPLINE_SURFACE_WITH_KNOTS('',3,1,((#8268,#8269),(#8270,#8271),(#8272,
#8273),(#8274,#8275)),.SURF_OF_LINEAR_EXTRUSION.,.F.,.F.,.F.,(4,4),(2,2),
(0.,1.),(0.,1.),.PIECEWISE_BEZIER_KNOTS.);
#117=B_SPLINE_SURFACE_WITH_KNOTS('',3,1,((#8281,#8282),(#8283,#8284),(#8285,
#8286),(#8287,#8288)),.SURF_OF_LINEAR_EXTRUSION.,.F.,.F.,.F.,(4,4),(2,2),
(0.,1.),(0.,1.),.PIECEWISE_BEZIER_KNOTS.);
#118=B_SPLINE_SURFACE_WITH_KNOTS('',3,1,((#8294,#8295),(#8296,#8297),(#8298,
#8299),(#8300,#8301)),.SURF_OF_LINEAR_EXTRUSION.,.F.,.F.,.F.,(4,4),(2,2),
(0.,1.),(0.,1.),.PIECEWISE_BEZIER_KNOTS.);
#119=B_SPLINE_SURFACE_WITH_KNOTS('',3,1,((#8307,#8308),(#8309,#8310),(#8311,
#8312),(#8313,#8314)),.SURF_OF_LINEAR_EXTRUSION.,.F.,.F.,.F.,(4,4),(2,2),
(0.,1.),(0.,1.),.PIECEWISE_BEZIER_KNOTS.);
#120=B_SPLINE_SURFACE_WITH_KNOTS('',3,1,((#8320,#8321),(#8322,#8323),(#8324,
#8325),(#8326,#8327)),.SURF_OF_LINEAR_EXTRUSION.,.F.,.F.,.F.,(4,4),(2,2),
(0.,1.),(0.,1.),.PIECEWISE_BEZIER_KNOTS.);
#121=CYLINDRICAL_SURFACE('',#4890,0.0017);
#122=CYLINDRICAL_SURFACE('',#4893,0.0017);
#123=CYLINDRICAL_SURFACE('',#4982,0.00330603125357716);
#124=CYLINDRICAL_SURFACE('',#4984,0.00331830474268075);
#125=CYLINDRICAL_SURFACE('',#4999,0.001);
#126=CYLINDRICAL_SURFACE('',#5002,0.001);
#127=CYLINDRICAL_SURFACE('',#5004,0.001);
#128=CYLINDRICAL_SURFACE('',#5006,0.001);
#129=CYLINDRICAL_SURFACE('',#5007,0.00275);
#130=CYLINDRICAL_SURFACE('',#5008,0.00275);
#131=CYLINDRICAL_SURFACE('',#5020,0.0017);
#132=CYLINDRICAL_SURFACE('',#5022,0.0017);
#133=B_SPLINE_CURVE_WITH_KNOTS('',2,(#5930,#5931,#5932),.UNSPECIFIED.,.F.,
 .F.,(3,3),(0.,1.),.PIECEWISE_BEZIER_KNOTS.);
#134=B_SPLINE_CURVE_WITH_KNOTS('',2,(#5934,#5935,#5936),.UNSPECIFIED.,.F.,
 .F.,(3,3),(0.,1.),.PIECEWISE_BEZIER_KNOTS.);
#135=B_SPLINE_CURVE_WITH_KNOTS('',2,(#5938,#5939,#5940),.UNSPECIFIED.,.F.,
 .F.,(3,3),(0.,1.),.PIECEWISE_BEZIER_KNOTS.);
#136=B_SPLINE_CURVE_WITH_KNOTS('',2,(#5942,#5943,#5944),.UNSPECIFIED.,.F.,
 .F.,(3,3),(0.,1.),.PIECEWISE_BEZIER_KNOTS.);
#137=B_SPLINE_CURVE_WITH_KNOTS('',2,(#5946,#5947,#5948),.UNSPECIFIED.,.F.,
 .F.,(3,3),(0.,1.),.PIECEWISE_BEZIER_KNOTS.);
#138=B_SPLINE_CURVE_WITH_KNOTS('',2,(#5950,#5951,#5952),.UNSPECIFIED.,.F.,
 .F.,(3,3),(0.,1.),.PIECEWISE_BEZIER_KNOTS.);
#139=B_SPLINE_CURVE_WITH_KNOTS('',2,(#5956,#5957,#5958),.UNSPECIFIED.,.F.,
 .F.,(3,3),(0.,1.),.PIECEWISE_BEZIER_KNOTS.);
#140=B_SPLINE_CURVE_WITH_KNOTS('',2,(#5960,#5961,#5962),.UNSPECIFIED.,.F.,
 .F.,(3,3),(0.,1.),.PIECEWISE_BEZIER_KNOTS.);
#141=B_SPLINE_CURVE_WITH_KNOTS('',2,(#5964,#5965,#5966),.UNSPECIFIED.,.F.,
 .F.,(3,3),(0.,1.),.PIECEWISE_BEZIER_KNOTS.);
#142=B_SPLINE_CURVE_WITH_KNOTS('',2,(#5968,#5969,#5970),.UNSPECIFIED.,.F.,
 .F.,(3,3),(0.,1.),.PIECEWISE_BEZIER_KNOTS.);
#143=B_SPLINE_CURVE_WITH_KNOTS('',2,(#5972,#5973,#5974),.UNSPECIFIED.,.F.,
 .F.,(3,3),(0.,1.),.PIECEWISE_BEZIER_KNOTS.);
#144=B_SPLINE_CURVE_WITH_KNOTS('',2,(#5976,#5977,#5978),.UNSPECIFIED.,.F.,
 .F.,(3,3),(0.,1.),.PIECEWISE_BEZIER_KNOTS.);
#145=B_SPLINE_CURVE_WITH_KNOTS('',2,(#6016,#6017,#6018),.UNSPECIFIED.,.F.,
 .F.,(3,3),(0.,1.),.PIECEWISE_BEZIER_KNOTS.);
#146=B_SPLINE_CURVE_WITH_KNOTS('',2,(#6020,#6021,#6022),.UNSPECIFIED.,.F.,
 .F.,(3,3),(0.,1.),.PIECEWISE_BEZIER_KNOTS.);
#147=B_SPLINE_CURVE_WITH_KNOTS('',2,(#6024,#6025,#6026),.UNSPECIFIED.,.F.,
 .F.,(3,3),(0.,1.),.PIECEWISE_BEZIER_KNOTS.);
#148=B_SPLINE_CURVE_WITH_KNOTS('',2,(#6028,#6029,#6030),.UNSPECIFIED.,.F.,
 .F.,(3,3),(0.,1.),.PIECEWISE_BEZIER_KNOTS.);
#149=B_SPLINE_CURVE_WITH_KNOTS('',2,(#6032,#6033,#6034),.UNSPECIFIED.,.F.,
 .F.,(3,3),(0.,1.),.PIECEWISE_BEZIER_KNOTS.);
#150=B_SPLINE_CURVE_WITH_KNOTS('',2,(#6036,#6037,#6038),.UNSPECIFIED.,.F.,
 .F.,(3,3),(0.,1.),.PIECEWISE_BEZIER_KNOTS.);
#151=B_SPLINE_CURVE_WITH_KNOTS('',2,(#6040,#6041,#6042),.UNSPECIFIED.,.F.,
 .F.,(3,3),(0.,1.),.PIECEWISE_BEZIER_KNOTS.);
#152=B_SPLINE_CURVE_WITH_KNOTS('',2,(#6044,#6045,#6046),.UNSPECIFIED.,.F.,
 .F.,(3,3),(0.,1.),.PIECEWISE_BEZIER_KNOTS.);
#153=B_SPLINE_CURVE_WITH_KNOTS('',2,(#6048,#6049,#6050),.UNSPECIFIED.,.F.,
 .F.,(3,3),(0.,1.),.PIECEWISE_BEZIER_KNOTS.);
#154=B_SPLINE_CURVE_WITH_KNOTS('',2,(#6052,#6053,#6054),.UNSPECIFIED.,.F.,
 .F.,(3,3),(0.,1.),.PIECEWISE_BEZIER_KNOTS.);
#155=B_SPLINE_CURVE_WITH_KNOTS('',2,(#6056,#6057,#6058),.UNSPECIFIED.,.F.,
 .F.,(3,3),(0.,1.),.PIECEWISE_BEZIER_KNOTS.);
#156=B_SPLINE_CURVE_WITH_KNOTS('',2,(#6060,#6061,#6062),.UNSPECIFIED.,.F.,
 .F.,(3,3),(0.,1.),.PIECEWISE_BEZIER_KNOTS.);
#157=B_SPLINE_CURVE_WITH_KNOTS('',2,(#6066,#6067,#6068),.UNSPECIFIED.,.F.,
 .F.,(3,3),(0.,1.),.PIECEWISE_BEZIER_KNOTS.);
#158=B_SPLINE_CURVE_WITH_KNOTS('',2,(#6070,#6071,#6072),.UNSPECIFIED.,.F.,
 .F.,(3,3),(0.,1.),.PIECEWISE_BEZIER_KNOTS.);
#159=B_SPLINE_CURVE_WITH_KNOTS('',2,(#6074,#6075,#6076),.UNSPECIFIED.,.F.,
 .F.,(3,3),(0.,1.),.PIECEWISE_BEZIER_KNOTS.);
#160=B_SPLINE_CURVE_WITH_KNOTS('',2,(#6078,#6079,#6080),.UNSPECIFIED.,.F.,
 .F.,(3,3),(0.,1.),.PIECEWISE_BEZIER_KNOTS.);
#161=B_SPLINE_CURVE_WITH_KNOTS('',2,(#6082,#6083,#6084),.UNSPECIFIED.,.F.,
 .F.,(3,3),(0.,1.),.PIECEWISE_BEZIER_KNOTS.);
#162=B_SPLINE_CURVE_WITH_KNOTS('',2,(#6086,#6087,#6088),.UNSPECIFIED.,.F.,
 .F.,(3,3),(0.,1.),.PIECEWISE_BEZIER_KNOTS.);
#163=B_SPLINE_CURVE_WITH_KNOTS('',2,(#6090,#6091,#6092),.UNSPECIFIED.,.F.,
 .F.,(3,3),(0.,1.),.PIECEWISE_BEZIER_KNOTS.);
#164=B_SPLINE_CURVE_WITH_KNOTS('',2,(#6094,#6095,#6096),.UNSPECIFIED.,.F.,
 .F.,(3,3),(0.,1.),.PIECEWISE_BEZIER_KNOTS.);
#165=B_SPLINE_CURVE_WITH_KNOTS('',2,(#6098,#6099,#6100),.UNSPECIFIED.,.F.,
 .F.,(3,3),(0.,1.),.PIECEWISE_BEZIER_KNOTS.);
#166=B_SPLINE_CURVE_WITH_KNOTS('',2,(#6148,#6149,#6150),.UNSPECIFIED.,.F.,
 .F.,(3,3),(0.,1.),.PIECEWISE_BEZIER_KNOTS.);
#167=B_SPLINE_CURVE_WITH_KNOTS('',2,(#6152,#6153,#6154),.UNSPECIFIED.,.F.,
 .F.,(3,3),(0.,1.),.PIECEWISE_BEZIER_KNOTS.);
#168=B_SPLINE_CURVE_WITH_KNOTS('',2,(#6156,#6157,#6158),.UNSPECIFIED.,.F.,
 .F.,(3,3),(0.,1.),.PIECEWISE_BEZIER_KNOTS.);
#169=B_SPLINE_CURVE_WITH_KNOTS('',2,(#6160,#6161,#6162),.UNSPECIFIED.,.F.,
 .F.,(3,3),(0.,1.),.PIECEWISE_BEZIER_KNOTS.);
#170=B_SPLINE_CURVE_WITH_KNOTS('',2,(#6164,#6165,#6166),.UNSPECIFIED.,.F.,
 .F.,(3,3),(0.,1.),.PIECEWISE_BEZIER_KNOTS.);
#171=B_SPLINE_CURVE_WITH_KNOTS('',2,(#6168,#6169,#6170),.UNSPECIFIED.,.F.,
 .F.,(3,3),(0.,1.),.PIECEWISE_BEZIER_KNOTS.);
#172=B_SPLINE_CURVE_WITH_KNOTS('',2,(#6172,#6173,#6174),.UNSPECIFIED.,.F.,
 .F.,(3,3),(0.,1.),.PIECEWISE_BEZIER_KNOTS.);
#173=B_SPLINE_CURVE_WITH_KNOTS('',2,(#6176,#6177,#6178),.UNSPECIFIED.,.F.,
 .F.,(3,3),(0.,1.),.PIECEWISE_BEZIER_KNOTS.);
#174=B_SPLINE_CURVE_WITH_KNOTS('',2,(#6180,#6181,#6182),.UNSPECIFIED.,.F.,
 .F.,(3,3),(0.,1.),.PIECEWISE_BEZIER_KNOTS.);
#175=B_SPLINE_CURVE_WITH_KNOTS('',2,(#6184,#6185,#6186),.UNSPECIFIED.,.F.,
 .F.,(3,3),(0.,1.),.PIECEWISE_BEZIER_KNOTS.);
#176=B_SPLINE_CURVE_WITH_KNOTS('',2,(#6188,#6189,#6190),.UNSPECIFIED.,.F.,
 .F.,(3,3),(0.,1.),.PIECEWISE_BEZIER_KNOTS.);
#177=B_SPLINE_CURVE_WITH_KNOTS('',2,(#6192,#6193,#6194),.UNSPECIFIED.,.F.,
 .F.,(3,3),(0.,1.),.PIECEWISE_BEZIER_KNOTS.);
#178=B_SPLINE_CURVE_WITH_KNOTS('',2,(#6198,#6199,#6200),.UNSPECIFIED.,.F.,
 .F.,(3,3),(0.,1.),.PIECEWISE_BEZIER_KNOTS.);
#179=B_SPLINE_CURVE_WITH_KNOTS('',2,(#6202,#6203,#6204),.UNSPECIFIED.,.F.,
 .F.,(3,3),(0.,1.),.PIECEWISE_BEZIER_KNOTS.);
#180=B_SPLINE_CURVE_WITH_KNOTS('',2,(#6206,#6207,#6208),.UNSPECIFIED.,.F.,
 .F.,(3,3),(0.,1.),.PIECEWISE_BEZIER_KNOTS.);
#181=B_SPLINE_CURVE_WITH_KNOTS('',2,(#6210,#6211,#6212),.UNSPECIFIED.,.F.,
 .F.,(3,3),(0.,1.),.PIECEWISE_BEZIER_KNOTS.);
#182=B_SPLINE_CURVE_WITH_KNOTS('',2,(#6214,#6215,#6216),.UNSPECIFIED.,.F.,
 .F.,(3,3),(0.,1.),.PIECEWISE_BEZIER_KNOTS.);
#183=B_SPLINE_CURVE_WITH_KNOTS('',2,(#6218,#6219,#6220),.UNSPECIFIED.,.F.,
 .F.,(3,3),(0.,1.),.PIECEWISE_BEZIER_KNOTS.);
#184=B_SPLINE_CURVE_WITH_KNOTS('',2,(#6222,#6223,#6224),.UNSPECIFIED.,.F.,
 .F.,(3,3),(0.,1.),.PIECEWISE_BEZIER_KNOTS.);
#185=B_SPLINE_CURVE_WITH_KNOTS('',2,(#6226,#6227,#6228),.UNSPECIFIED.,.F.,
 .F.,(3,3),(0.,1.),.PIECEWISE_BEZIER_KNOTS.);
#186=B_SPLINE_CURVE_WITH_KNOTS('',2,(#6230,#6231,#6232),.UNSPECIFIED.,.F.,
 .F.,(3,3),(0.,1.),.PIECEWISE_BEZIER_KNOTS.);
#187=B_SPLINE_CURVE_WITH_KNOTS('',2,(#6295,#6296,#6297),.UNSPECIFIED.,.F.,
 .F.,(3,3),(0.,1.),.PIECEWISE_BEZIER_KNOTS.);
#188=B_SPLINE_CURVE_WITH_KNOTS('',2,(#6300,#6301,#6302),.UNSPECIFIED.,.F.,
 .F.,(3,3),(0.,1.),.PIECEWISE_BEZIER_KNOTS.);
#189=B_SPLINE_CURVE_WITH_KNOTS('',2,(#6304,#6305,#6306),.UNSPECIFIED.,.F.,
 .F.,(3,3),(0.,1.),.PIECEWISE_BEZIER_KNOTS.);
#190=B_SPLINE_CURVE_WITH_KNOTS('',2,(#6308,#6309,#6310),.UNSPECIFIED.,.F.,
 .F.,(3,3),(0.,1.),.PIECEWISE_BEZIER_KNOTS.);
#191=B_SPLINE_CURVE_WITH_KNOTS('',2,(#6312,#6313,#6314),.UNSPECIFIED.,.F.,
 .F.,(3,3),(0.,1.),.PIECEWISE_BEZIER_KNOTS.);
#192=B_SPLINE_CURVE_WITH_KNOTS('',2,(#6316,#6317,#6318),.UNSPECIFIED.,.F.,
 .F.,(3,3),(0.,1.),.PIECEWISE_BEZIER_KNOTS.);
#193=B_SPLINE_CURVE_WITH_KNOTS('',2,(#6320,#6321,#6322),.UNSPECIFIED.,.F.,
 .F.,(3,3),(0.,1.),.PIECEWISE_BEZIER_KNOTS.);
#194=B_SPLINE_CURVE_WITH_KNOTS('',2,(#6324,#6325,#6326),.UNSPECIFIED.,.F.,
 .F.,(3,3),(0.,1.),.PIECEWISE_BEZIER_KNOTS.);
#195=B_SPLINE_CURVE_WITH_KNOTS('',2,(#6328,#6329,#6330),.UNSPECIFIED.,.F.,
 .F.,(3,3),(0.,1.),.PIECEWISE_BEZIER_KNOTS.);
#196=B_SPLINE_CURVE_WITH_KNOTS('',2,(#6332,#6333,#6334),.UNSPECIFIED.,.F.,
 .F.,(3,3),(0.,1.),.PIECEWISE_BEZIER_KNOTS.);
#197=B_SPLINE_CURVE_WITH_KNOTS('',2,(#6336,#6337,#6338),.UNSPECIFIED.,.F.,
 .F.,(3,3),(0.,1.),.PIECEWISE_BEZIER_KNOTS.);
#198=B_SPLINE_CURVE_WITH_KNOTS('',2,(#6340,#6341,#6342),.UNSPECIFIED.,.F.,
 .F.,(3,3),(0.,1.),.PIECEWISE_BEZIER_KNOTS.);
#199=B_SPLINE_CURVE_WITH_KNOTS('',2,(#6344,#6345,#6346),.UNSPECIFIED.,.F.,
 .F.,(3,3),(0.,1.),.PIECEWISE_BEZIER_KNOTS.);
#200=B_SPLINE_CURVE_WITH_KNOTS('',2,(#6348,#6349,#6350),.UNSPECIFIED.,.F.,
 .F.,(3,3),(0.,1.),.PIECEWISE_BEZIER_KNOTS.);
#201=B_SPLINE_CURVE_WITH_KNOTS('',2,(#6354,#6355,#6356),.UNSPECIFIED.,.F.,
 .F.,(3,3),(0.,1.),.PIECEWISE_BEZIER_KNOTS.);
#202=B_SPLINE_CURVE_WITH_KNOTS('',2,(#6358,#6359,#6360),.UNSPECIFIED.,.F.,
 .F.,(3,3),(0.,1.),.PIECEWISE_BEZIER_KNOTS.);
#203=B_SPLINE_CURVE_WITH_KNOTS('',2,(#6362,#6363,#6364),.UNSPECIFIED.,.F.,
 .F.,(3,3),(0.,1.),.PIECEWISE_BEZIER_KNOTS.);
#204=B_SPLINE_CURVE_WITH_KNOTS('',2,(#6366,#6367,#6368),.UNSPECIFIED.,.F.,
 .F.,(3,3),(0.,1.),.PIECEWISE_BEZIER_KNOTS.);
#205=B_SPLINE_CURVE_WITH_KNOTS('',2,(#6370,#6371,#6372),.UNSPECIFIED.,.F.,
 .F.,(3,3),(0.,1.),.PIECEWISE_BEZIER_KNOTS.);
#206=B_SPLINE_CURVE_WITH_KNOTS('',2,(#6374,#6375,#6376),.UNSPECIFIED.,.F.,
 .F.,(3,3),(0.,1.),.PIECEWISE_BEZIER_KNOTS.);
#207=B_SPLINE_CURVE_WITH_KNOTS('',2,(#6378,#6379,#6380),.UNSPECIFIED.,.F.,
 .F.,(3,3),(0.,1.),.PIECEWISE_BEZIER_KNOTS.);
#208=B_SPLINE_CURVE_WITH_KNOTS('',2,(#6382,#6383,#6384),.UNSPECIFIED.,.F.,
 .F.,(3,3),(0.,1.),.PIECEWISE_BEZIER_KNOTS.);
#209=B_SPLINE_CURVE_WITH_KNOTS('',2,(#6386,#6387,#6388),.UNSPECIFIED.,.F.,
 .F.,(3,3),(0.,1.),.PIECEWISE_BEZIER_KNOTS.);
#210=B_SPLINE_CURVE_WITH_KNOTS('',2,(#6390,#6391,#6392),.UNSPECIFIED.,.F.,
 .F.,(3,3),(0.,1.),.PIECEWISE_BEZIER_KNOTS.);
#211=B_SPLINE_CURVE_WITH_KNOTS('',2,(#6394,#6395,#6396),.UNSPECIFIED.,.F.,
 .F.,(3,3),(0.,1.),.PIECEWISE_BEZIER_KNOTS.);
#212=B_SPLINE_CURVE_WITH_KNOTS('',2,(#6398,#6399,#6400),.UNSPECIFIED.,.F.,
 .F.,(3,3),(0.,1.),.PIECEWISE_BEZIER_KNOTS.);
#213=B_SPLINE_CURVE_WITH_KNOTS('',2,(#6404,#6405,#6406),.UNSPECIFIED.,.F.,
 .F.,(3,3),(0.,1.),.PIECEWISE_BEZIER_KNOTS.);
#214=B_SPLINE_CURVE_WITH_KNOTS('',2,(#6408,#6409,#6410),.UNSPECIFIED.,.F.,
 .F.,(3,3),(0.,1.),.PIECEWISE_BEZIER_KNOTS.);
#215=B_SPLINE_CURVE_WITH_KNOTS('',2,(#6412,#6413,#6414),.UNSPECIFIED.,.F.,
 .F.,(3,3),(0.,1.),.PIECEWISE_BEZIER_KNOTS.);
#216=B_SPLINE_CURVE_WITH_KNOTS('',2,(#6416,#6417,#6418),.UNSPECIFIED.,.F.,
 .F.,(3,3),(0.,1.),.PIECEWISE_BEZIER_KNOTS.);
#217=B_SPLINE_CURVE_WITH_KNOTS('',2,(#6420,#6421,#6422),.UNSPECIFIED.,.F.,
 .F.,(3,3),(0.,1.),.PIECEWISE_BEZIER_KNOTS.);
#218=B_SPLINE_CURVE_WITH_KNOTS('',2,(#6424,#6425,#6426),.UNSPECIFIED.,.F.,
 .F.,(3,3),(0.,1.),.PIECEWISE_BEZIER_KNOTS.);
#219=B_SPLINE_CURVE_WITH_KNOTS('',2,(#6428,#6429,#6430),.UNSPECIFIED.,.F.,
 .F.,(3,3),(0.,1.),.PIECEWISE_BEZIER_KNOTS.);
#220=B_SPLINE_CURVE_WITH_KNOTS('',2,(#6432,#6433,#6434),.UNSPECIFIED.,.F.,
 .F.,(3,3),(0.,1.),.PIECEWISE_BEZIER_KNOTS.);
#221=B_SPLINE_CURVE_WITH_KNOTS('',2,(#6436,#6437,#6438),.UNSPECIFIED.,.F.,
 .F.,(3,3),(0.,1.),.PIECEWISE_BEZIER_KNOTS.);
#222=B_SPLINE_CURVE_WITH_KNOTS('',2,(#6633,#6634,#6635),.UNSPECIFIED.,.F.,
 .F.,(3,3),(0.,1.),.PIECEWISE_BEZIER_KNOTS.);
#223=B_SPLINE_CURVE_WITH_KNOTS('',2,(#6652,#6653,#6654),.UNSPECIFIED.,.F.,
 .F.,(3,3),(0.,1.),.PIECEWISE_BEZIER_KNOTS.);
#224=B_SPLINE_CURVE_WITH_KNOTS('',2,(#6665,#6666,#6667),.UNSPECIFIED.,.F.,
 .F.,(3,3),(0.,1.),.PIECEWISE_BEZIER_KNOTS.);
#225=B_SPLINE_CURVE_WITH_KNOTS('',2,(#6678,#6679,#6680),.UNSPECIFIED.,.F.,
 .F.,(3,3),(0.,1.),.PIECEWISE_BEZIER_KNOTS.);
#226=B_SPLINE_CURVE_WITH_KNOTS('',2,(#6691,#6692,#6693),.UNSPECIFIED.,.F.,
 .F.,(3,3),(0.,1.),.PIECEWISE_BEZIER_KNOTS.);
#227=B_SPLINE_CURVE_WITH_KNOTS('',2,(#6704,#6705,#6706),.UNSPECIFIED.,.F.,
 .F.,(3,3),(0.,1.),.PIECEWISE_BEZIER_KNOTS.);
#228=B_SPLINE_CURVE_WITH_KNOTS('',2,(#6717,#6718,#6719),.UNSPECIFIED.,.F.,
 .F.,(3,3),(0.,1.),.PIECEWISE_BEZIER_KNOTS.);
#229=B_SPLINE_CURVE_WITH_KNOTS('',2,(#6730,#6731,#6732),.UNSPECIFIED.,.F.,
 .F.,(3,3),(0.,1.),.PIECEWISE_BEZIER_KNOTS.);
#230=B_SPLINE_CURVE_WITH_KNOTS('',2,(#6743,#6744,#6745),.UNSPECIFIED.,.F.,
 .F.,(3,3),(0.,1.),.PIECEWISE_BEZIER_KNOTS.);
#231=B_SPLINE_CURVE_WITH_KNOTS('',2,(#6756,#6757,#6758),.UNSPECIFIED.,.F.,
 .F.,(3,3),(0.,1.),.PIECEWISE_BEZIER_KNOTS.);
#232=B_SPLINE_CURVE_WITH_KNOTS('',2,(#6773,#6774,#6775),.UNSPECIFIED.,.F.,
 .F.,(3,3),(0.,1.),.PIECEWISE_BEZIER_KNOTS.);
#233=B_SPLINE_CURVE_WITH_KNOTS('',2,(#6786,#6787,#6788),.UNSPECIFIED.,.F.,
 .F.,(3,3),(0.,1.),.PIECEWISE_BEZIER_KNOTS.);
#234=B_SPLINE_CURVE_WITH_KNOTS('',2,(#6799,#6800,#6801),.UNSPECIFIED.,.F.,
 .F.,(3,3),(0.,1.),.PIECEWISE_BEZIER_KNOTS.);
#235=B_SPLINE_CURVE_WITH_KNOTS('',2,(#6812,#6813,#6814),.UNSPECIFIED.,.F.,
 .F.,(3,3),(0.,1.),.PIECEWISE_BEZIER_KNOTS.);
#236=B_SPLINE_CURVE_WITH_KNOTS('',2,(#6825,#6826,#6827),.UNSPECIFIED.,.F.,
 .F.,(3,3),(0.,1.),.PIECEWISE_BEZIER_KNOTS.);
#237=B_SPLINE_CURVE_WITH_KNOTS('',2,(#6838,#6839,#6840),.UNSPECIFIED.,.F.,
 .F.,(3,3),(0.,1.),.PIECEWISE_BEZIER_KNOTS.);
#238=B_SPLINE_CURVE_WITH_KNOTS('',2,(#6851,#6852,#6853),.UNSPECIFIED.,.F.,
 .F.,(3,3),(0.,1.),.PIECEWISE_BEZIER_KNOTS.);
#239=B_SPLINE_CURVE_WITH_KNOTS('',2,(#6864,#6865,#6866),.UNSPECIFIED.,.F.,
 .F.,(3,3),(0.,1.),.PIECEWISE_BEZIER_KNOTS.);
#240=B_SPLINE_CURVE_WITH_KNOTS('',2,(#6877,#6878,#6879),.UNSPECIFIED.,.F.,
 .F.,(3,3),(0.,1.),.PIECEWISE_BEZIER_KNOTS.);
#241=B_SPLINE_CURVE_WITH_KNOTS('',2,(#6890,#6891,#6892),.UNSPECIFIED.,.F.,
 .F.,(3,3),(0.,1.),.PIECEWISE_BEZIER_KNOTS.);
#242=B_SPLINE_CURVE_WITH_KNOTS('',2,(#6901,#6902,#6903),.UNSPECIFIED.,.F.,
 .F.,(3,3),(0.,1.),.PIECEWISE_BEZIER_KNOTS.);
#243=B_SPLINE_CURVE_WITH_KNOTS('',2,(#7006,#7007,#7008),.UNSPECIFIED.,.F.,
 .F.,(3,3),(0.,1.),.PIECEWISE_BEZIER_KNOTS.);
#244=B_SPLINE_CURVE_WITH_KNOTS('',2,(#7025,#7026,#7027),.UNSPECIFIED.,.F.,
 .F.,(3,3),(0.,1.),.PIECEWISE_BEZIER_KNOTS.);
#245=B_SPLINE_CURVE_WITH_KNOTS('',2,(#7038,#7039,#7040),.UNSPECIFIED.,.F.,
 .F.,(3,3),(0.,1.),.PIECEWISE_BEZIER_KNOTS.);
#246=B_SPLINE_CURVE_WITH_KNOTS('',2,(#7051,#7052,#7053),.UNSPECIFIED.,.F.,
 .F.,(3,3),(0.,1.),.PIECEWISE_BEZIER_KNOTS.);
#247=B_SPLINE_CURVE_WITH_KNOTS('',2,(#7064,#7065,#7066),.UNSPECIFIED.,.F.,
 .F.,(3,3),(0.,1.),.PIECEWISE_BEZIER_KNOTS.);
#248=B_SPLINE_CURVE_WITH_KNOTS('',2,(#7077,#7078,#7079),.UNSPECIFIED.,.F.,
 .F.,(3,3),(0.,1.),.PIECEWISE_BEZIER_KNOTS.);
#249=B_SPLINE_CURVE_WITH_KNOTS('',2,(#7090,#7091,#7092),.UNSPECIFIED.,.F.,
 .F.,(3,3),(0.,1.),.PIECEWISE_BEZIER_KNOTS.);
#250=B_SPLINE_CURVE_WITH_KNOTS('',2,(#7103,#7104,#7105),.UNSPECIFIED.,.F.,
 .F.,(3,3),(0.,1.),.PIECEWISE_BEZIER_KNOTS.);
#251=B_SPLINE_CURVE_WITH_KNOTS('',2,(#7116,#7117,#7118),.UNSPECIFIED.,.F.,
 .F.,(3,3),(0.,1.),.PIECEWISE_BEZIER_KNOTS.);
#252=B_SPLINE_CURVE_WITH_KNOTS('',2,(#7129,#7130,#7131),.UNSPECIFIED.,.F.,
 .F.,(3,3),(0.,1.),.PIECEWISE_BEZIER_KNOTS.);
#253=B_SPLINE_CURVE_WITH_KNOTS('',2,(#7146,#7147,#7148),.UNSPECIFIED.,.F.,
 .F.,(3,3),(0.,1.),.PIECEWISE_BEZIER_KNOTS.);
#254=B_SPLINE_CURVE_WITH_KNOTS('',2,(#7159,#7160,#7161),.UNSPECIFIED.,.F.,
 .F.,(3,3),(0.,1.),.PIECEWISE_BEZIER_KNOTS.);
#255=B_SPLINE_CURVE_WITH_KNOTS('',2,(#7172,#7173,#7174),.UNSPECIFIED.,.F.,
 .F.,(3,3),(0.,1.),.PIECEWISE_BEZIER_KNOTS.);
#256=B_SPLINE_CURVE_WITH_KNOTS('',2,(#7185,#7186,#7187),.UNSPECIFIED.,.F.,
 .F.,(3,3),(0.,1.),.PIECEWISE_BEZIER_KNOTS.);
#257=B_SPLINE_CURVE_WITH_KNOTS('',2,(#7198,#7199,#7200),.UNSPECIFIED.,.F.,
 .F.,(3,3),(0.,1.),.PIECEWISE_BEZIER_KNOTS.);
#258=B_SPLINE_CURVE_WITH_KNOTS('',2,(#7211,#7212,#7213),.UNSPECIFIED.,.F.,
 .F.,(3,3),(0.,1.),.PIECEWISE_BEZIER_KNOTS.);
#259=B_SPLINE_CURVE_WITH_KNOTS('',2,(#7224,#7225,#7226),.UNSPECIFIED.,.F.,
 .F.,(3,3),(0.,1.),.PIECEWISE_BEZIER_KNOTS.);
#260=B_SPLINE_CURVE_WITH_KNOTS('',2,(#7237,#7238,#7239),.UNSPECIFIED.,.F.,
 .F.,(3,3),(0.,1.),.PIECEWISE_BEZIER_KNOTS.);
#261=B_SPLINE_CURVE_WITH_KNOTS('',2,(#7250,#7251,#7252),.UNSPECIFIED.,.F.,
 .F.,(3,3),(0.,1.),.PIECEWISE_BEZIER_KNOTS.);
#262=B_SPLINE_CURVE_WITH_KNOTS('',2,(#7263,#7264,#7265),.UNSPECIFIED.,.F.,
 .F.,(3,3),(0.,1.),.PIECEWISE_BEZIER_KNOTS.);
#263=B_SPLINE_CURVE_WITH_KNOTS('',2,(#7274,#7275,#7276),.UNSPECIFIED.,.F.,
 .F.,(3,3),(0.,1.),.PIECEWISE_BEZIER_KNOTS.);
#264=B_SPLINE_CURVE_WITH_KNOTS('',2,(#7429,#7430,#7431),.UNSPECIFIED.,.F.,
 .F.,(3,3),(0.,1.),.PIECEWISE_BEZIER_KNOTS.);
#265=B_SPLINE_CURVE_WITH_KNOTS('',2,(#7435,#7436,#7437),.UNSPECIFIED.,.F.,
 .F.,(3,3),(0.,1.),.PIECEWISE_BEZIER_KNOTS.);
#266=B_SPLINE_CURVE_WITH_KNOTS('',2,(#7446,#7447,#7448),.UNSPECIFIED.,.F.,
 .F.,(3,3),(0.,1.),.PIECEWISE_BEZIER_KNOTS.);
#267=B_SPLINE_CURVE_WITH_KNOTS('',2,(#7452,#7453,#7454),.UNSPECIFIED.,.F.,
 .F.,(3,3),(0.,1.),.PIECEWISE_BEZIER_KNOTS.);
#268=B_SPLINE_CURVE_WITH_KNOTS('',2,(#7463,#7464,#7465),.UNSPECIFIED.,.F.,
 .F.,(3,3),(0.,1.),.PIECEWISE_BEZIER_KNOTS.);
#269=B_SPLINE_CURVE_WITH_KNOTS('',2,(#7469,#7470,#7471),.UNSPECIFIED.,.F.,
 .F.,(3,3),(0.,1.),.PIECEWISE_BEZIER_KNOTS.);
#270=B_SPLINE_CURVE_WITH_KNOTS('',2,(#7480,#7481,#7482),.UNSPECIFIED.,.F.,
 .F.,(3,3),(0.,1.),.PIECEWISE_BEZIER_KNOTS.);
#271=B_SPLINE_CURVE_WITH_KNOTS('',2,(#7486,#7487,#7488),.UNSPECIFIED.,.F.,
 .F.,(3,3),(0.,1.),.PIECEWISE_BEZIER_KNOTS.);
#272=B_SPLINE_CURVE_WITH_KNOTS('',2,(#7497,#7498,#7499),.UNSPECIFIED.,.F.,
 .F.,(3,3),(0.,1.),.PIECEWISE_BEZIER_KNOTS.);
#273=B_SPLINE_CURVE_WITH_KNOTS('',2,(#7503,#7504,#7505),.UNSPECIFIED.,.F.,
 .F.,(3,3),(0.,1.),.PIECEWISE_BEZIER_KNOTS.);
#274=B_SPLINE_CURVE_WITH_KNOTS('',2,(#7514,#7515,#7516),.UNSPECIFIED.,.F.,
 .F.,(3,3),(0.,1.),.PIECEWISE_BEZIER_KNOTS.);
#275=B_SPLINE_CURVE_WITH_KNOTS('',2,(#7520,#7521,#7522),.UNSPECIFIED.,.F.,
 .F.,(3,3),(0.,1.),.PIECEWISE_BEZIER_KNOTS.);
#276=B_SPLINE_CURVE_WITH_KNOTS('',2,(#7531,#7532,#7533),.UNSPECIFIED.,.F.,
 .F.,(3,3),(0.,1.),.PIECEWISE_BEZIER_KNOTS.);
#277=B_SPLINE_CURVE_WITH_KNOTS('',2,(#7537,#7538,#7539),.UNSPECIFIED.,.F.,
 .F.,(3,3),(0.,1.),.PIECEWISE_BEZIER_KNOTS.);
#278=B_SPLINE_CURVE_WITH_KNOTS('',2,(#7550,#7551,#7552),.UNSPECIFIED.,.F.,
 .F.,(3,3),(0.,1.),.PIECEWISE_BEZIER_KNOTS.);
#279=B_SPLINE_CURVE_WITH_KNOTS('',2,(#7569,#7570,#7571),.UNSPECIFIED.,.F.,
 .F.,(3,3),(0.,1.),.PIECEWISE_BEZIER_KNOTS.);
#280=B_SPLINE_CURVE_WITH_KNOTS('',2,(#7582,#7583,#7584),.UNSPECIFIED.,.F.,
 .F.,(3,3),(0.,1.),.PIECEWISE_BEZIER_KNOTS.);
#281=B_SPLINE_CURVE_WITH_KNOTS('',2,(#7595,#7596,#7597),.UNSPECIFIED.,.F.,
 .F.,(3,3),(0.,1.),.PIECEWISE_BEZIER_KNOTS.);
#282=B_SPLINE_CURVE_WITH_KNOTS('',2,(#7608,#7609,#7610),.UNSPECIFIED.,.F.,
 .F.,(3,3),(0.,1.),.PIECEWISE_BEZIER_KNOTS.);
#283=B_SPLINE_CURVE_WITH_KNOTS('',2,(#7621,#7622,#7623),.UNSPECIFIED.,.F.,
 .F.,(3,3),(0.,1.),.PIECEWISE_BEZIER_KNOTS.);
#284=B_SPLINE_CURVE_WITH_KNOTS('',2,(#7634,#7635,#7636),.UNSPECIFIED.,.F.,
 .F.,(3,3),(0.,1.),.PIECEWISE_BEZIER_KNOTS.);
#285=B_SPLINE_CURVE_WITH_KNOTS('',2,(#7651,#7652,#7653),.UNSPECIFIED.,.F.,
 .F.,(3,3),(0.,1.),.PIECEWISE_BEZIER_KNOTS.);
#286=B_SPLINE_CURVE_WITH_KNOTS('',2,(#7664,#7665,#7666),.UNSPECIFIED.,.F.,
 .F.,(3,3),(0.,1.),.PIECEWISE_BEZIER_KNOTS.);
#287=B_SPLINE_CURVE_WITH_KNOTS('',2,(#7677,#7678,#7679),.UNSPECIFIED.,.F.,
 .F.,(3,3),(0.,1.),.PIECEWISE_BEZIER_KNOTS.);
#288=B_SPLINE_CURVE_WITH_KNOTS('',2,(#7690,#7691,#7692),.UNSPECIFIED.,.F.,
 .F.,(3,3),(0.,1.),.PIECEWISE_BEZIER_KNOTS.);
#289=B_SPLINE_CURVE_WITH_KNOTS('',2,(#7701,#7702,#7703),.UNSPECIFIED.,.F.,
 .F.,(3,3),(0.,1.),.PIECEWISE_BEZIER_KNOTS.);
#290=B_SPLINE_CURVE_WITH_KNOTS('',2,(#7712,#7713,#7714),.UNSPECIFIED.,.F.,
 .F.,(3,3),(0.,1.),.PIECEWISE_BEZIER_KNOTS.);
#291=B_SPLINE_CURVE_WITH_KNOTS('',2,(#7715,#7716,#7717),.UNSPECIFIED.,.F.,
 .F.,(3,3),(0.,1.),.PIECEWISE_BEZIER_KNOTS.);
#292=B_SPLINE_CURVE_WITH_KNOTS('',2,(#7742,#7743,#7744),.UNSPECIFIED.,.F.,
 .F.,(3,3),(0.,1.),.PIECEWISE_BEZIER_KNOTS.);
#293=B_SPLINE_CURVE_WITH_KNOTS('',2,(#7748,#7749,#7750),.UNSPECIFIED.,.F.,
 .F.,(3,3),(0.,1.),.PIECEWISE_BEZIER_KNOTS.);
#294=B_SPLINE_CURVE_WITH_KNOTS('',2,(#7759,#7760,#7761),.UNSPECIFIED.,.F.,
 .F.,(3,3),(0.,1.),.PIECEWISE_BEZIER_KNOTS.);
#295=B_SPLINE_CURVE_WITH_KNOTS('',2,(#7765,#7766,#7767),.UNSPECIFIED.,.F.,
 .F.,(3,3),(0.,1.),.PIECEWISE_BEZIER_KNOTS.);
#296=B_SPLINE_CURVE_WITH_KNOTS('',2,(#7776,#7777,#7778),.UNSPECIFIED.,.F.,
 .F.,(3,3),(0.,1.),.PIECEWISE_BEZIER_KNOTS.);
#297=B_SPLINE_CURVE_WITH_KNOTS('',2,(#7782,#7783,#7784),.UNSPECIFIED.,.F.,
 .F.,(3,3),(0.,1.),.PIECEWISE_BEZIER_KNOTS.);
#298=B_SPLINE_CURVE_WITH_KNOTS('',2,(#7793,#7794,#7795),.UNSPECIFIED.,.F.,
 .F.,(3,3),(0.,1.),.PIECEWISE_BEZIER_KNOTS.);
#299=B_SPLINE_CURVE_WITH_KNOTS('',2,(#7799,#7800,#7801),.UNSPECIFIED.,.F.,
 .F.,(3,3),(0.,1.),.PIECEWISE_BEZIER_KNOTS.);
#300=B_SPLINE_CURVE_WITH_KNOTS('',2,(#7810,#7811,#7812),.UNSPECIFIED.,.F.,
 .F.,(3,3),(0.,1.),.PIECEWISE_BEZIER_KNOTS.);
#301=B_SPLINE_CURVE_WITH_KNOTS('',2,(#7816,#7817,#7818),.UNSPECIFIED.,.F.,
 .F.,(3,3),(0.,1.),.PIECEWISE_BEZIER_KNOTS.);
#302=B_SPLINE_CURVE_WITH_KNOTS('',2,(#7827,#7828,#7829),.UNSPECIFIED.,.F.,
 .F.,(3,3),(0.,1.),.PIECEWISE_BEZIER_KNOTS.);
#303=B_SPLINE_CURVE_WITH_KNOTS('',2,(#7833,#7834,#7835),.UNSPECIFIED.,.F.,
 .F.,(3,3),(0.,1.),.PIECEWISE_BEZIER_KNOTS.);
#304=B_SPLINE_CURVE_WITH_KNOTS('',2,(#7844,#7845,#7846),.UNSPECIFIED.,.F.,
 .F.,(3,3),(0.,1.),.PIECEWISE_BEZIER_KNOTS.);
#305=B_SPLINE_CURVE_WITH_KNOTS('',2,(#7850,#7851,#7852),.UNSPECIFIED.,.F.,
 .F.,(3,3),(0.,1.),.PIECEWISE_BEZIER_KNOTS.);
#306=B_SPLINE_CURVE_WITH_KNOTS('',2,(#7863,#7864,#7865),.UNSPECIFIED.,.F.,
 .F.,(3,3),(0.,1.),.PIECEWISE_BEZIER_KNOTS.);
#307=B_SPLINE_CURVE_WITH_KNOTS('',2,(#7878,#7879,#7880),.UNSPECIFIED.,.F.,
 .F.,(3,3),(0.,1.),.PIECEWISE_BEZIER_KNOTS.);
#308=B_SPLINE_CURVE_WITH_KNOTS('',2,(#7891,#7892,#7893),.UNSPECIFIED.,.F.,
 .F.,(3,3),(0.,1.),.PIECEWISE_BEZIER_KNOTS.);
#309=B_SPLINE_CURVE_WITH_KNOTS('',2,(#7904,#7905,#7906),.UNSPECIFIED.,.F.,
 .F.,(3,3),(0.,1.),.PIECEWISE_BEZIER_KNOTS.);
#310=B_SPLINE_CURVE_WITH_KNOTS('',2,(#7917,#7918,#7919),.UNSPECIFIED.,.F.,
 .F.,(3,3),(0.,1.),.PIECEWISE_BEZIER_KNOTS.);
#311=B_SPLINE_CURVE_WITH_KNOTS('',2,(#7930,#7931,#7932),.UNSPECIFIED.,.F.,
 .F.,(3,3),(0.,1.),.PIECEWISE_BEZIER_KNOTS.);
#312=B_SPLINE_CURVE_WITH_KNOTS('',2,(#7943,#7944,#7945),.UNSPECIFIED.,.F.,
 .F.,(3,3),(0.,1.),.PIECEWISE_BEZIER_KNOTS.);
#313=B_SPLINE_CURVE_WITH_KNOTS('',2,(#7956,#7957,#7958),.UNSPECIFIED.,.F.,
 .F.,(3,3),(0.,1.),.PIECEWISE_BEZIER_KNOTS.);
#314=B_SPLINE_CURVE_WITH_KNOTS('',2,(#7969,#7970,#7971),.UNSPECIFIED.,.F.,
 .F.,(3,3),(0.,1.),.PIECEWISE_BEZIER_KNOTS.);
#315=B_SPLINE_CURVE_WITH_KNOTS('',2,(#7982,#7983,#7984),.UNSPECIFIED.,.F.,
 .F.,(3,3),(0.,1.),.PIECEWISE_BEZIER_KNOTS.);
#316=B_SPLINE_CURVE_WITH_KNOTS('',2,(#7995,#7996,#7997),.UNSPECIFIED.,.F.,
 .F.,(3,3),(0.,1.),.PIECEWISE_BEZIER_KNOTS.);
#317=B_SPLINE_CURVE_WITH_KNOTS('',2,(#8008,#8009,#8010),.UNSPECIFIED.,.F.,
 .F.,(3,3),(0.,1.),.PIECEWISE_BEZIER_KNOTS.);
#318=B_SPLINE_CURVE_WITH_KNOTS('',2,(#8021,#8022,#8023),.UNSPECIFIED.,.F.,
 .F.,(3,3),(0.,1.),.PIECEWISE_BEZIER_KNOTS.);
#319=B_SPLINE_CURVE_WITH_KNOTS('',2,(#8032,#8033,#8034),.UNSPECIFIED.,.F.,
 .F.,(3,3),(0.,1.),.PIECEWISE_BEZIER_KNOTS.);
#320=B_SPLINE_CURVE_WITH_KNOTS('',2,(#8043,#8044,#8045),.UNSPECIFIED.,.F.,
 .F.,(3,3),(0.,1.),.PIECEWISE_BEZIER_KNOTS.);
#321=B_SPLINE_CURVE_WITH_KNOTS('',2,(#8046,#8047,#8048),.UNSPECIFIED.,.F.,
 .F.,(3,3),(0.,1.),.PIECEWISE_BEZIER_KNOTS.);
#322=B_SPLINE_CURVE_WITH_KNOTS('',2,(#8060,#8061,#8062),.UNSPECIFIED.,.F.,
 .F.,(3,3),(0.,1.),.PIECEWISE_BEZIER_KNOTS.);
#323=B_SPLINE_CURVE_WITH_KNOTS('',2,(#8079,#8080,#8081),.UNSPECIFIED.,.F.,
 .F.,(3,3),(0.,1.),.PIECEWISE_BEZIER_KNOTS.);
#324=B_SPLINE_CURVE_WITH_KNOTS('',2,(#8092,#8093,#8094),.UNSPECIFIED.,.F.,
 .F.,(3,3),(0.,1.),.PIECEWISE_BEZIER_KNOTS.);
#325=B_SPLINE_CURVE_WITH_KNOTS('',2,(#8105,#8106,#8107),.UNSPECIFIED.,.F.,
 .F.,(3,3),(0.,1.),.PIECEWISE_BEZIER_KNOTS.);
#326=B_SPLINE_CURVE_WITH_KNOTS('',2,(#8118,#8119,#8120),.UNSPECIFIED.,.F.,
 .F.,(3,3),(0.,1.),.PIECEWISE_BEZIER_KNOTS.);
#327=B_SPLINE_CURVE_WITH_KNOTS('',2,(#8131,#8132,#8133),.UNSPECIFIED.,.F.,
 .F.,(3,3),(0.,1.),.PIECEWISE_BEZIER_KNOTS.);
#328=B_SPLINE_CURVE_WITH_KNOTS('',2,(#8144,#8145,#8146),.UNSPECIFIED.,.F.,
 .F.,(3,3),(0.,1.),.PIECEWISE_BEZIER_KNOTS.);
#329=B_SPLINE_CURVE_WITH_KNOTS('',2,(#8157,#8158,#8159),.UNSPECIFIED.,.F.,
 .F.,(3,3),(0.,1.),.PIECEWISE_BEZIER_KNOTS.);
#330=B_SPLINE_CURVE_WITH_KNOTS('',2,(#8170,#8171,#8172),.UNSPECIFIED.,.F.,
 .F.,(3,3),(0.,1.),.PIECEWISE_BEZIER_KNOTS.);
#331=B_SPLINE_CURVE_WITH_KNOTS('',2,(#8183,#8184,#8185),.UNSPECIFIED.,.F.,
 .F.,(3,3),(0.,1.),.PIECEWISE_BEZIER_KNOTS.);
#332=B_SPLINE_CURVE_WITH_KNOTS('',2,(#8200,#8201,#8202),.UNSPECIFIED.,.F.,
 .F.,(3,3),(0.,1.),.PIECEWISE_BEZIER_KNOTS.);
#333=B_SPLINE_CURVE_WITH_KNOTS('',2,(#8213,#8214,#8215),.UNSPECIFIED.,.F.,
 .F.,(3,3),(0.,1.),.PIECEWISE_BEZIER_KNOTS.);
#334=B_SPLINE_CURVE_WITH_KNOTS('',2,(#8226,#8227,#8228),.UNSPECIFIED.,.F.,
 .F.,(3,3),(0.,1.),.PIECEWISE_BEZIER_KNOTS.);
#335=B_SPLINE_CURVE_WITH_KNOTS('',2,(#8239,#8240,#8241),.UNSPECIFIED.,.F.,
 .F.,(3,3),(0.,1.),.PIECEWISE_BEZIER_KNOTS.);
#336=B_SPLINE_CURVE_WITH_KNOTS('',2,(#8252,#8253,#8254),.UNSPECIFIED.,.F.,
 .F.,(3,3),(0.,1.),.PIECEWISE_BEZIER_KNOTS.);
#337=B_SPLINE_CURVE_WITH_KNOTS('',2,(#8265,#8266,#8267),.UNSPECIFIED.,.F.,
 .F.,(3,3),(0.,1.),.PIECEWISE_BEZIER_KNOTS.);
#338=B_SPLINE_CURVE_WITH_KNOTS('',2,(#8278,#8279,#8280),.UNSPECIFIED.,.F.,
 .F.,(3,3),(0.,1.),.PIECEWISE_BEZIER_KNOTS.);
#339=B_SPLINE_CURVE_WITH_KNOTS('',2,(#8291,#8292,#8293),.UNSPECIFIED.,.F.,
 .F.,(3,3),(0.,1.),.PIECEWISE_BEZIER_KNOTS.);
#340=B_SPLINE_CURVE_WITH_KNOTS('',2,(#8304,#8305,#8306),.UNSPECIFIED.,.F.,
 .F.,(3,3),(0.,1.),.PIECEWISE_BEZIER_KNOTS.);
#341=B_SPLINE_CURVE_WITH_KNOTS('',2,(#8317,#8318,#8319),.UNSPECIFIED.,.F.,
 .F.,(3,3),(0.,1.),.PIECEWISE_BEZIER_KNOTS.);
#342=B_SPLINE_CURVE_WITH_KNOTS('',2,(#8328,#8329,#8330),.UNSPECIFIED.,.F.,
 .F.,(3,3),(0.,1.),.PIECEWISE_BEZIER_KNOTS.);
#343=CIRCLE('',#4879,0.00275);
#344=CIRCLE('',#4880,0.00275);
#345=CIRCLE('',#4881,0.00330603125357716);
#346=CIRCLE('',#4882,0.00331830474268075);
#347=CIRCLE('',#4888,0.00275);
#348=CIRCLE('',#4889,0.00275);
#349=CIRCLE('',#4891,0.0017);
#350=CIRCLE('',#4892,0.0017);
#351=CIRCLE('',#4894,0.0017);
#352=CIRCLE('',#4895,0.0017);
#353=CIRCLE('',#4983,0.00330603125357716);
#354=CIRCLE('',#4985,0.00331830474268075);
#355=CIRCLE('',#5018,0.0017);
#356=CIRCLE('',#5019,0.0017);
#357=CIRCLE('',#5021,0.0017);
#358=CIRCLE('',#5023,0.0017);
#359=ORIENTED_EDGE('',*,*,#1761,.T.);
#360=ORIENTED_EDGE('',*,*,#1762,.T.);
#361=ORIENTED_EDGE('',*,*,#1763,.T.);
#362=ORIENTED_EDGE('',*,*,#1764,.F.);
#363=ORIENTED_EDGE('',*,*,#1765,.T.);
#364=ORIENTED_EDGE('',*,*,#1766,.T.);
#365=ORIENTED_EDGE('',*,*,#1767,.F.);
#366=ORIENTED_EDGE('',*,*,#1768,.F.);
#367=ORIENTED_EDGE('',*,*,#1769,.F.);
#368=ORIENTED_EDGE('',*,*,#1770,.T.);
#369=ORIENTED_EDGE('',*,*,#1768,.T.);
#370=ORIENTED_EDGE('',*,*,#1771,.F.);
#371=ORIENTED_EDGE('',*,*,#1772,.F.);
#372=ORIENTED_EDGE('',*,*,#1773,.T.);
#373=ORIENTED_EDGE('',*,*,#1774,.T.);
#374=ORIENTED_EDGE('',*,*,#1775,.T.);
#375=ORIENTED_EDGE('',*,*,#1776,.F.);
#376=ORIENTED_EDGE('',*,*,#1777,.T.);
#377=ORIENTED_EDGE('',*,*,#1778,.F.);
#378=ORIENTED_EDGE('',*,*,#1779,.F.);
#379=ORIENTED_EDGE('',*,*,#1780,.F.);
#380=ORIENTED_EDGE('',*,*,#1772,.T.);
#381=ORIENTED_EDGE('',*,*,#1781,.T.);
#382=ORIENTED_EDGE('',*,*,#1782,.F.);
#383=ORIENTED_EDGE('',*,*,#1783,.F.);
#384=ORIENTED_EDGE('',*,*,#1782,.T.);
#385=ORIENTED_EDGE('',*,*,#1784,.T.);
#386=ORIENTED_EDGE('',*,*,#1766,.F.);
#387=ORIENTED_EDGE('',*,*,#1785,.F.);
#388=ORIENTED_EDGE('',*,*,#1786,.T.);
#389=ORIENTED_EDGE('',*,*,#1787,.F.);
#390=ORIENTED_EDGE('',*,*,#1788,.F.);
#391=ORIENTED_EDGE('',*,*,#1789,.F.);
#392=ORIENTED_EDGE('',*,*,#1790,.F.);
#393=ORIENTED_EDGE('',*,*,#1791,.T.);
#394=ORIENTED_EDGE('',*,*,#1792,.T.);
#395=ORIENTED_EDGE('',*,*,#1793,.T.);
#396=ORIENTED_EDGE('',*,*,#1794,.T.);
#397=ORIENTED_EDGE('',*,*,#1795,.T.);
#398=ORIENTED_EDGE('',*,*,#1796,.T.);
#399=ORIENTED_EDGE('',*,*,#1797,.T.);
#400=ORIENTED_EDGE('',*,*,#1798,.T.);
#401=ORIENTED_EDGE('',*,*,#1799,.T.);
#402=ORIENTED_EDGE('',*,*,#1800,.T.);
#403=ORIENTED_EDGE('',*,*,#1801,.T.);
#404=ORIENTED_EDGE('',*,*,#1802,.T.);
#405=ORIENTED_EDGE('',*,*,#1803,.T.);
#406=ORIENTED_EDGE('',*,*,#1804,.T.);
#407=ORIENTED_EDGE('',*,*,#1805,.T.);
#408=ORIENTED_EDGE('',*,*,#1806,.T.);
#409=ORIENTED_EDGE('',*,*,#1807,.T.);
#410=ORIENTED_EDGE('',*,*,#1808,.T.);
#411=ORIENTED_EDGE('',*,*,#1809,.F.);
#412=ORIENTED_EDGE('',*,*,#1810,.T.);
#413=ORIENTED_EDGE('',*,*,#1811,.T.);
#414=ORIENTED_EDGE('',*,*,#1812,.F.);
#415=ORIENTED_EDGE('',*,*,#1813,.T.);
#416=ORIENTED_EDGE('',*,*,#1814,.T.);
#417=ORIENTED_EDGE('',*,*,#1815,.T.);
#418=ORIENTED_EDGE('',*,*,#1816,.T.);
#419=ORIENTED_EDGE('',*,*,#1817,.T.);
#420=ORIENTED_EDGE('',*,*,#1818,.T.);
#421=ORIENTED_EDGE('',*,*,#1819,.T.);
#422=ORIENTED_EDGE('',*,*,#1820,.T.);
#423=ORIENTED_EDGE('',*,*,#1821,.T.);
#424=ORIENTED_EDGE('',*,*,#1822,.T.);
#425=ORIENTED_EDGE('',*,*,#1823,.T.);
#426=ORIENTED_EDGE('',*,*,#1824,.T.);
#427=ORIENTED_EDGE('',*,*,#1825,.T.);
#428=ORIENTED_EDGE('',*,*,#1826,.T.);
#429=ORIENTED_EDGE('',*,*,#1827,.T.);
#430=ORIENTED_EDGE('',*,*,#1828,.T.);
#431=ORIENTED_EDGE('',*,*,#1829,.T.);
#432=ORIENTED_EDGE('',*,*,#1830,.T.);
#433=ORIENTED_EDGE('',*,*,#1831,.T.);
#434=ORIENTED_EDGE('',*,*,#1832,.T.);
#435=ORIENTED_EDGE('',*,*,#1833,.T.);
#436=ORIENTED_EDGE('',*,*,#1834,.T.);
#437=ORIENTED_EDGE('',*,*,#1835,.T.);
#438=ORIENTED_EDGE('',*,*,#1836,.T.);
#439=ORIENTED_EDGE('',*,*,#1837,.T.);
#440=ORIENTED_EDGE('',*,*,#1838,.T.);
#441=ORIENTED_EDGE('',*,*,#1839,.T.);
#442=ORIENTED_EDGE('',*,*,#1840,.T.);
#443=ORIENTED_EDGE('',*,*,#1841,.T.);
#444=ORIENTED_EDGE('',*,*,#1842,.T.);
#445=ORIENTED_EDGE('',*,*,#1843,.T.);
#446=ORIENTED_EDGE('',*,*,#1844,.T.);
#447=ORIENTED_EDGE('',*,*,#1845,.T.);
#448=ORIENTED_EDGE('',*,*,#1846,.T.);
#449=ORIENTED_EDGE('',*,*,#1847,.T.);
#450=ORIENTED_EDGE('',*,*,#1848,.T.);
#451=ORIENTED_EDGE('',*,*,#1849,.T.);
#452=ORIENTED_EDGE('',*,*,#1850,.T.);
#453=ORIENTED_EDGE('',*,*,#1851,.T.);
#454=ORIENTED_EDGE('',*,*,#1852,.T.);
#455=ORIENTED_EDGE('',*,*,#1853,.T.);
#456=ORIENTED_EDGE('',*,*,#1854,.T.);
#457=ORIENTED_EDGE('',*,*,#1855,.T.);
#458=ORIENTED_EDGE('',*,*,#1856,.T.);
#459=ORIENTED_EDGE('',*,*,#1857,.T.);
#460=ORIENTED_EDGE('',*,*,#1858,.T.);
#461=ORIENTED_EDGE('',*,*,#1859,.T.);
#462=ORIENTED_EDGE('',*,*,#1860,.T.);
#463=ORIENTED_EDGE('',*,*,#1861,.T.);
#464=ORIENTED_EDGE('',*,*,#1862,.T.);
#465=ORIENTED_EDGE('',*,*,#1863,.T.);
#466=ORIENTED_EDGE('',*,*,#1864,.T.);
#467=ORIENTED_EDGE('',*,*,#1865,.T.);
#468=ORIENTED_EDGE('',*,*,#1866,.T.);
#469=ORIENTED_EDGE('',*,*,#1867,.T.);
#470=ORIENTED_EDGE('',*,*,#1868,.T.);
#471=ORIENTED_EDGE('',*,*,#1869,.T.);
#472=ORIENTED_EDGE('',*,*,#1870,.T.);
#473=ORIENTED_EDGE('',*,*,#1871,.T.);
#474=ORIENTED_EDGE('',*,*,#1872,.T.);
#475=ORIENTED_EDGE('',*,*,#1873,.T.);
#476=ORIENTED_EDGE('',*,*,#1874,.T.);
#477=ORIENTED_EDGE('',*,*,#1875,.T.);
#478=ORIENTED_EDGE('',*,*,#1876,.T.);
#479=ORIENTED_EDGE('',*,*,#1877,.T.);
#480=ORIENTED_EDGE('',*,*,#1878,.T.);
#481=ORIENTED_EDGE('',*,*,#1879,.T.);
#482=ORIENTED_EDGE('',*,*,#1880,.T.);
#483=ORIENTED_EDGE('',*,*,#1881,.T.);
#484=ORIENTED_EDGE('',*,*,#1882,.T.);
#485=ORIENTED_EDGE('',*,*,#1883,.T.);
#486=ORIENTED_EDGE('',*,*,#1884,.T.);
#487=ORIENTED_EDGE('',*,*,#1885,.T.);
#488=ORIENTED_EDGE('',*,*,#1886,.T.);
#489=ORIENTED_EDGE('',*,*,#1887,.T.);
#490=ORIENTED_EDGE('',*,*,#1888,.T.);
#491=ORIENTED_EDGE('',*,*,#1889,.T.);
#492=ORIENTED_EDGE('',*,*,#1890,.T.);
#493=ORIENTED_EDGE('',*,*,#1891,.T.);
#494=ORIENTED_EDGE('',*,*,#1892,.T.);
#495=ORIENTED_EDGE('',*,*,#1893,.T.);
#496=ORIENTED_EDGE('',*,*,#1894,.T.);
#497=ORIENTED_EDGE('',*,*,#1895,.T.);
#498=ORIENTED_EDGE('',*,*,#1896,.T.);
#499=ORIENTED_EDGE('',*,*,#1897,.T.);
#500=ORIENTED_EDGE('',*,*,#1898,.T.);
#501=ORIENTED_EDGE('',*,*,#1899,.T.);
#502=ORIENTED_EDGE('',*,*,#1900,.T.);
#503=ORIENTED_EDGE('',*,*,#1901,.T.);
#504=ORIENTED_EDGE('',*,*,#1902,.T.);
#505=ORIENTED_EDGE('',*,*,#1903,.T.);
#506=ORIENTED_EDGE('',*,*,#1904,.T.);
#507=ORIENTED_EDGE('',*,*,#1905,.T.);
#508=ORIENTED_EDGE('',*,*,#1906,.T.);
#509=ORIENTED_EDGE('',*,*,#1907,.T.);
#510=ORIENTED_EDGE('',*,*,#1908,.T.);
#511=ORIENTED_EDGE('',*,*,#1909,.T.);
#512=ORIENTED_EDGE('',*,*,#1910,.T.);
#513=ORIENTED_EDGE('',*,*,#1911,.T.);
#514=ORIENTED_EDGE('',*,*,#1912,.T.);
#515=ORIENTED_EDGE('',*,*,#1913,.T.);
#516=ORIENTED_EDGE('',*,*,#1914,.T.);
#517=ORIENTED_EDGE('',*,*,#1915,.T.);
#518=ORIENTED_EDGE('',*,*,#1916,.T.);
#519=ORIENTED_EDGE('',*,*,#1917,.T.);
#520=ORIENTED_EDGE('',*,*,#1918,.T.);
#521=ORIENTED_EDGE('',*,*,#1919,.T.);
#522=ORIENTED_EDGE('',*,*,#1920,.T.);
#523=ORIENTED_EDGE('',*,*,#1921,.T.);
#524=ORIENTED_EDGE('',*,*,#1922,.T.);
#525=ORIENTED_EDGE('',*,*,#1923,.T.);
#526=ORIENTED_EDGE('',*,*,#1924,.T.);
#527=ORIENTED_EDGE('',*,*,#1925,.T.);
#528=ORIENTED_EDGE('',*,*,#1926,.T.);
#529=ORIENTED_EDGE('',*,*,#1927,.T.);
#530=ORIENTED_EDGE('',*,*,#1928,.T.);
#531=ORIENTED_EDGE('',*,*,#1929,.T.);
#532=ORIENTED_EDGE('',*,*,#1930,.T.);
#533=ORIENTED_EDGE('',*,*,#1931,.T.);
#534=ORIENTED_EDGE('',*,*,#1932,.T.);
#535=ORIENTED_EDGE('',*,*,#1933,.T.);
#536=ORIENTED_EDGE('',*,*,#1934,.T.);
#537=ORIENTED_EDGE('',*,*,#1935,.T.);
#538=ORIENTED_EDGE('',*,*,#1936,.T.);
#539=ORIENTED_EDGE('',*,*,#1937,.T.);
#540=ORIENTED_EDGE('',*,*,#1938,.T.);
#541=ORIENTED_EDGE('',*,*,#1939,.T.);
#542=ORIENTED_EDGE('',*,*,#1940,.T.);
#543=ORIENTED_EDGE('',*,*,#1941,.T.);
#544=ORIENTED_EDGE('',*,*,#1942,.T.);
#545=ORIENTED_EDGE('',*,*,#1943,.T.);
#546=ORIENTED_EDGE('',*,*,#1944,.T.);
#547=ORIENTED_EDGE('',*,*,#1945,.T.);
#548=ORIENTED_EDGE('',*,*,#1946,.T.);
#549=ORIENTED_EDGE('',*,*,#1947,.T.);
#550=ORIENTED_EDGE('',*,*,#1948,.T.);
#551=ORIENTED_EDGE('',*,*,#1949,.T.);
#552=ORIENTED_EDGE('',*,*,#1950,.T.);
#553=ORIENTED_EDGE('',*,*,#1951,.T.);
#554=ORIENTED_EDGE('',*,*,#1952,.T.);
#555=ORIENTED_EDGE('',*,*,#1953,.T.);
#556=ORIENTED_EDGE('',*,*,#1954,.T.);
#557=ORIENTED_EDGE('',*,*,#1955,.T.);
#558=ORIENTED_EDGE('',*,*,#1956,.T.);
#559=ORIENTED_EDGE('',*,*,#1957,.T.);
#560=ORIENTED_EDGE('',*,*,#1958,.T.);
#561=ORIENTED_EDGE('',*,*,#1959,.T.);
#562=ORIENTED_EDGE('',*,*,#1960,.T.);
#563=ORIENTED_EDGE('',*,*,#1961,.T.);
#564=ORIENTED_EDGE('',*,*,#1962,.F.);
#565=ORIENTED_EDGE('',*,*,#1963,.T.);
#566=ORIENTED_EDGE('',*,*,#1964,.T.);
#567=ORIENTED_EDGE('',*,*,#1965,.F.);
#568=ORIENTED_EDGE('',*,*,#1966,.F.);
#569=ORIENTED_EDGE('',*,*,#1967,.T.);
#570=ORIENTED_EDGE('',*,*,#1968,.T.);
#571=ORIENTED_EDGE('',*,*,#1969,.F.);
#572=ORIENTED_EDGE('',*,*,#1763,.F.);
#573=ORIENTED_EDGE('',*,*,#1970,.T.);
#574=ORIENTED_EDGE('',*,*,#1971,.F.);
#575=ORIENTED_EDGE('',*,*,#1775,.F.);
#576=ORIENTED_EDGE('',*,*,#1972,.T.);
#577=ORIENTED_EDGE('',*,*,#1973,.F.);
#578=ORIENTED_EDGE('',*,*,#1778,.T.);
#579=ORIENTED_EDGE('',*,*,#1974,.T.);
#580=ORIENTED_EDGE('',*,*,#1975,.F.);
#581=ORIENTED_EDGE('',*,*,#1787,.T.);
#582=ORIENTED_EDGE('',*,*,#1976,.T.);
#583=ORIENTED_EDGE('',*,*,#1977,.F.);
#584=ORIENTED_EDGE('',*,*,#1978,.T.);
#585=ORIENTED_EDGE('',*,*,#1979,.T.);
#586=ORIENTED_EDGE('',*,*,#1980,.F.);
#587=ORIENTED_EDGE('',*,*,#1981,.F.);
#588=ORIENTED_EDGE('',*,*,#1982,.F.);
#589=ORIENTED_EDGE('',*,*,#1983,.T.);
#590=ORIENTED_EDGE('',*,*,#1984,.T.);
#591=ORIENTED_EDGE('',*,*,#1985,.F.);
#592=ORIENTED_EDGE('',*,*,#1986,.T.);
#593=ORIENTED_EDGE('',*,*,#1987,.T.);
#594=ORIENTED_EDGE('',*,*,#1988,.F.);
#595=ORIENTED_EDGE('',*,*,#1989,.F.);
#596=ORIENTED_EDGE('',*,*,#1990,.F.);
#597=ORIENTED_EDGE('',*,*,#1991,.F.);
#598=ORIENTED_EDGE('',*,*,#1992,.T.);
#599=ORIENTED_EDGE('',*,*,#1993,.T.);
#600=ORIENTED_EDGE('',*,*,#1994,.F.);
#601=ORIENTED_EDGE('',*,*,#1995,.T.);
#602=ORIENTED_EDGE('',*,*,#1996,.T.);
#603=ORIENTED_EDGE('',*,*,#1997,.F.);
#604=ORIENTED_EDGE('',*,*,#1998,.F.);
#605=ORIENTED_EDGE('',*,*,#1999,.T.);
#606=ORIENTED_EDGE('',*,*,#2000,.T.);
#607=ORIENTED_EDGE('',*,*,#2001,.F.);
#608=ORIENTED_EDGE('',*,*,#2002,.F.);
#609=ORIENTED_EDGE('',*,*,#2003,.T.);
#610=ORIENTED_EDGE('',*,*,#2004,.T.);
#611=ORIENTED_EDGE('',*,*,#2005,.F.);
#612=ORIENTED_EDGE('',*,*,#2006,.T.);
#613=ORIENTED_EDGE('',*,*,#2007,.T.);
#614=ORIENTED_EDGE('',*,*,#2008,.F.);
#615=ORIENTED_EDGE('',*,*,#2009,.T.);
#616=ORIENTED_EDGE('',*,*,#2010,.T.);
#617=ORIENTED_EDGE('',*,*,#2011,.F.);
#618=ORIENTED_EDGE('',*,*,#2012,.F.);
#619=ORIENTED_EDGE('',*,*,#2013,.F.);
#620=ORIENTED_EDGE('',*,*,#1985,.T.);
#621=ORIENTED_EDGE('',*,*,#2014,.T.);
#622=ORIENTED_EDGE('',*,*,#2015,.T.);
#623=ORIENTED_EDGE('',*,*,#1988,.T.);
#624=ORIENTED_EDGE('',*,*,#2016,.F.);
#625=ORIENTED_EDGE('',*,*,#2017,.F.);
#626=ORIENTED_EDGE('',*,*,#1993,.F.);
#627=ORIENTED_EDGE('',*,*,#2018,.T.);
#628=ORIENTED_EDGE('',*,*,#2019,.T.);
#629=ORIENTED_EDGE('',*,*,#1980,.T.);
#630=ORIENTED_EDGE('',*,*,#2020,.F.);
#631=ORIENTED_EDGE('',*,*,#2021,.T.);
#632=ORIENTED_EDGE('',*,*,#2022,.T.);
#633=ORIENTED_EDGE('',*,*,#2023,.F.);
#634=ORIENTED_EDGE('',*,*,#2002,.T.);
#635=ORIENTED_EDGE('',*,*,#2024,.T.);
#636=ORIENTED_EDGE('',*,*,#1810,.F.);
#637=ORIENTED_EDGE('',*,*,#2025,.F.);
#638=ORIENTED_EDGE('',*,*,#2025,.T.);
#639=ORIENTED_EDGE('',*,*,#1809,.T.);
#640=ORIENTED_EDGE('',*,*,#2026,.F.);
#641=ORIENTED_EDGE('',*,*,#2003,.F.);
#642=ORIENTED_EDGE('',*,*,#2026,.T.);
#643=ORIENTED_EDGE('',*,*,#1812,.T.);
#644=ORIENTED_EDGE('',*,*,#2027,.F.);
#645=ORIENTED_EDGE('',*,*,#2004,.F.);
#646=ORIENTED_EDGE('',*,*,#2005,.T.);
#647=ORIENTED_EDGE('',*,*,#2027,.T.);
#648=ORIENTED_EDGE('',*,*,#1811,.F.);
#649=ORIENTED_EDGE('',*,*,#2024,.F.);
#650=ORIENTED_EDGE('',*,*,#1814,.F.);
#651=ORIENTED_EDGE('',*,*,#2028,.F.);
#652=ORIENTED_EDGE('',*,*,#2029,.T.);
#653=ORIENTED_EDGE('',*,*,#2030,.T.);
#654=ORIENTED_EDGE('',*,*,#1813,.F.);
#655=ORIENTED_EDGE('',*,*,#2031,.F.);
#656=ORIENTED_EDGE('',*,*,#2032,.T.);
#657=ORIENTED_EDGE('',*,*,#2028,.T.);
#658=ORIENTED_EDGE('',*,*,#1825,.F.);
#659=ORIENTED_EDGE('',*,*,#2033,.F.);
#660=ORIENTED_EDGE('',*,*,#2034,.T.);
#661=ORIENTED_EDGE('',*,*,#2031,.T.);
#662=ORIENTED_EDGE('',*,*,#1824,.F.);
#663=ORIENTED_EDGE('',*,*,#2035,.F.);
#664=ORIENTED_EDGE('',*,*,#2036,.T.);
#665=ORIENTED_EDGE('',*,*,#2033,.T.);
#666=ORIENTED_EDGE('',*,*,#1823,.F.);
#667=ORIENTED_EDGE('',*,*,#2037,.F.);
#668=ORIENTED_EDGE('',*,*,#2038,.T.);
#669=ORIENTED_EDGE('',*,*,#2035,.T.);
#670=ORIENTED_EDGE('',*,*,#1822,.F.);
#671=ORIENTED_EDGE('',*,*,#2039,.F.);
#672=ORIENTED_EDGE('',*,*,#2040,.T.);
#673=ORIENTED_EDGE('',*,*,#2037,.T.);
#674=ORIENTED_EDGE('',*,*,#1821,.F.);
#675=ORIENTED_EDGE('',*,*,#2041,.F.);
#676=ORIENTED_EDGE('',*,*,#2042,.T.);
#677=ORIENTED_EDGE('',*,*,#2039,.T.);
#678=ORIENTED_EDGE('',*,*,#1820,.F.);
#679=ORIENTED_EDGE('',*,*,#2043,.F.);
#680=ORIENTED_EDGE('',*,*,#2044,.T.);
#681=ORIENTED_EDGE('',*,*,#2041,.T.);
#682=ORIENTED_EDGE('',*,*,#1819,.F.);
#683=ORIENTED_EDGE('',*,*,#2045,.F.);
#684=ORIENTED_EDGE('',*,*,#2046,.T.);
#685=ORIENTED_EDGE('',*,*,#2043,.T.);
#686=ORIENTED_EDGE('',*,*,#1818,.F.);
#687=ORIENTED_EDGE('',*,*,#2047,.F.);
#688=ORIENTED_EDGE('',*,*,#2048,.T.);
#689=ORIENTED_EDGE('',*,*,#2045,.T.);
#690=ORIENTED_EDGE('',*,*,#1817,.F.);
#691=ORIENTED_EDGE('',*,*,#2049,.F.);
#692=ORIENTED_EDGE('',*,*,#2050,.T.);
#693=ORIENTED_EDGE('',*,*,#2047,.T.);
#694=ORIENTED_EDGE('',*,*,#1816,.F.);
#695=ORIENTED_EDGE('',*,*,#2051,.F.);
#696=ORIENTED_EDGE('',*,*,#2052,.T.);
#697=ORIENTED_EDGE('',*,*,#2049,.T.);
#698=ORIENTED_EDGE('',*,*,#1815,.F.);
#699=ORIENTED_EDGE('',*,*,#2030,.F.);
#700=ORIENTED_EDGE('',*,*,#2053,.T.);
#701=ORIENTED_EDGE('',*,*,#2051,.T.);
#702=ORIENTED_EDGE('',*,*,#2029,.F.);
#703=ORIENTED_EDGE('',*,*,#2032,.F.);
#704=ORIENTED_EDGE('',*,*,#2034,.F.);
#705=ORIENTED_EDGE('',*,*,#2036,.F.);
#706=ORIENTED_EDGE('',*,*,#2038,.F.);
#707=ORIENTED_EDGE('',*,*,#2040,.F.);
#708=ORIENTED_EDGE('',*,*,#2042,.F.);
#709=ORIENTED_EDGE('',*,*,#2044,.F.);
#710=ORIENTED_EDGE('',*,*,#2046,.F.);
#711=ORIENTED_EDGE('',*,*,#2048,.F.);
#712=ORIENTED_EDGE('',*,*,#2050,.F.);
#713=ORIENTED_EDGE('',*,*,#2052,.F.);
#714=ORIENTED_EDGE('',*,*,#2053,.F.);
#715=ORIENTED_EDGE('',*,*,#1827,.F.);
#716=ORIENTED_EDGE('',*,*,#2054,.F.);
#717=ORIENTED_EDGE('',*,*,#2055,.T.);
#718=ORIENTED_EDGE('',*,*,#2056,.T.);
#719=ORIENTED_EDGE('',*,*,#1826,.F.);
#720=ORIENTED_EDGE('',*,*,#2057,.F.);
#721=ORIENTED_EDGE('',*,*,#2058,.T.);
#722=ORIENTED_EDGE('',*,*,#2054,.T.);
#723=ORIENTED_EDGE('',*,*,#1848,.F.);
#724=ORIENTED_EDGE('',*,*,#2059,.F.);
#725=ORIENTED_EDGE('',*,*,#2060,.T.);
#726=ORIENTED_EDGE('',*,*,#2057,.T.);
#727=ORIENTED_EDGE('',*,*,#1847,.F.);
#728=ORIENTED_EDGE('',*,*,#2061,.F.);
#729=ORIENTED_EDGE('',*,*,#2062,.T.);
#730=ORIENTED_EDGE('',*,*,#2059,.T.);
#731=ORIENTED_EDGE('',*,*,#1846,.F.);
#732=ORIENTED_EDGE('',*,*,#2063,.F.);
#733=ORIENTED_EDGE('',*,*,#2064,.T.);
#734=ORIENTED_EDGE('',*,*,#2061,.T.);
#735=ORIENTED_EDGE('',*,*,#1845,.F.);
#736=ORIENTED_EDGE('',*,*,#2065,.F.);
#737=ORIENTED_EDGE('',*,*,#2066,.T.);
#738=ORIENTED_EDGE('',*,*,#2063,.T.);
#739=ORIENTED_EDGE('',*,*,#1844,.F.);
#740=ORIENTED_EDGE('',*,*,#2067,.F.);
#741=ORIENTED_EDGE('',*,*,#2068,.T.);
#742=ORIENTED_EDGE('',*,*,#2065,.T.);
#743=ORIENTED_EDGE('',*,*,#1843,.F.);
#744=ORIENTED_EDGE('',*,*,#2069,.F.);
#745=ORIENTED_EDGE('',*,*,#2070,.T.);
#746=ORIENTED_EDGE('',*,*,#2067,.T.);
#747=ORIENTED_EDGE('',*,*,#1842,.F.);
#748=ORIENTED_EDGE('',*,*,#2071,.F.);
#749=ORIENTED_EDGE('',*,*,#2072,.T.);
#750=ORIENTED_EDGE('',*,*,#2069,.T.);
#751=ORIENTED_EDGE('',*,*,#1841,.F.);
#752=ORIENTED_EDGE('',*,*,#2073,.F.);
#753=ORIENTED_EDGE('',*,*,#2074,.T.);
#754=ORIENTED_EDGE('',*,*,#2071,.T.);
#755=ORIENTED_EDGE('',*,*,#1840,.F.);
#756=ORIENTED_EDGE('',*,*,#2075,.F.);
#757=ORIENTED_EDGE('',*,*,#2076,.T.);
#758=ORIENTED_EDGE('',*,*,#2073,.T.);
#759=ORIENTED_EDGE('',*,*,#1839,.F.);
#760=ORIENTED_EDGE('',*,*,#2077,.F.);
#761=ORIENTED_EDGE('',*,*,#2078,.T.);
#762=ORIENTED_EDGE('',*,*,#2075,.T.);
#763=ORIENTED_EDGE('',*,*,#1838,.F.);
#764=ORIENTED_EDGE('',*,*,#2079,.F.);
#765=ORIENTED_EDGE('',*,*,#2080,.T.);
#766=ORIENTED_EDGE('',*,*,#2077,.T.);
#767=ORIENTED_EDGE('',*,*,#1837,.F.);
#768=ORIENTED_EDGE('',*,*,#2081,.F.);
#769=ORIENTED_EDGE('',*,*,#2082,.T.);
#770=ORIENTED_EDGE('',*,*,#2079,.T.);
#771=ORIENTED_EDGE('',*,*,#1836,.F.);
#772=ORIENTED_EDGE('',*,*,#2083,.F.);
#773=ORIENTED_EDGE('',*,*,#2084,.T.);
#774=ORIENTED_EDGE('',*,*,#2081,.T.);
#775=ORIENTED_EDGE('',*,*,#1835,.F.);
#776=ORIENTED_EDGE('',*,*,#2085,.F.);
#777=ORIENTED_EDGE('',*,*,#2086,.T.);
#778=ORIENTED_EDGE('',*,*,#2083,.T.);
#779=ORIENTED_EDGE('',*,*,#1834,.F.);
#780=ORIENTED_EDGE('',*,*,#2087,.F.);
#781=ORIENTED_EDGE('',*,*,#2088,.T.);
#782=ORIENTED_EDGE('',*,*,#2085,.T.);
#783=ORIENTED_EDGE('',*,*,#1833,.F.);
#784=ORIENTED_EDGE('',*,*,#2089,.F.);
#785=ORIENTED_EDGE('',*,*,#2090,.T.);
#786=ORIENTED_EDGE('',*,*,#2087,.T.);
#787=ORIENTED_EDGE('',*,*,#1832,.F.);
#788=ORIENTED_EDGE('',*,*,#2091,.F.);
#789=ORIENTED_EDGE('',*,*,#2092,.T.);
#790=ORIENTED_EDGE('',*,*,#2089,.T.);
#791=ORIENTED_EDGE('',*,*,#1831,.F.);
#792=ORIENTED_EDGE('',*,*,#2093,.F.);
#793=ORIENTED_EDGE('',*,*,#2094,.T.);
#794=ORIENTED_EDGE('',*,*,#2091,.T.);
#795=ORIENTED_EDGE('',*,*,#1830,.F.);
#796=ORIENTED_EDGE('',*,*,#2095,.F.);
#797=ORIENTED_EDGE('',*,*,#2096,.T.);
#798=ORIENTED_EDGE('',*,*,#2093,.T.);
#799=ORIENTED_EDGE('',*,*,#1829,.F.);
#800=ORIENTED_EDGE('',*,*,#2097,.F.);
#801=ORIENTED_EDGE('',*,*,#2098,.T.);
#802=ORIENTED_EDGE('',*,*,#2095,.T.);
#803=ORIENTED_EDGE('',*,*,#1828,.F.);
#804=ORIENTED_EDGE('',*,*,#2056,.F.);
#805=ORIENTED_EDGE('',*,*,#2099,.T.);
#806=ORIENTED_EDGE('',*,*,#2097,.T.);
#807=ORIENTED_EDGE('',*,*,#2055,.F.);
#808=ORIENTED_EDGE('',*,*,#2058,.F.);
#809=ORIENTED_EDGE('',*,*,#2060,.F.);
#810=ORIENTED_EDGE('',*,*,#2062,.F.);
#811=ORIENTED_EDGE('',*,*,#2064,.F.);
#812=ORIENTED_EDGE('',*,*,#2066,.F.);
#813=ORIENTED_EDGE('',*,*,#2068,.F.);
#814=ORIENTED_EDGE('',*,*,#2070,.F.);
#815=ORIENTED_EDGE('',*,*,#2072,.F.);
#816=ORIENTED_EDGE('',*,*,#2074,.F.);
#817=ORIENTED_EDGE('',*,*,#2076,.F.);
#818=ORIENTED_EDGE('',*,*,#2078,.F.);
#819=ORIENTED_EDGE('',*,*,#2080,.F.);
#820=ORIENTED_EDGE('',*,*,#2082,.F.);
#821=ORIENTED_EDGE('',*,*,#2084,.F.);
#822=ORIENTED_EDGE('',*,*,#2086,.F.);
#823=ORIENTED_EDGE('',*,*,#2088,.F.);
#824=ORIENTED_EDGE('',*,*,#2090,.F.);
#825=ORIENTED_EDGE('',*,*,#2092,.F.);
#826=ORIENTED_EDGE('',*,*,#2094,.F.);
#827=ORIENTED_EDGE('',*,*,#2096,.F.);
#828=ORIENTED_EDGE('',*,*,#2098,.F.);
#829=ORIENTED_EDGE('',*,*,#2099,.F.);
#830=ORIENTED_EDGE('',*,*,#1850,.F.);
#831=ORIENTED_EDGE('',*,*,#2100,.F.);
#832=ORIENTED_EDGE('',*,*,#2101,.T.);
#833=ORIENTED_EDGE('',*,*,#2102,.T.);
#834=ORIENTED_EDGE('',*,*,#1849,.F.);
#835=ORIENTED_EDGE('',*,*,#2103,.F.);
#836=ORIENTED_EDGE('',*,*,#2104,.T.);
#837=ORIENTED_EDGE('',*,*,#2100,.T.);
#838=ORIENTED_EDGE('',*,*,#1854,.F.);
#839=ORIENTED_EDGE('',*,*,#2105,.F.);
#840=ORIENTED_EDGE('',*,*,#2106,.T.);
#841=ORIENTED_EDGE('',*,*,#2103,.T.);
#842=ORIENTED_EDGE('',*,*,#1853,.F.);
#843=ORIENTED_EDGE('',*,*,#2107,.F.);
#844=ORIENTED_EDGE('',*,*,#2108,.T.);
#845=ORIENTED_EDGE('',*,*,#2105,.T.);
#846=ORIENTED_EDGE('',*,*,#1852,.F.);
#847=ORIENTED_EDGE('',*,*,#2109,.F.);
#848=ORIENTED_EDGE('',*,*,#2110,.T.);
#849=ORIENTED_EDGE('',*,*,#2107,.T.);
#850=ORIENTED_EDGE('',*,*,#1851,.F.);
#851=ORIENTED_EDGE('',*,*,#2102,.F.);
#852=ORIENTED_EDGE('',*,*,#2111,.T.);
#853=ORIENTED_EDGE('',*,*,#2109,.T.);
#854=ORIENTED_EDGE('',*,*,#2101,.F.);
#855=ORIENTED_EDGE('',*,*,#2104,.F.);
#856=ORIENTED_EDGE('',*,*,#2106,.F.);
#857=ORIENTED_EDGE('',*,*,#2108,.F.);
#858=ORIENTED_EDGE('',*,*,#2110,.F.);
#859=ORIENTED_EDGE('',*,*,#2111,.F.);
#860=ORIENTED_EDGE('',*,*,#1856,.F.);
#861=ORIENTED_EDGE('',*,*,#2112,.F.);
#862=ORIENTED_EDGE('',*,*,#2113,.T.);
#863=ORIENTED_EDGE('',*,*,#2114,.T.);
#864=ORIENTED_EDGE('',*,*,#1855,.F.);
#865=ORIENTED_EDGE('',*,*,#2115,.F.);
#866=ORIENTED_EDGE('',*,*,#2116,.T.);
#867=ORIENTED_EDGE('',*,*,#2112,.T.);
#868=ORIENTED_EDGE('',*,*,#1864,.F.);
#869=ORIENTED_EDGE('',*,*,#2117,.F.);
#870=ORIENTED_EDGE('',*,*,#2118,.T.);
#871=ORIENTED_EDGE('',*,*,#2115,.T.);
#872=ORIENTED_EDGE('',*,*,#1863,.F.);
#873=ORIENTED_EDGE('',*,*,#2119,.F.);
#874=ORIENTED_EDGE('',*,*,#2120,.T.);
#875=ORIENTED_EDGE('',*,*,#2117,.T.);
#876=ORIENTED_EDGE('',*,*,#1862,.F.);
#877=ORIENTED_EDGE('',*,*,#2121,.F.);
#878=ORIENTED_EDGE('',*,*,#2122,.T.);
#879=ORIENTED_EDGE('',*,*,#2119,.T.);
#880=ORIENTED_EDGE('',*,*,#1861,.F.);
#881=ORIENTED_EDGE('',*,*,#2123,.F.);
#882=ORIENTED_EDGE('',*,*,#2124,.T.);
#883=ORIENTED_EDGE('',*,*,#2121,.T.);
#884=ORIENTED_EDGE('',*,*,#1860,.F.);
#885=ORIENTED_EDGE('',*,*,#2125,.F.);
#886=ORIENTED_EDGE('',*,*,#2126,.T.);
#887=ORIENTED_EDGE('',*,*,#2123,.T.);
#888=ORIENTED_EDGE('',*,*,#1859,.F.);
#889=ORIENTED_EDGE('',*,*,#2127,.F.);
#890=ORIENTED_EDGE('',*,*,#2128,.T.);
#891=ORIENTED_EDGE('',*,*,#2125,.T.);
#892=ORIENTED_EDGE('',*,*,#1858,.F.);
#893=ORIENTED_EDGE('',*,*,#2129,.F.);
#894=ORIENTED_EDGE('',*,*,#2130,.T.);
#895=ORIENTED_EDGE('',*,*,#2127,.T.);
#896=ORIENTED_EDGE('',*,*,#1857,.F.);
#897=ORIENTED_EDGE('',*,*,#2114,.F.);
#898=ORIENTED_EDGE('',*,*,#2131,.T.);
#899=ORIENTED_EDGE('',*,*,#2129,.T.);
#900=ORIENTED_EDGE('',*,*,#2113,.F.);
#901=ORIENTED_EDGE('',*,*,#2116,.F.);
#902=ORIENTED_EDGE('',*,*,#2118,.F.);
#903=ORIENTED_EDGE('',*,*,#2120,.F.);
#904=ORIENTED_EDGE('',*,*,#2122,.F.);
#905=ORIENTED_EDGE('',*,*,#2124,.F.);
#906=ORIENTED_EDGE('',*,*,#2126,.F.);
#907=ORIENTED_EDGE('',*,*,#2128,.F.);
#908=ORIENTED_EDGE('',*,*,#2130,.F.);
#909=ORIENTED_EDGE('',*,*,#2131,.F.);
#910=ORIENTED_EDGE('',*,*,#1866,.F.);
#911=ORIENTED_EDGE('',*,*,#2132,.F.);
#912=ORIENTED_EDGE('',*,*,#2133,.T.);
#913=ORIENTED_EDGE('',*,*,#2134,.T.);
#914=ORIENTED_EDGE('',*,*,#1865,.F.);
#915=ORIENTED_EDGE('',*,*,#2135,.F.);
#916=ORIENTED_EDGE('',*,*,#2136,.T.);
#917=ORIENTED_EDGE('',*,*,#2132,.T.);
#918=ORIENTED_EDGE('',*,*,#1870,.F.);
#919=ORIENTED_EDGE('',*,*,#2137,.F.);
#920=ORIENTED_EDGE('',*,*,#2138,.T.);
#921=ORIENTED_EDGE('',*,*,#2135,.T.);
#922=ORIENTED_EDGE('',*,*,#1869,.F.);
#923=ORIENTED_EDGE('',*,*,#2139,.F.);
#924=ORIENTED_EDGE('',*,*,#2140,.T.);
#925=ORIENTED_EDGE('',*,*,#2137,.T.);
#926=ORIENTED_EDGE('',*,*,#1868,.F.);
#927=ORIENTED_EDGE('',*,*,#2141,.F.);
#928=ORIENTED_EDGE('',*,*,#2142,.T.);
#929=ORIENTED_EDGE('',*,*,#2139,.T.);
#930=ORIENTED_EDGE('',*,*,#1867,.F.);
#931=ORIENTED_EDGE('',*,*,#2134,.F.);
#932=ORIENTED_EDGE('',*,*,#2143,.T.);
#933=ORIENTED_EDGE('',*,*,#2141,.T.);
#934=ORIENTED_EDGE('',*,*,#2133,.F.);
#935=ORIENTED_EDGE('',*,*,#2136,.F.);
#936=ORIENTED_EDGE('',*,*,#2138,.F.);
#937=ORIENTED_EDGE('',*,*,#2140,.F.);
#938=ORIENTED_EDGE('',*,*,#2142,.F.);
#939=ORIENTED_EDGE('',*,*,#2143,.F.);
#940=ORIENTED_EDGE('',*,*,#1872,.F.);
#941=ORIENTED_EDGE('',*,*,#2144,.F.);
#942=ORIENTED_EDGE('',*,*,#2145,.T.);
#943=ORIENTED_EDGE('',*,*,#2146,.T.);
#944=ORIENTED_EDGE('',*,*,#1871,.F.);
#945=ORIENTED_EDGE('',*,*,#2147,.F.);
#946=ORIENTED_EDGE('',*,*,#2148,.T.);
#947=ORIENTED_EDGE('',*,*,#2144,.T.);
#948=ORIENTED_EDGE('',*,*,#1893,.F.);
#949=ORIENTED_EDGE('',*,*,#2149,.F.);
#950=ORIENTED_EDGE('',*,*,#2150,.T.);
#951=ORIENTED_EDGE('',*,*,#2147,.T.);
#952=ORIENTED_EDGE('',*,*,#1892,.F.);
#953=ORIENTED_EDGE('',*,*,#2151,.F.);
#954=ORIENTED_EDGE('',*,*,#2152,.T.);
#955=ORIENTED_EDGE('',*,*,#2149,.T.);
#956=ORIENTED_EDGE('',*,*,#1891,.F.);
#957=ORIENTED_EDGE('',*,*,#2153,.F.);
#958=ORIENTED_EDGE('',*,*,#2154,.T.);
#959=ORIENTED_EDGE('',*,*,#2151,.T.);
#960=ORIENTED_EDGE('',*,*,#1890,.F.);
#961=ORIENTED_EDGE('',*,*,#2155,.F.);
#962=ORIENTED_EDGE('',*,*,#2156,.T.);
#963=ORIENTED_EDGE('',*,*,#2153,.T.);
#964=ORIENTED_EDGE('',*,*,#1889,.F.);
#965=ORIENTED_EDGE('',*,*,#2157,.F.);
#966=ORIENTED_EDGE('',*,*,#2158,.T.);
#967=ORIENTED_EDGE('',*,*,#2155,.T.);
#968=ORIENTED_EDGE('',*,*,#1888,.F.);
#969=ORIENTED_EDGE('',*,*,#2159,.F.);
#970=ORIENTED_EDGE('',*,*,#2160,.T.);
#971=ORIENTED_EDGE('',*,*,#2157,.T.);
#972=ORIENTED_EDGE('',*,*,#1887,.F.);
#973=ORIENTED_EDGE('',*,*,#2161,.F.);
#974=ORIENTED_EDGE('',*,*,#2162,.T.);
#975=ORIENTED_EDGE('',*,*,#2159,.T.);
#976=ORIENTED_EDGE('',*,*,#1886,.F.);
#977=ORIENTED_EDGE('',*,*,#2163,.F.);
#978=ORIENTED_EDGE('',*,*,#2164,.T.);
#979=ORIENTED_EDGE('',*,*,#2161,.T.);
#980=ORIENTED_EDGE('',*,*,#1885,.F.);
#981=ORIENTED_EDGE('',*,*,#2165,.F.);
#982=ORIENTED_EDGE('',*,*,#2166,.T.);
#983=ORIENTED_EDGE('',*,*,#2163,.T.);
#984=ORIENTED_EDGE('',*,*,#1884,.F.);
#985=ORIENTED_EDGE('',*,*,#2167,.F.);
#986=ORIENTED_EDGE('',*,*,#2168,.T.);
#987=ORIENTED_EDGE('',*,*,#2165,.T.);
#988=ORIENTED_EDGE('',*,*,#1883,.F.);
#989=ORIENTED_EDGE('',*,*,#2169,.F.);
#990=ORIENTED_EDGE('',*,*,#2170,.T.);
#991=ORIENTED_EDGE('',*,*,#2167,.T.);
#992=ORIENTED_EDGE('',*,*,#1882,.F.);
#993=ORIENTED_EDGE('',*,*,#2171,.F.);
#994=ORIENTED_EDGE('',*,*,#2172,.T.);
#995=ORIENTED_EDGE('',*,*,#2169,.T.);
#996=ORIENTED_EDGE('',*,*,#1881,.F.);
#997=ORIENTED_EDGE('',*,*,#2173,.F.);
#998=ORIENTED_EDGE('',*,*,#2174,.T.);
#999=ORIENTED_EDGE('',*,*,#2171,.T.);
#1000=ORIENTED_EDGE('',*,*,#1880,.F.);
#1001=ORIENTED_EDGE('',*,*,#2175,.F.);
#1002=ORIENTED_EDGE('',*,*,#2176,.T.);
#1003=ORIENTED_EDGE('',*,*,#2173,.T.);
#1004=ORIENTED_EDGE('',*,*,#1879,.F.);
#1005=ORIENTED_EDGE('',*,*,#2177,.F.);
#1006=ORIENTED_EDGE('',*,*,#2178,.T.);
#1007=ORIENTED_EDGE('',*,*,#2175,.T.);
#1008=ORIENTED_EDGE('',*,*,#1878,.F.);
#1009=ORIENTED_EDGE('',*,*,#2179,.F.);
#1010=ORIENTED_EDGE('',*,*,#2180,.T.);
#1011=ORIENTED_EDGE('',*,*,#2177,.T.);
#1012=ORIENTED_EDGE('',*,*,#1877,.F.);
#1013=ORIENTED_EDGE('',*,*,#2181,.F.);
#1014=ORIENTED_EDGE('',*,*,#2182,.T.);
#1015=ORIENTED_EDGE('',*,*,#2179,.T.);
#1016=ORIENTED_EDGE('',*,*,#1876,.F.);
#1017=ORIENTED_EDGE('',*,*,#2183,.F.);
#1018=ORIENTED_EDGE('',*,*,#2184,.T.);
#1019=ORIENTED_EDGE('',*,*,#2181,.T.);
#1020=ORIENTED_EDGE('',*,*,#1875,.F.);
#1021=ORIENTED_EDGE('',*,*,#2185,.F.);
#1022=ORIENTED_EDGE('',*,*,#2186,.T.);
#1023=ORIENTED_EDGE('',*,*,#2183,.T.);
#1024=ORIENTED_EDGE('',*,*,#1874,.F.);
#1025=ORIENTED_EDGE('',*,*,#2187,.F.);
#1026=ORIENTED_EDGE('',*,*,#2188,.T.);
#1027=ORIENTED_EDGE('',*,*,#2185,.T.);
#1028=ORIENTED_EDGE('',*,*,#1873,.F.);
#1029=ORIENTED_EDGE('',*,*,#2146,.F.);
#1030=ORIENTED_EDGE('',*,*,#2189,.T.);
#1031=ORIENTED_EDGE('',*,*,#2187,.T.);
#1032=ORIENTED_EDGE('',*,*,#2145,.F.);
#1033=ORIENTED_EDGE('',*,*,#2148,.F.);
#1034=ORIENTED_EDGE('',*,*,#2150,.F.);
#1035=ORIENTED_EDGE('',*,*,#2152,.F.);
#1036=ORIENTED_EDGE('',*,*,#2154,.F.);
#1037=ORIENTED_EDGE('',*,*,#2156,.F.);
#1038=ORIENTED_EDGE('',*,*,#2158,.F.);
#1039=ORIENTED_EDGE('',*,*,#2160,.F.);
#1040=ORIENTED_EDGE('',*,*,#2162,.F.);
#1041=ORIENTED_EDGE('',*,*,#2164,.F.);
#1042=ORIENTED_EDGE('',*,*,#2166,.F.);
#1043=ORIENTED_EDGE('',*,*,#2168,.F.);
#1044=ORIENTED_EDGE('',*,*,#2170,.F.);
#1045=ORIENTED_EDGE('',*,*,#2172,.F.);
#1046=ORIENTED_EDGE('',*,*,#2174,.F.);
#1047=ORIENTED_EDGE('',*,*,#2176,.F.);
#1048=ORIENTED_EDGE('',*,*,#2178,.F.);
#1049=ORIENTED_EDGE('',*,*,#2180,.F.);
#1050=ORIENTED_EDGE('',*,*,#2182,.F.);
#1051=ORIENTED_EDGE('',*,*,#2184,.F.);
#1052=ORIENTED_EDGE('',*,*,#2186,.F.);
#1053=ORIENTED_EDGE('',*,*,#2188,.F.);
#1054=ORIENTED_EDGE('',*,*,#2189,.F.);
#1055=ORIENTED_EDGE('',*,*,#1895,.F.);
#1056=ORIENTED_EDGE('',*,*,#2190,.F.);
#1057=ORIENTED_EDGE('',*,*,#2191,.T.);
#1058=ORIENTED_EDGE('',*,*,#2192,.T.);
#1059=ORIENTED_EDGE('',*,*,#1894,.F.);
#1060=ORIENTED_EDGE('',*,*,#2193,.F.);
#1061=ORIENTED_EDGE('',*,*,#2194,.T.);
#1062=ORIENTED_EDGE('',*,*,#2190,.T.);
#1063=ORIENTED_EDGE('',*,*,#1906,.F.);
#1064=ORIENTED_EDGE('',*,*,#2195,.F.);
#1065=ORIENTED_EDGE('',*,*,#2196,.T.);
#1066=ORIENTED_EDGE('',*,*,#2193,.T.);
#1067=ORIENTED_EDGE('',*,*,#1905,.F.);
#1068=ORIENTED_EDGE('',*,*,#2197,.F.);
#1069=ORIENTED_EDGE('',*,*,#2198,.T.);
#1070=ORIENTED_EDGE('',*,*,#2195,.T.);
#1071=ORIENTED_EDGE('',*,*,#1904,.F.);
#1072=ORIENTED_EDGE('',*,*,#2199,.F.);
#1073=ORIENTED_EDGE('',*,*,#2200,.T.);
#1074=ORIENTED_EDGE('',*,*,#2197,.T.);
#1075=ORIENTED_EDGE('',*,*,#1903,.F.);
#1076=ORIENTED_EDGE('',*,*,#2201,.F.);
#1077=ORIENTED_EDGE('',*,*,#2202,.T.);
#1078=ORIENTED_EDGE('',*,*,#2199,.T.);
#1079=ORIENTED_EDGE('',*,*,#1902,.F.);
#1080=ORIENTED_EDGE('',*,*,#2203,.F.);
#1081=ORIENTED_EDGE('',*,*,#2204,.T.);
#1082=ORIENTED_EDGE('',*,*,#2201,.T.);
#1083=ORIENTED_EDGE('',*,*,#1901,.F.);
#1084=ORIENTED_EDGE('',*,*,#2205,.F.);
#1085=ORIENTED_EDGE('',*,*,#2206,.T.);
#1086=ORIENTED_EDGE('',*,*,#2203,.T.);
#1087=ORIENTED_EDGE('',*,*,#1900,.F.);
#1088=ORIENTED_EDGE('',*,*,#2207,.F.);
#1089=ORIENTED_EDGE('',*,*,#2208,.T.);
#1090=ORIENTED_EDGE('',*,*,#2205,.T.);
#1091=ORIENTED_EDGE('',*,*,#1899,.F.);
#1092=ORIENTED_EDGE('',*,*,#2209,.F.);
#1093=ORIENTED_EDGE('',*,*,#2210,.T.);
#1094=ORIENTED_EDGE('',*,*,#2207,.T.);
#1095=ORIENTED_EDGE('',*,*,#1898,.F.);
#1096=ORIENTED_EDGE('',*,*,#2211,.F.);
#1097=ORIENTED_EDGE('',*,*,#2212,.T.);
#1098=ORIENTED_EDGE('',*,*,#2209,.T.);
#1099=ORIENTED_EDGE('',*,*,#1897,.F.);
#1100=ORIENTED_EDGE('',*,*,#2213,.F.);
#1101=ORIENTED_EDGE('',*,*,#2214,.T.);
#1102=ORIENTED_EDGE('',*,*,#2211,.T.);
#1103=ORIENTED_EDGE('',*,*,#1896,.F.);
#1104=ORIENTED_EDGE('',*,*,#2192,.F.);
#1105=ORIENTED_EDGE('',*,*,#2215,.T.);
#1106=ORIENTED_EDGE('',*,*,#2213,.T.);
#1107=ORIENTED_EDGE('',*,*,#2191,.F.);
#1108=ORIENTED_EDGE('',*,*,#2194,.F.);
#1109=ORIENTED_EDGE('',*,*,#2196,.F.);
#1110=ORIENTED_EDGE('',*,*,#2198,.F.);
#1111=ORIENTED_EDGE('',*,*,#2200,.F.);
#1112=ORIENTED_EDGE('',*,*,#2202,.F.);
#1113=ORIENTED_EDGE('',*,*,#2204,.F.);
#1114=ORIENTED_EDGE('',*,*,#2206,.F.);
#1115=ORIENTED_EDGE('',*,*,#2208,.F.);
#1116=ORIENTED_EDGE('',*,*,#2210,.F.);
#1117=ORIENTED_EDGE('',*,*,#2212,.F.);
#1118=ORIENTED_EDGE('',*,*,#2214,.F.);
#1119=ORIENTED_EDGE('',*,*,#2215,.F.);
#1120=ORIENTED_EDGE('',*,*,#1908,.F.);
#1121=ORIENTED_EDGE('',*,*,#2216,.F.);
#1122=ORIENTED_EDGE('',*,*,#2217,.T.);
#1123=ORIENTED_EDGE('',*,*,#2218,.T.);
#1124=ORIENTED_EDGE('',*,*,#1907,.F.);
#1125=ORIENTED_EDGE('',*,*,#2219,.F.);
#1126=ORIENTED_EDGE('',*,*,#2220,.T.);
#1127=ORIENTED_EDGE('',*,*,#2216,.T.);
#1128=ORIENTED_EDGE('',*,*,#1910,.F.);
#1129=ORIENTED_EDGE('',*,*,#2221,.F.);
#1130=ORIENTED_EDGE('',*,*,#2222,.T.);
#1131=ORIENTED_EDGE('',*,*,#2219,.T.);
#1132=ORIENTED_EDGE('',*,*,#1909,.F.);
#1133=ORIENTED_EDGE('',*,*,#2218,.F.);
#1134=ORIENTED_EDGE('',*,*,#2223,.T.);
#1135=ORIENTED_EDGE('',*,*,#2221,.T.);
#1136=ORIENTED_EDGE('',*,*,#2217,.F.);
#1137=ORIENTED_EDGE('',*,*,#2220,.F.);
#1138=ORIENTED_EDGE('',*,*,#2222,.F.);
#1139=ORIENTED_EDGE('',*,*,#2223,.F.);
#1140=ORIENTED_EDGE('',*,*,#1912,.F.);
#1141=ORIENTED_EDGE('',*,*,#2224,.F.);
#1142=ORIENTED_EDGE('',*,*,#2225,.T.);
#1143=ORIENTED_EDGE('',*,*,#2226,.T.);
#1144=ORIENTED_EDGE('',*,*,#1911,.F.);
#1145=ORIENTED_EDGE('',*,*,#2227,.F.);
#1146=ORIENTED_EDGE('',*,*,#2228,.T.);
#1147=ORIENTED_EDGE('',*,*,#2224,.T.);
#1148=ORIENTED_EDGE('',*,*,#1914,.F.);
#1149=ORIENTED_EDGE('',*,*,#2229,.F.);
#1150=ORIENTED_EDGE('',*,*,#2230,.T.);
#1151=ORIENTED_EDGE('',*,*,#2227,.T.);
#1152=ORIENTED_EDGE('',*,*,#1913,.F.);
#1153=ORIENTED_EDGE('',*,*,#2226,.F.);
#1154=ORIENTED_EDGE('',*,*,#2231,.T.);
#1155=ORIENTED_EDGE('',*,*,#2229,.T.);
#1156=ORIENTED_EDGE('',*,*,#2225,.F.);
#1157=ORIENTED_EDGE('',*,*,#2228,.F.);
#1158=ORIENTED_EDGE('',*,*,#2230,.F.);
#1159=ORIENTED_EDGE('',*,*,#2231,.F.);
#1160=ORIENTED_EDGE('',*,*,#1916,.F.);
#1161=ORIENTED_EDGE('',*,*,#2232,.F.);
#1162=ORIENTED_EDGE('',*,*,#2233,.T.);
#1163=ORIENTED_EDGE('',*,*,#2234,.T.);
#1164=ORIENTED_EDGE('',*,*,#1915,.F.);
#1165=ORIENTED_EDGE('',*,*,#2235,.F.);
#1166=ORIENTED_EDGE('',*,*,#2236,.T.);
#1167=ORIENTED_EDGE('',*,*,#2232,.T.);
#1168=ORIENTED_EDGE('',*,*,#1924,.F.);
#1169=ORIENTED_EDGE('',*,*,#2237,.F.);
#1170=ORIENTED_EDGE('',*,*,#2238,.T.);
#1171=ORIENTED_EDGE('',*,*,#2235,.T.);
#1172=ORIENTED_EDGE('',*,*,#1923,.F.);
#1173=ORIENTED_EDGE('',*,*,#2239,.F.);
#1174=ORIENTED_EDGE('',*,*,#2240,.T.);
#1175=ORIENTED_EDGE('',*,*,#2237,.T.);
#1176=ORIENTED_EDGE('',*,*,#1922,.F.);
#1177=ORIENTED_EDGE('',*,*,#2241,.F.);
#1178=ORIENTED_EDGE('',*,*,#2242,.T.);
#1179=ORIENTED_EDGE('',*,*,#2239,.T.);
#1180=ORIENTED_EDGE('',*,*,#1921,.F.);
#1181=ORIENTED_EDGE('',*,*,#2243,.F.);
#1182=ORIENTED_EDGE('',*,*,#2244,.T.);
#1183=ORIENTED_EDGE('',*,*,#2241,.T.);
#1184=ORIENTED_EDGE('',*,*,#1920,.F.);
#1185=ORIENTED_EDGE('',*,*,#2245,.F.);
#1186=ORIENTED_EDGE('',*,*,#2246,.T.);
#1187=ORIENTED_EDGE('',*,*,#2243,.T.);
#1188=ORIENTED_EDGE('',*,*,#1919,.F.);
#1189=ORIENTED_EDGE('',*,*,#2247,.F.);
#1190=ORIENTED_EDGE('',*,*,#2248,.T.);
#1191=ORIENTED_EDGE('',*,*,#2245,.T.);
#1192=ORIENTED_EDGE('',*,*,#1918,.F.);
#1193=ORIENTED_EDGE('',*,*,#2249,.F.);
#1194=ORIENTED_EDGE('',*,*,#2250,.T.);
#1195=ORIENTED_EDGE('',*,*,#2247,.T.);
#1196=ORIENTED_EDGE('',*,*,#1917,.F.);
#1197=ORIENTED_EDGE('',*,*,#2234,.F.);
#1198=ORIENTED_EDGE('',*,*,#2251,.T.);
#1199=ORIENTED_EDGE('',*,*,#2249,.T.);
#1200=ORIENTED_EDGE('',*,*,#2233,.F.);
#1201=ORIENTED_EDGE('',*,*,#2236,.F.);
#1202=ORIENTED_EDGE('',*,*,#2238,.F.);
#1203=ORIENTED_EDGE('',*,*,#2240,.F.);
#1204=ORIENTED_EDGE('',*,*,#2242,.F.);
#1205=ORIENTED_EDGE('',*,*,#2244,.F.);
#1206=ORIENTED_EDGE('',*,*,#2246,.F.);
#1207=ORIENTED_EDGE('',*,*,#2248,.F.);
#1208=ORIENTED_EDGE('',*,*,#2250,.F.);
#1209=ORIENTED_EDGE('',*,*,#2251,.F.);
#1210=ORIENTED_EDGE('',*,*,#2252,.F.);
#1211=ORIENTED_EDGE('',*,*,#2253,.F.);
#1212=ORIENTED_EDGE('',*,*,#2254,.T.);
#1213=ORIENTED_EDGE('',*,*,#2255,.T.);
#1214=ORIENTED_EDGE('',*,*,#2256,.F.);
#1215=ORIENTED_EDGE('',*,*,#2257,.F.);
#1216=ORIENTED_EDGE('',*,*,#2258,.T.);
#1217=ORIENTED_EDGE('',*,*,#2253,.T.);
#1218=ORIENTED_EDGE('',*,*,#2259,.F.);
#1219=ORIENTED_EDGE('',*,*,#2260,.F.);
#1220=ORIENTED_EDGE('',*,*,#2261,.T.);
#1221=ORIENTED_EDGE('',*,*,#2257,.T.);
#1222=ORIENTED_EDGE('',*,*,#2262,.F.);
#1223=ORIENTED_EDGE('',*,*,#2263,.F.);
#1224=ORIENTED_EDGE('',*,*,#2264,.T.);
#1225=ORIENTED_EDGE('',*,*,#2260,.T.);
#1226=ORIENTED_EDGE('',*,*,#2265,.F.);
#1227=ORIENTED_EDGE('',*,*,#2266,.F.);
#1228=ORIENTED_EDGE('',*,*,#2267,.T.);
#1229=ORIENTED_EDGE('',*,*,#2263,.T.);
#1230=ORIENTED_EDGE('',*,*,#2268,.F.);
#1231=ORIENTED_EDGE('',*,*,#2269,.F.);
#1232=ORIENTED_EDGE('',*,*,#2270,.T.);
#1233=ORIENTED_EDGE('',*,*,#2266,.T.);
#1234=ORIENTED_EDGE('',*,*,#2271,.F.);
#1235=ORIENTED_EDGE('',*,*,#2272,.F.);
#1236=ORIENTED_EDGE('',*,*,#2273,.T.);
#1237=ORIENTED_EDGE('',*,*,#2269,.T.);
#1238=ORIENTED_EDGE('',*,*,#2274,.F.);
#1239=ORIENTED_EDGE('',*,*,#2275,.F.);
#1240=ORIENTED_EDGE('',*,*,#2276,.T.);
#1241=ORIENTED_EDGE('',*,*,#2272,.T.);
#1242=ORIENTED_EDGE('',*,*,#2277,.F.);
#1243=ORIENTED_EDGE('',*,*,#2278,.F.);
#1244=ORIENTED_EDGE('',*,*,#2279,.T.);
#1245=ORIENTED_EDGE('',*,*,#2275,.T.);
#1246=ORIENTED_EDGE('',*,*,#1796,.F.);
#1247=ORIENTED_EDGE('',*,*,#2280,.F.);
#1248=ORIENTED_EDGE('',*,*,#2281,.T.);
#1249=ORIENTED_EDGE('',*,*,#2282,.T.);
#1250=ORIENTED_EDGE('',*,*,#1795,.F.);
#1251=ORIENTED_EDGE('',*,*,#2283,.F.);
#1252=ORIENTED_EDGE('',*,*,#2284,.T.);
#1253=ORIENTED_EDGE('',*,*,#2280,.T.);
#1254=ORIENTED_EDGE('',*,*,#1808,.F.);
#1255=ORIENTED_EDGE('',*,*,#2285,.F.);
#1256=ORIENTED_EDGE('',*,*,#2286,.T.);
#1257=ORIENTED_EDGE('',*,*,#2283,.T.);
#1258=ORIENTED_EDGE('',*,*,#1807,.F.);
#1259=ORIENTED_EDGE('',*,*,#2287,.F.);
#1260=ORIENTED_EDGE('',*,*,#2288,.T.);
#1261=ORIENTED_EDGE('',*,*,#2285,.T.);
#1262=ORIENTED_EDGE('',*,*,#1806,.F.);
#1263=ORIENTED_EDGE('',*,*,#2289,.F.);
#1264=ORIENTED_EDGE('',*,*,#2290,.T.);
#1265=ORIENTED_EDGE('',*,*,#2287,.T.);
#1266=ORIENTED_EDGE('',*,*,#1805,.F.);
#1267=ORIENTED_EDGE('',*,*,#2291,.F.);
#1268=ORIENTED_EDGE('',*,*,#2292,.T.);
#1269=ORIENTED_EDGE('',*,*,#2289,.T.);
#1270=ORIENTED_EDGE('',*,*,#1804,.F.);
#1271=ORIENTED_EDGE('',*,*,#2293,.F.);
#1272=ORIENTED_EDGE('',*,*,#2294,.T.);
#1273=ORIENTED_EDGE('',*,*,#2291,.T.);
#1274=ORIENTED_EDGE('',*,*,#1803,.F.);
#1275=ORIENTED_EDGE('',*,*,#2295,.F.);
#1276=ORIENTED_EDGE('',*,*,#2296,.T.);
#1277=ORIENTED_EDGE('',*,*,#2293,.T.);
#1278=ORIENTED_EDGE('',*,*,#1802,.F.);
#1279=ORIENTED_EDGE('',*,*,#2297,.F.);
#1280=ORIENTED_EDGE('',*,*,#2298,.T.);
#1281=ORIENTED_EDGE('',*,*,#2295,.T.);
#1282=ORIENTED_EDGE('',*,*,#1801,.F.);
#1283=ORIENTED_EDGE('',*,*,#2299,.F.);
#1284=ORIENTED_EDGE('',*,*,#2300,.T.);
#1285=ORIENTED_EDGE('',*,*,#2297,.T.);
#1286=ORIENTED_EDGE('',*,*,#1800,.F.);
#1287=ORIENTED_EDGE('',*,*,#2301,.F.);
#1288=ORIENTED_EDGE('',*,*,#2302,.T.);
#1289=ORIENTED_EDGE('',*,*,#2299,.T.);
#1290=ORIENTED_EDGE('',*,*,#1799,.F.);
#1291=ORIENTED_EDGE('',*,*,#2303,.F.);
#1292=ORIENTED_EDGE('',*,*,#2304,.T.);
#1293=ORIENTED_EDGE('',*,*,#2301,.T.);
#1294=ORIENTED_EDGE('',*,*,#1798,.F.);
#1295=ORIENTED_EDGE('',*,*,#2305,.F.);
#1296=ORIENTED_EDGE('',*,*,#2306,.T.);
#1297=ORIENTED_EDGE('',*,*,#2303,.T.);
#1298=ORIENTED_EDGE('',*,*,#1797,.F.);
#1299=ORIENTED_EDGE('',*,*,#2282,.F.);
#1300=ORIENTED_EDGE('',*,*,#2307,.T.);
#1301=ORIENTED_EDGE('',*,*,#2305,.T.);
#1302=ORIENTED_EDGE('',*,*,#2308,.F.);
#1303=ORIENTED_EDGE('',*,*,#2255,.F.);
#1304=ORIENTED_EDGE('',*,*,#2309,.T.);
#1305=ORIENTED_EDGE('',*,*,#2278,.T.);
#1306=ORIENTED_EDGE('',*,*,#2281,.F.);
#1307=ORIENTED_EDGE('',*,*,#2284,.F.);
#1308=ORIENTED_EDGE('',*,*,#2286,.F.);
#1309=ORIENTED_EDGE('',*,*,#2288,.F.);
#1310=ORIENTED_EDGE('',*,*,#2290,.F.);
#1311=ORIENTED_EDGE('',*,*,#2292,.F.);
#1312=ORIENTED_EDGE('',*,*,#2294,.F.);
#1313=ORIENTED_EDGE('',*,*,#2296,.F.);
#1314=ORIENTED_EDGE('',*,*,#2298,.F.);
#1315=ORIENTED_EDGE('',*,*,#2300,.F.);
#1316=ORIENTED_EDGE('',*,*,#2302,.F.);
#1317=ORIENTED_EDGE('',*,*,#2304,.F.);
#1318=ORIENTED_EDGE('',*,*,#2306,.F.);
#1319=ORIENTED_EDGE('',*,*,#2307,.F.);
#1320=ORIENTED_EDGE('',*,*,#2254,.F.);
#1321=ORIENTED_EDGE('',*,*,#2258,.F.);
#1322=ORIENTED_EDGE('',*,*,#2261,.F.);
#1323=ORIENTED_EDGE('',*,*,#2264,.F.);
#1324=ORIENTED_EDGE('',*,*,#2267,.F.);
#1325=ORIENTED_EDGE('',*,*,#2270,.F.);
#1326=ORIENTED_EDGE('',*,*,#2273,.F.);
#1327=ORIENTED_EDGE('',*,*,#2276,.F.);
#1328=ORIENTED_EDGE('',*,*,#2279,.F.);
#1329=ORIENTED_EDGE('',*,*,#2309,.F.);
#1330=ORIENTED_EDGE('',*,*,#2310,.F.);
#1331=ORIENTED_EDGE('',*,*,#2311,.F.);
#1332=ORIENTED_EDGE('',*,*,#2312,.T.);
#1333=ORIENTED_EDGE('',*,*,#2313,.T.);
#1334=ORIENTED_EDGE('',*,*,#2314,.F.);
#1335=ORIENTED_EDGE('',*,*,#2315,.F.);
#1336=ORIENTED_EDGE('',*,*,#2316,.T.);
#1337=ORIENTED_EDGE('',*,*,#2311,.T.);
#1338=ORIENTED_EDGE('',*,*,#2317,.F.);
#1339=ORIENTED_EDGE('',*,*,#2318,.F.);
#1340=ORIENTED_EDGE('',*,*,#2319,.T.);
#1341=ORIENTED_EDGE('',*,*,#2315,.T.);
#1342=ORIENTED_EDGE('',*,*,#2320,.F.);
#1343=ORIENTED_EDGE('',*,*,#2321,.F.);
#1344=ORIENTED_EDGE('',*,*,#2322,.T.);
#1345=ORIENTED_EDGE('',*,*,#2318,.T.);
#1346=ORIENTED_EDGE('',*,*,#2323,.F.);
#1347=ORIENTED_EDGE('',*,*,#2324,.F.);
#1348=ORIENTED_EDGE('',*,*,#2325,.T.);
#1349=ORIENTED_EDGE('',*,*,#2321,.T.);
#1350=ORIENTED_EDGE('',*,*,#2326,.F.);
#1351=ORIENTED_EDGE('',*,*,#2327,.F.);
#1352=ORIENTED_EDGE('',*,*,#2328,.T.);
#1353=ORIENTED_EDGE('',*,*,#2324,.T.);
#1354=ORIENTED_EDGE('',*,*,#2329,.F.);
#1355=ORIENTED_EDGE('',*,*,#2330,.F.);
#1356=ORIENTED_EDGE('',*,*,#2331,.T.);
#1357=ORIENTED_EDGE('',*,*,#2327,.T.);
#1358=ORIENTED_EDGE('',*,*,#2332,.F.);
#1359=ORIENTED_EDGE('',*,*,#2333,.F.);
#1360=ORIENTED_EDGE('',*,*,#2334,.T.);
#1361=ORIENTED_EDGE('',*,*,#2330,.T.);
#1362=ORIENTED_EDGE('',*,*,#2335,.F.);
#1363=ORIENTED_EDGE('',*,*,#2336,.F.);
#1364=ORIENTED_EDGE('',*,*,#2337,.T.);
#1365=ORIENTED_EDGE('',*,*,#2333,.T.);
#1366=ORIENTED_EDGE('',*,*,#1926,.F.);
#1367=ORIENTED_EDGE('',*,*,#2338,.F.);
#1368=ORIENTED_EDGE('',*,*,#2339,.T.);
#1369=ORIENTED_EDGE('',*,*,#2340,.T.);
#1370=ORIENTED_EDGE('',*,*,#1925,.F.);
#1371=ORIENTED_EDGE('',*,*,#2341,.F.);
#1372=ORIENTED_EDGE('',*,*,#2342,.T.);
#1373=ORIENTED_EDGE('',*,*,#2338,.T.);
#1374=ORIENTED_EDGE('',*,*,#1938,.F.);
#1375=ORIENTED_EDGE('',*,*,#2343,.F.);
#1376=ORIENTED_EDGE('',*,*,#2344,.T.);
#1377=ORIENTED_EDGE('',*,*,#2341,.T.);
#1378=ORIENTED_EDGE('',*,*,#1937,.F.);
#1379=ORIENTED_EDGE('',*,*,#2345,.F.);
#1380=ORIENTED_EDGE('',*,*,#2346,.T.);
#1381=ORIENTED_EDGE('',*,*,#2343,.T.);
#1382=ORIENTED_EDGE('',*,*,#1936,.F.);
#1383=ORIENTED_EDGE('',*,*,#2347,.F.);
#1384=ORIENTED_EDGE('',*,*,#2348,.T.);
#1385=ORIENTED_EDGE('',*,*,#2345,.T.);
#1386=ORIENTED_EDGE('',*,*,#1935,.F.);
#1387=ORIENTED_EDGE('',*,*,#2349,.F.);
#1388=ORIENTED_EDGE('',*,*,#2350,.T.);
#1389=ORIENTED_EDGE('',*,*,#2347,.T.);
#1390=ORIENTED_EDGE('',*,*,#1934,.F.);
#1391=ORIENTED_EDGE('',*,*,#2351,.F.);
#1392=ORIENTED_EDGE('',*,*,#2352,.T.);
#1393=ORIENTED_EDGE('',*,*,#2349,.T.);
#1394=ORIENTED_EDGE('',*,*,#1933,.F.);
#1395=ORIENTED_EDGE('',*,*,#2353,.F.);
#1396=ORIENTED_EDGE('',*,*,#2354,.T.);
#1397=ORIENTED_EDGE('',*,*,#2351,.T.);
#1398=ORIENTED_EDGE('',*,*,#1932,.F.);
#1399=ORIENTED_EDGE('',*,*,#2355,.F.);
#1400=ORIENTED_EDGE('',*,*,#2356,.T.);
#1401=ORIENTED_EDGE('',*,*,#2353,.T.);
#1402=ORIENTED_EDGE('',*,*,#1931,.F.);
#1403=ORIENTED_EDGE('',*,*,#2357,.F.);
#1404=ORIENTED_EDGE('',*,*,#2358,.T.);
#1405=ORIENTED_EDGE('',*,*,#2355,.T.);
#1406=ORIENTED_EDGE('',*,*,#1930,.F.);
#1407=ORIENTED_EDGE('',*,*,#2359,.F.);
#1408=ORIENTED_EDGE('',*,*,#2360,.T.);
#1409=ORIENTED_EDGE('',*,*,#2357,.T.);
#1410=ORIENTED_EDGE('',*,*,#1929,.F.);
#1411=ORIENTED_EDGE('',*,*,#2361,.F.);
#1412=ORIENTED_EDGE('',*,*,#2362,.T.);
#1413=ORIENTED_EDGE('',*,*,#2359,.T.);
#1414=ORIENTED_EDGE('',*,*,#1928,.F.);
#1415=ORIENTED_EDGE('',*,*,#2363,.F.);
#1416=ORIENTED_EDGE('',*,*,#2364,.T.);
#1417=ORIENTED_EDGE('',*,*,#2361,.T.);
#1418=ORIENTED_EDGE('',*,*,#1927,.F.);
#1419=ORIENTED_EDGE('',*,*,#2340,.F.);
#1420=ORIENTED_EDGE('',*,*,#2365,.T.);
#1421=ORIENTED_EDGE('',*,*,#2363,.T.);
#1422=ORIENTED_EDGE('',*,*,#2366,.F.);
#1423=ORIENTED_EDGE('',*,*,#2313,.F.);
#1424=ORIENTED_EDGE('',*,*,#2367,.T.);
#1425=ORIENTED_EDGE('',*,*,#2336,.T.);
#1426=ORIENTED_EDGE('',*,*,#2339,.F.);
#1427=ORIENTED_EDGE('',*,*,#2342,.F.);
#1428=ORIENTED_EDGE('',*,*,#2344,.F.);
#1429=ORIENTED_EDGE('',*,*,#2346,.F.);
#1430=ORIENTED_EDGE('',*,*,#2348,.F.);
#1431=ORIENTED_EDGE('',*,*,#2350,.F.);
#1432=ORIENTED_EDGE('',*,*,#2352,.F.);
#1433=ORIENTED_EDGE('',*,*,#2354,.F.);
#1434=ORIENTED_EDGE('',*,*,#2356,.F.);
#1435=ORIENTED_EDGE('',*,*,#2358,.F.);
#1436=ORIENTED_EDGE('',*,*,#2360,.F.);
#1437=ORIENTED_EDGE('',*,*,#2362,.F.);
#1438=ORIENTED_EDGE('',*,*,#2364,.F.);
#1439=ORIENTED_EDGE('',*,*,#2365,.F.);
#1440=ORIENTED_EDGE('',*,*,#2312,.F.);
#1441=ORIENTED_EDGE('',*,*,#2316,.F.);
#1442=ORIENTED_EDGE('',*,*,#2319,.F.);
#1443=ORIENTED_EDGE('',*,*,#2322,.F.);
#1444=ORIENTED_EDGE('',*,*,#2325,.F.);
#1445=ORIENTED_EDGE('',*,*,#2328,.F.);
#1446=ORIENTED_EDGE('',*,*,#2331,.F.);
#1447=ORIENTED_EDGE('',*,*,#2334,.F.);
#1448=ORIENTED_EDGE('',*,*,#2337,.F.);
#1449=ORIENTED_EDGE('',*,*,#2367,.F.);
#1450=ORIENTED_EDGE('',*,*,#1940,.F.);
#1451=ORIENTED_EDGE('',*,*,#2368,.F.);
#1452=ORIENTED_EDGE('',*,*,#2369,.T.);
#1453=ORIENTED_EDGE('',*,*,#2370,.T.);
#1454=ORIENTED_EDGE('',*,*,#1939,.F.);
#1455=ORIENTED_EDGE('',*,*,#2371,.F.);
#1456=ORIENTED_EDGE('',*,*,#2372,.T.);
#1457=ORIENTED_EDGE('',*,*,#2368,.T.);
#1458=ORIENTED_EDGE('',*,*,#1961,.F.);
#1459=ORIENTED_EDGE('',*,*,#2373,.F.);
#1460=ORIENTED_EDGE('',*,*,#2374,.T.);
#1461=ORIENTED_EDGE('',*,*,#2371,.T.);
#1462=ORIENTED_EDGE('',*,*,#1960,.F.);
#1463=ORIENTED_EDGE('',*,*,#2375,.F.);
#1464=ORIENTED_EDGE('',*,*,#2376,.T.);
#1465=ORIENTED_EDGE('',*,*,#2373,.T.);
#1466=ORIENTED_EDGE('',*,*,#1959,.F.);
#1467=ORIENTED_EDGE('',*,*,#2377,.F.);
#1468=ORIENTED_EDGE('',*,*,#2378,.T.);
#1469=ORIENTED_EDGE('',*,*,#2375,.T.);
#1470=ORIENTED_EDGE('',*,*,#1958,.F.);
#1471=ORIENTED_EDGE('',*,*,#2379,.F.);
#1472=ORIENTED_EDGE('',*,*,#2380,.T.);
#1473=ORIENTED_EDGE('',*,*,#2377,.T.);
#1474=ORIENTED_EDGE('',*,*,#1957,.F.);
#1475=ORIENTED_EDGE('',*,*,#2381,.F.);
#1476=ORIENTED_EDGE('',*,*,#2382,.T.);
#1477=ORIENTED_EDGE('',*,*,#2379,.T.);
#1478=ORIENTED_EDGE('',*,*,#1956,.F.);
#1479=ORIENTED_EDGE('',*,*,#2383,.F.);
#1480=ORIENTED_EDGE('',*,*,#2384,.T.);
#1481=ORIENTED_EDGE('',*,*,#2381,.T.);
#1482=ORIENTED_EDGE('',*,*,#1955,.F.);
#1483=ORIENTED_EDGE('',*,*,#2385,.F.);
#1484=ORIENTED_EDGE('',*,*,#2386,.T.);
#1485=ORIENTED_EDGE('',*,*,#2383,.T.);
#1486=ORIENTED_EDGE('',*,*,#1954,.F.);
#1487=ORIENTED_EDGE('',*,*,#2387,.F.);
#1488=ORIENTED_EDGE('',*,*,#2388,.T.);
#1489=ORIENTED_EDGE('',*,*,#2385,.T.);
#1490=ORIENTED_EDGE('',*,*,#1953,.F.);
#1491=ORIENTED_EDGE('',*,*,#2389,.F.);
#1492=ORIENTED_EDGE('',*,*,#2390,.T.);
#1493=ORIENTED_EDGE('',*,*,#2387,.T.);
#1494=ORIENTED_EDGE('',*,*,#1952,.F.);
#1495=ORIENTED_EDGE('',*,*,#2391,.F.);
#1496=ORIENTED_EDGE('',*,*,#2392,.T.);
#1497=ORIENTED_EDGE('',*,*,#2389,.T.);
#1498=ORIENTED_EDGE('',*,*,#1951,.F.);
#1499=ORIENTED_EDGE('',*,*,#2393,.F.);
#1500=ORIENTED_EDGE('',*,*,#2394,.T.);
#1501=ORIENTED_EDGE('',*,*,#2391,.T.);
#1502=ORIENTED_EDGE('',*,*,#1950,.F.);
#1503=ORIENTED_EDGE('',*,*,#2395,.F.);
#1504=ORIENTED_EDGE('',*,*,#2396,.T.);
#1505=ORIENTED_EDGE('',*,*,#2393,.T.);
#1506=ORIENTED_EDGE('',*,*,#1949,.F.);
#1507=ORIENTED_EDGE('',*,*,#2397,.F.);
#1508=ORIENTED_EDGE('',*,*,#2398,.T.);
#1509=ORIENTED_EDGE('',*,*,#2395,.T.);
#1510=ORIENTED_EDGE('',*,*,#1948,.F.);
#1511=ORIENTED_EDGE('',*,*,#2399,.F.);
#1512=ORIENTED_EDGE('',*,*,#2400,.T.);
#1513=ORIENTED_EDGE('',*,*,#2397,.T.);
#1514=ORIENTED_EDGE('',*,*,#1947,.F.);
#1515=ORIENTED_EDGE('',*,*,#2401,.F.);
#1516=ORIENTED_EDGE('',*,*,#2402,.T.);
#1517=ORIENTED_EDGE('',*,*,#2399,.T.);
#1518=ORIENTED_EDGE('',*,*,#1946,.F.);
#1519=ORIENTED_EDGE('',*,*,#2403,.F.);
#1520=ORIENTED_EDGE('',*,*,#2404,.T.);
#1521=ORIENTED_EDGE('',*,*,#2401,.T.);
#1522=ORIENTED_EDGE('',*,*,#1945,.F.);
#1523=ORIENTED_EDGE('',*,*,#2405,.F.);
#1524=ORIENTED_EDGE('',*,*,#2406,.T.);
#1525=ORIENTED_EDGE('',*,*,#2403,.T.);
#1526=ORIENTED_EDGE('',*,*,#1944,.F.);
#1527=ORIENTED_EDGE('',*,*,#2407,.F.);
#1528=ORIENTED_EDGE('',*,*,#2408,.T.);
#1529=ORIENTED_EDGE('',*,*,#2405,.T.);
#1530=ORIENTED_EDGE('',*,*,#1943,.F.);
#1531=ORIENTED_EDGE('',*,*,#2409,.F.);
#1532=ORIENTED_EDGE('',*,*,#2410,.T.);
#1533=ORIENTED_EDGE('',*,*,#2407,.T.);
#1534=ORIENTED_EDGE('',*,*,#1942,.F.);
#1535=ORIENTED_EDGE('',*,*,#2411,.F.);
#1536=ORIENTED_EDGE('',*,*,#2412,.T.);
#1537=ORIENTED_EDGE('',*,*,#2409,.T.);
#1538=ORIENTED_EDGE('',*,*,#1941,.F.);
#1539=ORIENTED_EDGE('',*,*,#2370,.F.);
#1540=ORIENTED_EDGE('',*,*,#2413,.T.);
#1541=ORIENTED_EDGE('',*,*,#2411,.T.);
#1542=ORIENTED_EDGE('',*,*,#2369,.F.);
#1543=ORIENTED_EDGE('',*,*,#2372,.F.);
#1544=ORIENTED_EDGE('',*,*,#2374,.F.);
#1545=ORIENTED_EDGE('',*,*,#2376,.F.);
#1546=ORIENTED_EDGE('',*,*,#2378,.F.);
#1547=ORIENTED_EDGE('',*,*,#2380,.F.);
#1548=ORIENTED_EDGE('',*,*,#2382,.F.);
#1549=ORIENTED_EDGE('',*,*,#2384,.F.);
#1550=ORIENTED_EDGE('',*,*,#2386,.F.);
#1551=ORIENTED_EDGE('',*,*,#2388,.F.);
#1552=ORIENTED_EDGE('',*,*,#2390,.F.);
#1553=ORIENTED_EDGE('',*,*,#2392,.F.);
#1554=ORIENTED_EDGE('',*,*,#2394,.F.);
#1555=ORIENTED_EDGE('',*,*,#2396,.F.);
#1556=ORIENTED_EDGE('',*,*,#2398,.F.);
#1557=ORIENTED_EDGE('',*,*,#2400,.F.);
#1558=ORIENTED_EDGE('',*,*,#2402,.F.);
#1559=ORIENTED_EDGE('',*,*,#2404,.F.);
#1560=ORIENTED_EDGE('',*,*,#2406,.F.);
#1561=ORIENTED_EDGE('',*,*,#2408,.F.);
#1562=ORIENTED_EDGE('',*,*,#2410,.F.);
#1563=ORIENTED_EDGE('',*,*,#2412,.F.);
#1564=ORIENTED_EDGE('',*,*,#2413,.F.);
#1565=ORIENTED_EDGE('',*,*,#2256,.T.);
#1566=ORIENTED_EDGE('',*,*,#2252,.T.);
#1567=ORIENTED_EDGE('',*,*,#2308,.T.);
#1568=ORIENTED_EDGE('',*,*,#2277,.T.);
#1569=ORIENTED_EDGE('',*,*,#2274,.T.);
#1570=ORIENTED_EDGE('',*,*,#2271,.T.);
#1571=ORIENTED_EDGE('',*,*,#2268,.T.);
#1572=ORIENTED_EDGE('',*,*,#2265,.T.);
#1573=ORIENTED_EDGE('',*,*,#2262,.T.);
#1574=ORIENTED_EDGE('',*,*,#2259,.T.);
#1575=ORIENTED_EDGE('',*,*,#2314,.T.);
#1576=ORIENTED_EDGE('',*,*,#2310,.T.);
#1577=ORIENTED_EDGE('',*,*,#2366,.T.);
#1578=ORIENTED_EDGE('',*,*,#2335,.T.);
#1579=ORIENTED_EDGE('',*,*,#2332,.T.);
#1580=ORIENTED_EDGE('',*,*,#2329,.T.);
#1581=ORIENTED_EDGE('',*,*,#2326,.T.);
#1582=ORIENTED_EDGE('',*,*,#2323,.T.);
#1583=ORIENTED_EDGE('',*,*,#2320,.T.);
#1584=ORIENTED_EDGE('',*,*,#2317,.T.);
#1585=ORIENTED_EDGE('',*,*,#2414,.T.);
#1586=ORIENTED_EDGE('',*,*,#2415,.T.);
#1587=ORIENTED_EDGE('',*,*,#2416,.F.);
#1588=ORIENTED_EDGE('',*,*,#1998,.T.);
#1589=ORIENTED_EDGE('',*,*,#2416,.T.);
#1590=ORIENTED_EDGE('',*,*,#2417,.T.);
#1591=ORIENTED_EDGE('',*,*,#2418,.F.);
#1592=ORIENTED_EDGE('',*,*,#1999,.F.);
#1593=ORIENTED_EDGE('',*,*,#2418,.T.);
#1594=ORIENTED_EDGE('',*,*,#2419,.T.);
#1595=ORIENTED_EDGE('',*,*,#2420,.F.);
#1596=ORIENTED_EDGE('',*,*,#2000,.F.);
#1597=ORIENTED_EDGE('',*,*,#2420,.T.);
#1598=ORIENTED_EDGE('',*,*,#2421,.T.);
#1599=ORIENTED_EDGE('',*,*,#2414,.F.);
#1600=ORIENTED_EDGE('',*,*,#2001,.T.);
#1601=ORIENTED_EDGE('',*,*,#2422,.F.);
#1602=ORIENTED_EDGE('',*,*,#2417,.F.);
#1603=ORIENTED_EDGE('',*,*,#2423,.F.);
#1604=ORIENTED_EDGE('',*,*,#1794,.F.);
#1605=ORIENTED_EDGE('',*,*,#2423,.T.);
#1606=ORIENTED_EDGE('',*,*,#2415,.F.);
#1607=ORIENTED_EDGE('',*,*,#2424,.F.);
#1608=ORIENTED_EDGE('',*,*,#1791,.F.);
#1609=ORIENTED_EDGE('',*,*,#2422,.T.);
#1610=ORIENTED_EDGE('',*,*,#1793,.F.);
#1611=ORIENTED_EDGE('',*,*,#2425,.F.);
#1612=ORIENTED_EDGE('',*,*,#2419,.F.);
#1613=ORIENTED_EDGE('',*,*,#2424,.T.);
#1614=ORIENTED_EDGE('',*,*,#2421,.F.);
#1615=ORIENTED_EDGE('',*,*,#2425,.T.);
#1616=ORIENTED_EDGE('',*,*,#1792,.F.);
#1617=ORIENTED_EDGE('',*,*,#1790,.T.);
#1618=ORIENTED_EDGE('',*,*,#2006,.F.);
#1619=ORIENTED_EDGE('',*,*,#1789,.T.);
#1620=ORIENTED_EDGE('',*,*,#2007,.F.);
#1621=ORIENTED_EDGE('',*,*,#2008,.T.);
#1622=ORIENTED_EDGE('',*,*,#2426,.T.);
#1623=ORIENTED_EDGE('',*,*,#1963,.F.);
#1624=ORIENTED_EDGE('',*,*,#2427,.F.);
#1625=ORIENTED_EDGE('',*,*,#2427,.T.);
#1626=ORIENTED_EDGE('',*,*,#1962,.T.);
#1627=ORIENTED_EDGE('',*,*,#2428,.F.);
#1628=ORIENTED_EDGE('',*,*,#2009,.F.);
#1629=ORIENTED_EDGE('',*,*,#2428,.T.);
#1630=ORIENTED_EDGE('',*,*,#1965,.T.);
#1631=ORIENTED_EDGE('',*,*,#2429,.F.);
#1632=ORIENTED_EDGE('',*,*,#2010,.F.);
#1633=ORIENTED_EDGE('',*,*,#2011,.T.);
#1634=ORIENTED_EDGE('',*,*,#2429,.T.);
#1635=ORIENTED_EDGE('',*,*,#1964,.F.);
#1636=ORIENTED_EDGE('',*,*,#2426,.F.);
#1637=ORIENTED_EDGE('',*,*,#1994,.T.);
#1638=ORIENTED_EDGE('',*,*,#2430,.T.);
#1639=ORIENTED_EDGE('',*,*,#1967,.F.);
#1640=ORIENTED_EDGE('',*,*,#2431,.F.);
#1641=ORIENTED_EDGE('',*,*,#2431,.T.);
#1642=ORIENTED_EDGE('',*,*,#1966,.T.);
#1643=ORIENTED_EDGE('',*,*,#2432,.F.);
#1644=ORIENTED_EDGE('',*,*,#1995,.F.);
#1645=ORIENTED_EDGE('',*,*,#2432,.T.);
#1646=ORIENTED_EDGE('',*,*,#1969,.T.);
#1647=ORIENTED_EDGE('',*,*,#2433,.F.);
#1648=ORIENTED_EDGE('',*,*,#1996,.F.);
#1649=ORIENTED_EDGE('',*,*,#1997,.T.);
#1650=ORIENTED_EDGE('',*,*,#2433,.T.);
#1651=ORIENTED_EDGE('',*,*,#1968,.F.);
#1652=ORIENTED_EDGE('',*,*,#2430,.F.);
#1653=ORIENTED_EDGE('',*,*,#2434,.T.);
#1654=ORIENTED_EDGE('',*,*,#2020,.T.);
#1655=ORIENTED_EDGE('',*,*,#2435,.T.);
#1656=ORIENTED_EDGE('',*,*,#2023,.T.);
#1657=ORIENTED_EDGE('',*,*,#2436,.T.);
#1658=ORIENTED_EDGE('',*,*,#1978,.F.);
#1659=ORIENTED_EDGE('',*,*,#2437,.F.);
#1660=ORIENTED_EDGE('',*,*,#2438,.F.);
#1661=ORIENTED_EDGE('',*,*,#1991,.T.);
#1662=ORIENTED_EDGE('',*,*,#2439,.T.);
#1663=ORIENTED_EDGE('',*,*,#2440,.T.);
#1664=ORIENTED_EDGE('',*,*,#1986,.F.);
#1665=ORIENTED_EDGE('',*,*,#2441,.F.);
#1666=ORIENTED_EDGE('',*,*,#2442,.F.);
#1667=ORIENTED_EDGE('',*,*,#1983,.F.);
#1668=ORIENTED_EDGE('',*,*,#2443,.T.);
#1669=ORIENTED_EDGE('',*,*,#1784,.F.);
#1670=ORIENTED_EDGE('',*,*,#1781,.F.);
#1671=ORIENTED_EDGE('',*,*,#1771,.T.);
#1672=ORIENTED_EDGE('',*,*,#1767,.T.);
#1673=ORIENTED_EDGE('',*,*,#2444,.T.);
#1674=ORIENTED_EDGE('',*,*,#2434,.F.);
#1675=ORIENTED_EDGE('',*,*,#2435,.F.);
#1676=ORIENTED_EDGE('',*,*,#2445,.T.);
#1677=ORIENTED_EDGE('',*,*,#2019,.F.);
#1678=ORIENTED_EDGE('',*,*,#2446,.F.);
#1679=ORIENTED_EDGE('',*,*,#2437,.T.);
#1680=ORIENTED_EDGE('',*,*,#1981,.T.);
#1681=ORIENTED_EDGE('',*,*,#2018,.F.);
#1682=ORIENTED_EDGE('',*,*,#1992,.F.);
#1683=ORIENTED_EDGE('',*,*,#2438,.T.);
#1684=ORIENTED_EDGE('',*,*,#2446,.T.);
#1685=ORIENTED_EDGE('',*,*,#2017,.T.);
#1686=ORIENTED_EDGE('',*,*,#2447,.F.);
#1687=ORIENTED_EDGE('',*,*,#2439,.F.);
#1688=ORIENTED_EDGE('',*,*,#1990,.T.);
#1689=ORIENTED_EDGE('',*,*,#2016,.T.);
#1690=ORIENTED_EDGE('',*,*,#1987,.F.);
#1691=ORIENTED_EDGE('',*,*,#2440,.F.);
#1692=ORIENTED_EDGE('',*,*,#2447,.T.);
#1693=ORIENTED_EDGE('',*,*,#2014,.F.);
#1694=ORIENTED_EDGE('',*,*,#1984,.F.);
#1695=ORIENTED_EDGE('',*,*,#2442,.T.);
#1696=ORIENTED_EDGE('',*,*,#2448,.T.);
#1697=ORIENTED_EDGE('',*,*,#2015,.F.);
#1698=ORIENTED_EDGE('',*,*,#2448,.F.);
#1699=ORIENTED_EDGE('',*,*,#2441,.T.);
#1700=ORIENTED_EDGE('',*,*,#1989,.T.);
#1701=ORIENTED_EDGE('',*,*,#2013,.T.);
#1702=ORIENTED_EDGE('',*,*,#2449,.F.);
#1703=ORIENTED_EDGE('',*,*,#2443,.F.);
#1704=ORIENTED_EDGE('',*,*,#1982,.T.);
#1705=ORIENTED_EDGE('',*,*,#2012,.T.);
#1706=ORIENTED_EDGE('',*,*,#1979,.F.);
#1707=ORIENTED_EDGE('',*,*,#2436,.F.);
#1708=ORIENTED_EDGE('',*,*,#2449,.T.);
#1709=ORIENTED_EDGE('',*,*,#1977,.T.);
#1710=ORIENTED_EDGE('',*,*,#2450,.F.);
#1711=ORIENTED_EDGE('',*,*,#2451,.F.);
#1712=ORIENTED_EDGE('',*,*,#1764,.T.);
#1713=ORIENTED_EDGE('',*,*,#1976,.F.);
#1714=ORIENTED_EDGE('',*,*,#1786,.F.);
#1715=ORIENTED_EDGE('',*,*,#2452,.T.);
#1716=ORIENTED_EDGE('',*,*,#2450,.T.);
#1717=ORIENTED_EDGE('',*,*,#2022,.F.);
#1718=ORIENTED_EDGE('',*,*,#1765,.F.);
#1719=ORIENTED_EDGE('',*,*,#2451,.T.);
#1720=ORIENTED_EDGE('',*,*,#2452,.F.);
#1721=ORIENTED_EDGE('',*,*,#1785,.T.);
#1722=ORIENTED_EDGE('',*,*,#1973,.T.);
#1723=ORIENTED_EDGE('',*,*,#2453,.F.);
#1724=ORIENTED_EDGE('',*,*,#2454,.F.);
#1725=ORIENTED_EDGE('',*,*,#1779,.T.);
#1726=ORIENTED_EDGE('',*,*,#1972,.F.);
#1727=ORIENTED_EDGE('',*,*,#1774,.F.);
#1728=ORIENTED_EDGE('',*,*,#2455,.T.);
#1729=ORIENTED_EDGE('',*,*,#2453,.T.);
#1730=ORIENTED_EDGE('',*,*,#2021,.F.);
#1731=ORIENTED_EDGE('',*,*,#1780,.T.);
#1732=ORIENTED_EDGE('',*,*,#2454,.T.);
#1733=ORIENTED_EDGE('',*,*,#2455,.F.);
#1734=ORIENTED_EDGE('',*,*,#1773,.F.);
#1735=ORIENTED_EDGE('',*,*,#1970,.F.);
#1736=ORIENTED_EDGE('',*,*,#1762,.F.);
#1737=ORIENTED_EDGE('',*,*,#2456,.T.);
#1738=ORIENTED_EDGE('',*,*,#2457,.T.);
#1739=ORIENTED_EDGE('',*,*,#1971,.T.);
#1740=ORIENTED_EDGE('',*,*,#2457,.F.);
#1741=ORIENTED_EDGE('',*,*,#2458,.F.);
#1742=ORIENTED_EDGE('',*,*,#1769,.T.);
#1743=ORIENTED_EDGE('',*,*,#2456,.F.);
#1744=ORIENTED_EDGE('',*,*,#1761,.F.);
#1745=ORIENTED_EDGE('',*,*,#1770,.F.);
#1746=ORIENTED_EDGE('',*,*,#2458,.T.);
#1747=ORIENTED_EDGE('',*,*,#2444,.F.);
#1748=ORIENTED_EDGE('',*,*,#1974,.F.);
#1749=ORIENTED_EDGE('',*,*,#1777,.F.);
#1750=ORIENTED_EDGE('',*,*,#2459,.T.);
#1751=ORIENTED_EDGE('',*,*,#2460,.T.);
#1752=ORIENTED_EDGE('',*,*,#1975,.T.);
#1753=ORIENTED_EDGE('',*,*,#2460,.F.);
#1754=ORIENTED_EDGE('',*,*,#2461,.F.);
#1755=ORIENTED_EDGE('',*,*,#1788,.T.);
#1756=ORIENTED_EDGE('',*,*,#2459,.F.);
#1757=ORIENTED_EDGE('',*,*,#1776,.T.);
#1758=ORIENTED_EDGE('',*,*,#1783,.T.);
#1759=ORIENTED_EDGE('',*,*,#2461,.T.);
#1760=ORIENTED_EDGE('',*,*,#2445,.F.);
#1761=EDGE_CURVE('',#2462,#2463,#2932,.T.);
#1762=EDGE_CURVE('',#2463,#2464,#2933,.T.);
#1763=EDGE_CURVE('',#2464,#2465,#2934,.T.);
#1764=EDGE_CURVE('',#2466,#2465,#2935,.T.);
#1765=EDGE_CURVE('',#2466,#2467,#2936,.T.);
#1766=EDGE_CURVE('',#2467,#2468,#2937,.T.);
#1767=EDGE_CURVE('',#2469,#2468,#2938,.T.);
#1768=EDGE_CURVE('',#2462,#2469,#2939,.T.);
#1769=EDGE_CURVE('',#2470,#2471,#2940,.T.);
#1770=EDGE_CURVE('',#2470,#2462,#2941,.T.);
#1771=EDGE_CURVE('',#2472,#2469,#2942,.T.);
#1772=EDGE_CURVE('',#2473,#2472,#2943,.T.);
#1773=EDGE_CURVE('',#2473,#2474,#2944,.T.);
#1774=EDGE_CURVE('',#2474,#2475,#2945,.T.);
#1775=EDGE_CURVE('',#2475,#2471,#2946,.T.);
#1776=EDGE_CURVE('',#2476,#2477,#2947,.T.);
#1777=EDGE_CURVE('',#2476,#2478,#2948,.T.);
#1778=EDGE_CURVE('',#2479,#2478,#2949,.T.);
#1779=EDGE_CURVE('',#2480,#2479,#2950,.T.);
#1780=EDGE_CURVE('',#2473,#2480,#2951,.T.);
#1781=EDGE_CURVE('',#2472,#2481,#2952,.T.);
#1782=EDGE_CURVE('',#2477,#2481,#2953,.T.);
#1783=EDGE_CURVE('',#2477,#2482,#2954,.T.);
#1784=EDGE_CURVE('',#2481,#2468,#2955,.T.);
#1785=EDGE_CURVE('',#2483,#2467,#2956,.T.);
#1786=EDGE_CURVE('',#2483,#2484,#2957,.T.);
#1787=EDGE_CURVE('',#2485,#2484,#2958,.T.);
#1788=EDGE_CURVE('',#2482,#2485,#2959,.T.);
#1789=EDGE_CURVE('',#2486,#2486,#343,.T.);
#1790=EDGE_CURVE('',#2487,#2487,#344,.T.);
#1791=EDGE_CURVE('',#2488,#2489,#2960,.T.);
#1792=EDGE_CURVE('',#2489,#2490,#2961,.T.);
#1793=EDGE_CURVE('',#2490,#2491,#2962,.F.);
#1794=EDGE_CURVE('',#2491,#2488,#2963,.F.);
#1795=EDGE_CURVE('',#2492,#2493,#345,.F.);
#1796=EDGE_CURVE('',#2493,#2494,#133,.T.);
#1797=EDGE_CURVE('',#2494,#2495,#134,.T.);
#1798=EDGE_CURVE('',#2495,#2496,#135,.T.);
#1799=EDGE_CURVE('',#2496,#2497,#136,.T.);
#1800=EDGE_CURVE('',#2497,#2498,#137,.T.);
#1801=EDGE_CURVE('',#2498,#2499,#138,.T.);
#1802=EDGE_CURVE('',#2499,#2500,#346,.F.);
#1803=EDGE_CURVE('',#2500,#2501,#139,.T.);
#1804=EDGE_CURVE('',#2501,#2502,#140,.T.);
#1805=EDGE_CURVE('',#2502,#2503,#141,.T.);
#1806=EDGE_CURVE('',#2503,#2504,#142,.T.);
#1807=EDGE_CURVE('',#2504,#2505,#143,.T.);
#1808=EDGE_CURVE('',#2505,#2492,#144,.T.);
#1809=EDGE_CURVE('',#2506,#2507,#2964,.T.);
#1810=EDGE_CURVE('',#2506,#2508,#2965,.T.);
#1811=EDGE_CURVE('',#2508,#2509,#2966,.T.);
#1812=EDGE_CURVE('',#2507,#2509,#2967,.T.);
#1813=EDGE_CURVE('',#2510,#2511,#2968,.T.);
#1814=EDGE_CURVE('',#2511,#2512,#2969,.T.);
#1815=EDGE_CURVE('',#2512,#2513,#2970,.T.);
#1816=EDGE_CURVE('',#2513,#2514,#2971,.T.);
#1817=EDGE_CURVE('',#2514,#2515,#2972,.T.);
#1818=EDGE_CURVE('',#2515,#2516,#2973,.T.);
#1819=EDGE_CURVE('',#2516,#2517,#2974,.T.);
#1820=EDGE_CURVE('',#2517,#2518,#2975,.T.);
#1821=EDGE_CURVE('',#2518,#2519,#2976,.T.);
#1822=EDGE_CURVE('',#2519,#2520,#2977,.T.);
#1823=EDGE_CURVE('',#2520,#2521,#2978,.T.);
#1824=EDGE_CURVE('',#2521,#2522,#2979,.T.);
#1825=EDGE_CURVE('',#2522,#2510,#2980,.T.);
#1826=EDGE_CURVE('',#2523,#2524,#2981,.T.);
#1827=EDGE_CURVE('',#2524,#2525,#145,.T.);
#1828=EDGE_CURVE('',#2525,#2526,#146,.T.);
#1829=EDGE_CURVE('',#2526,#2527,#147,.T.);
#1830=EDGE_CURVE('',#2527,#2528,#148,.T.);
#1831=EDGE_CURVE('',#2528,#2529,#149,.T.);
#1832=EDGE_CURVE('',#2529,#2530,#150,.T.);
#1833=EDGE_CURVE('',#2530,#2531,#151,.T.);
#1834=EDGE_CURVE('',#2531,#2532,#152,.T.);
#1835=EDGE_CURVE('',#2532,#2533,#153,.T.);
#1836=EDGE_CURVE('',#2533,#2534,#154,.T.);
#1837=EDGE_CURVE('',#2534,#2535,#155,.T.);
#1838=EDGE_CURVE('',#2535,#2536,#156,.T.);
#1839=EDGE_CURVE('',#2536,#2537,#2982,.T.);
#1840=EDGE_CURVE('',#2537,#2538,#157,.T.);
#1841=EDGE_CURVE('',#2538,#2539,#158,.T.);
#1842=EDGE_CURVE('',#2539,#2540,#159,.T.);
#1843=EDGE_CURVE('',#2540,#2541,#160,.T.);
#1844=EDGE_CURVE('',#2541,#2542,#161,.T.);
#1845=EDGE_CURVE('',#2542,#2543,#162,.T.);
#1846=EDGE_CURVE('',#2543,#2544,#163,.T.);
#1847=EDGE_CURVE('',#2544,#2545,#164,.T.);
#1848=EDGE_CURVE('',#2545,#2523,#165,.T.);
#1849=EDGE_CURVE('',#2546,#2547,#2983,.T.);
#1850=EDGE_CURVE('',#2547,#2548,#2984,.T.);
#1851=EDGE_CURVE('',#2548,#2549,#2985,.T.);
#1852=EDGE_CURVE('',#2549,#2550,#2986,.T.);
#1853=EDGE_CURVE('',#2550,#2551,#2987,.T.);
#1854=EDGE_CURVE('',#2551,#2546,#2988,.T.);
#1855=EDGE_CURVE('',#2552,#2553,#2989,.T.);
#1856=EDGE_CURVE('',#2553,#2554,#2990,.T.);
#1857=EDGE_CURVE('',#2554,#2555,#2991,.T.);
#1858=EDGE_CURVE('',#2555,#2556,#2992,.T.);
#1859=EDGE_CURVE('',#2556,#2557,#2993,.T.);
#1860=EDGE_CURVE('',#2557,#2558,#2994,.T.);
#1861=EDGE_CURVE('',#2558,#2559,#2995,.T.);
#1862=EDGE_CURVE('',#2559,#2560,#2996,.T.);
#1863=EDGE_CURVE('',#2560,#2561,#2997,.T.);
#1864=EDGE_CURVE('',#2561,#2552,#2998,.T.);
#1865=EDGE_CURVE('',#2562,#2563,#2999,.T.);
#1866=EDGE_CURVE('',#2563,#2564,#3000,.T.);
#1867=EDGE_CURVE('',#2564,#2565,#3001,.T.);
#1868=EDGE_CURVE('',#2565,#2566,#3002,.T.);
#1869=EDGE_CURVE('',#2566,#2567,#3003,.T.);
#1870=EDGE_CURVE('',#2567,#2562,#3004,.T.);
#1871=EDGE_CURVE('',#2568,#2569,#3005,.T.);
#1872=EDGE_CURVE('',#2569,#2570,#166,.T.);
#1873=EDGE_CURVE('',#2570,#2571,#167,.T.);
#1874=EDGE_CURVE('',#2571,#2572,#168,.T.);
#1875=EDGE_CURVE('',#2572,#2573,#169,.T.);
#1876=EDGE_CURVE('',#2573,#2574,#170,.T.);
#1877=EDGE_CURVE('',#2574,#2575,#171,.T.);
#1878=EDGE_CURVE('',#2575,#2576,#172,.T.);
#1879=EDGE_CURVE('',#2576,#2577,#173,.T.);
#1880=EDGE_CURVE('',#2577,#2578,#174,.T.);
#1881=EDGE_CURVE('',#2578,#2579,#175,.T.);
#1882=EDGE_CURVE('',#2579,#2580,#176,.T.);
#1883=EDGE_CURVE('',#2580,#2581,#177,.T.);
#1884=EDGE_CURVE('',#2581,#2582,#3006,.T.);
#1885=EDGE_CURVE('',#2582,#2583,#178,.T.);
#1886=EDGE_CURVE('',#2583,#2584,#179,.T.);
#1887=EDGE_CURVE('',#2584,#2585,#180,.T.);
#1888=EDGE_CURVE('',#2585,#2586,#181,.T.);
#1889=EDGE_CURVE('',#2586,#2587,#182,.T.);
#1890=EDGE_CURVE('',#2587,#2588,#183,.T.);
#1891=EDGE_CURVE('',#2588,#2589,#184,.T.);
#1892=EDGE_CURVE('',#2589,#2590,#185,.T.);
#1893=EDGE_CURVE('',#2590,#2568,#186,.T.);
#1894=EDGE_CURVE('',#2591,#2592,#3007,.T.);
#1895=EDGE_CURVE('',#2592,#2593,#3008,.T.);
#1896=EDGE_CURVE('',#2593,#2594,#3009,.T.);
#1897=EDGE_CURVE('',#2594,#2595,#3010,.T.);
#1898=EDGE_CURVE('',#2595,#2596,#3011,.T.);
#1899=EDGE_CURVE('',#2596,#2597,#3012,.T.);
#1900=EDGE_CURVE('',#2597,#2598,#3013,.T.);
#1901=EDGE_CURVE('',#2598,#2599,#3014,.T.);
#1902=EDGE_CURVE('',#2599,#2600,#3015,.T.);
#1903=EDGE_CURVE('',#2600,#2601,#3016,.T.);
#1904=EDGE_CURVE('',#2601,#2602,#3017,.T.);
#1905=EDGE_CURVE('',#2602,#2603,#3018,.T.);
#1906=EDGE_CURVE('',#2603,#2591,#3019,.T.);
#1907=EDGE_CURVE('',#2604,#2605,#3020,.T.);
#1908=EDGE_CURVE('',#2605,#2606,#3021,.T.);
#1909=EDGE_CURVE('',#2606,#2607,#3022,.T.);
#1910=EDGE_CURVE('',#2607,#2604,#3023,.T.);
#1911=EDGE_CURVE('',#2608,#2609,#3024,.T.);
#1912=EDGE_CURVE('',#2609,#2610,#3025,.T.);
#1913=EDGE_CURVE('',#2610,#2611,#3026,.T.);
#1914=EDGE_CURVE('',#2611,#2608,#3027,.T.);
#1915=EDGE_CURVE('',#2612,#2613,#3028,.T.);
#1916=EDGE_CURVE('',#2613,#2614,#3029,.T.);
#1917=EDGE_CURVE('',#2614,#2615,#3030,.T.);
#1918=EDGE_CURVE('',#2615,#2616,#3031,.T.);
#1919=EDGE_CURVE('',#2616,#2617,#3032,.T.);
#1920=EDGE_CURVE('',#2617,#2618,#3033,.T.);
#1921=EDGE_CURVE('',#2618,#2619,#3034,.T.);
#1922=EDGE_CURVE('',#2619,#2620,#3035,.T.);
#1923=EDGE_CURVE('',#2620,#2621,#3036,.T.);
#1924=EDGE_CURVE('',#2621,#2612,#3037,.T.);
#1925=EDGE_CURVE('',#2622,#2623,#187,.T.);
#1926=EDGE_CURVE('',#2623,#2624,#188,.T.);
#1927=EDGE_CURVE('',#2624,#2625,#189,.T.);
#1928=EDGE_CURVE('',#2625,#2626,#190,.T.);
#1929=EDGE_CURVE('',#2626,#2627,#191,.T.);
#1930=EDGE_CURVE('',#2627,#2628,#192,.T.);
#1931=EDGE_CURVE('',#2628,#2629,#193,.T.);
#1932=EDGE_CURVE('',#2629,#2630,#194,.T.);
#1933=EDGE_CURVE('',#2630,#2631,#195,.T.);
#1934=EDGE_CURVE('',#2631,#2632,#196,.T.);
#1935=EDGE_CURVE('',#2632,#2633,#197,.T.);
#1936=EDGE_CURVE('',#2633,#2634,#198,.T.);
#1937=EDGE_CURVE('',#2634,#2635,#199,.T.);
#1938=EDGE_CURVE('',#2635,#2622,#200,.T.);
#1939=EDGE_CURVE('',#2636,#2637,#3038,.T.);
#1940=EDGE_CURVE('',#2637,#2638,#201,.T.);
#1941=EDGE_CURVE('',#2638,#2639,#202,.T.);
#1942=EDGE_CURVE('',#2639,#2640,#203,.T.);
#1943=EDGE_CURVE('',#2640,#2641,#204,.T.);
#1944=EDGE_CURVE('',#2641,#2642,#205,.T.);
#1945=EDGE_CURVE('',#2642,#2643,#206,.T.);
#1946=EDGE_CURVE('',#2643,#2644,#207,.T.);
#1947=EDGE_CURVE('',#2644,#2645,#208,.T.);
#1948=EDGE_CURVE('',#2645,#2646,#209,.T.);
#1949=EDGE_CURVE('',#2646,#2647,#210,.T.);
#1950=EDGE_CURVE('',#2647,#2648,#211,.T.);
#1951=EDGE_CURVE('',#2648,#2649,#212,.T.);
#1952=EDGE_CURVE('',#2649,#2650,#3039,.T.);
#1953=EDGE_CURVE('',#2650,#2651,#213,.T.);
#1954=EDGE_CURVE('',#2651,#2652,#214,.T.);
#1955=EDGE_CURVE('',#2652,#2653,#215,.T.);
#1956=EDGE_CURVE('',#2653,#2654,#216,.T.);
#1957=EDGE_CURVE('',#2654,#2655,#217,.T.);
#1958=EDGE_CURVE('',#2655,#2656,#218,.T.);
#1959=EDGE_CURVE('',#2656,#2657,#219,.T.);
#1960=EDGE_CURVE('',#2657,#2658,#220,.T.);
#1961=EDGE_CURVE('',#2658,#2636,#221,.T.);
#1962=EDGE_CURVE('',#2659,#2660,#3040,.T.);
#1963=EDGE_CURVE('',#2659,#2661,#3041,.T.);
#1964=EDGE_CURVE('',#2661,#2662,#3042,.T.);
#1965=EDGE_CURVE('',#2660,#2662,#3043,.T.);
#1966=EDGE_CURVE('',#2663,#2664,#3044,.T.);
#1967=EDGE_CURVE('',#2663,#2665,#3045,.T.);
#1968=EDGE_CURVE('',#2665,#2666,#3046,.T.);
#1969=EDGE_CURVE('',#2664,#2666,#3047,.T.);
#1970=EDGE_CURVE('',#2464,#2667,#3048,.T.);
#1971=EDGE_CURVE('',#2471,#2667,#3049,.T.);
#1972=EDGE_CURVE('',#2475,#2668,#3050,.T.);
#1973=EDGE_CURVE('',#2479,#2668,#3051,.T.);
#1974=EDGE_CURVE('',#2478,#2669,#3052,.T.);
#1975=EDGE_CURVE('',#2485,#2669,#3053,.T.);
#1976=EDGE_CURVE('',#2484,#2670,#3054,.T.);
#1977=EDGE_CURVE('',#2465,#2670,#3055,.T.);
#1978=EDGE_CURVE('',#2671,#2672,#3056,.T.);
#1979=EDGE_CURVE('',#2672,#2673,#3057,.T.);
#1980=EDGE_CURVE('',#2674,#2673,#3058,.T.);
#1981=EDGE_CURVE('',#2671,#2674,#3059,.T.);
#1982=EDGE_CURVE('',#2675,#2676,#3060,.T.);
#1983=EDGE_CURVE('',#2675,#2677,#3061,.T.);
#1984=EDGE_CURVE('',#2677,#2678,#3062,.T.);
#1985=EDGE_CURVE('',#2676,#2678,#3063,.T.);
#1986=EDGE_CURVE('',#2679,#2680,#3064,.T.);
#1987=EDGE_CURVE('',#2680,#2681,#3065,.T.);
#1988=EDGE_CURVE('',#2682,#2681,#3066,.T.);
#1989=EDGE_CURVE('',#2679,#2682,#3067,.T.);
#1990=EDGE_CURVE('',#2683,#2684,#3068,.T.);
#1991=EDGE_CURVE('',#2685,#2683,#3069,.T.);
#1992=EDGE_CURVE('',#2685,#2686,#3070,.T.);
#1993=EDGE_CURVE('',#2686,#2684,#3071,.T.);
#1994=EDGE_CURVE('',#2687,#2688,#3072,.T.);
#1995=EDGE_CURVE('',#2687,#2689,#3073,.T.);
#1996=EDGE_CURVE('',#2689,#2690,#3074,.T.);
#1997=EDGE_CURVE('',#2688,#2690,#3075,.T.);
#1998=EDGE_CURVE('',#2691,#2692,#3076,.T.);
#1999=EDGE_CURVE('',#2691,#2693,#3077,.T.);
#2000=EDGE_CURVE('',#2693,#2694,#3078,.T.);
#2001=EDGE_CURVE('',#2692,#2694,#3079,.T.);
#2002=EDGE_CURVE('',#2695,#2696,#3080,.T.);
#2003=EDGE_CURVE('',#2695,#2697,#3081,.T.);
#2004=EDGE_CURVE('',#2697,#2698,#3082,.T.);
#2005=EDGE_CURVE('',#2696,#2698,#3083,.T.);
#2006=EDGE_CURVE('',#2699,#2699,#347,.T.);
#2007=EDGE_CURVE('',#2700,#2700,#348,.T.);
#2008=EDGE_CURVE('',#2701,#2702,#3084,.T.);
#2009=EDGE_CURVE('',#2701,#2703,#3085,.T.);
#2010=EDGE_CURVE('',#2703,#2704,#3086,.T.);
#2011=EDGE_CURVE('',#2702,#2704,#3087,.T.);
#2012=EDGE_CURVE('',#2705,#2673,#3088,.T.);
#2013=EDGE_CURVE('',#2676,#2705,#3089,.T.);
#2014=EDGE_CURVE('',#2678,#2706,#3090,.T.);
#2015=EDGE_CURVE('',#2706,#2682,#3091,.T.);
#2016=EDGE_CURVE('',#2707,#2681,#3092,.T.);
#2017=EDGE_CURVE('',#2684,#2707,#3093,.T.);
#2018=EDGE_CURVE('',#2686,#2708,#3094,.T.);
#2019=EDGE_CURVE('',#2708,#2674,#3095,.T.);
#2020=EDGE_CURVE('',#2709,#2709,#349,.T.);
#2021=EDGE_CURVE('',#2710,#2710,#350,.T.);
#2022=EDGE_CURVE('',#2711,#2711,#351,.T.);
#2023=EDGE_CURVE('',#2712,#2712,#352,.T.);
#2024=EDGE_CURVE('',#2696,#2508,#3096,.T.);
#2025=EDGE_CURVE('',#2695,#2506,#3097,.T.);
#2026=EDGE_CURVE('',#2697,#2507,#3098,.T.);
#2027=EDGE_CURVE('',#2698,#2509,#3099,.T.);
#2028=EDGE_CURVE('',#2713,#2511,#3100,.T.);
#2029=EDGE_CURVE('',#2713,#2714,#3101,.T.);
#2030=EDGE_CURVE('',#2714,#2512,#3102,.T.);
#2031=EDGE_CURVE('',#2715,#2510,#3103,.T.);
#2032=EDGE_CURVE('',#2715,#2713,#3104,.T.);
#2033=EDGE_CURVE('',#2716,#2522,#3105,.T.);
#2034=EDGE_CURVE('',#2716,#2715,#3106,.T.);
#2035=EDGE_CURVE('',#2717,#2521,#3107,.T.);
#2036=EDGE_CURVE('',#2717,#2716,#3108,.T.);
#2037=EDGE_CURVE('',#2718,#2520,#3109,.T.);
#2038=EDGE_CURVE('',#2718,#2717,#3110,.T.);
#2039=EDGE_CURVE('',#2719,#2519,#3111,.T.);
#2040=EDGE_CURVE('',#2719,#2718,#3112,.T.);
#2041=EDGE_CURVE('',#2720,#2518,#3113,.T.);
#2042=EDGE_CURVE('',#2720,#2719,#3114,.T.);
#2043=EDGE_CURVE('',#2721,#2517,#3115,.T.);
#2044=EDGE_CURVE('',#2721,#2720,#3116,.T.);
#2045=EDGE_CURVE('',#2722,#2516,#3117,.T.);
#2046=EDGE_CURVE('',#2722,#2721,#3118,.T.);
#2047=EDGE_CURVE('',#2723,#2515,#3119,.T.);
#2048=EDGE_CURVE('',#2723,#2722,#3120,.T.);
#2049=EDGE_CURVE('',#2724,#2514,#3121,.T.);
#2050=EDGE_CURVE('',#2724,#2723,#3122,.T.);
#2051=EDGE_CURVE('',#2725,#2513,#3123,.T.);
#2052=EDGE_CURVE('',#2725,#2724,#3124,.T.);
#2053=EDGE_CURVE('',#2714,#2725,#3125,.T.);
#2054=EDGE_CURVE('',#2726,#2524,#3126,.T.);
#2055=EDGE_CURVE('',#2726,#2727,#222,.T.);
#2056=EDGE_CURVE('',#2727,#2525,#3127,.T.);
#2057=EDGE_CURVE('',#2728,#2523,#3128,.T.);
#2058=EDGE_CURVE('',#2728,#2726,#3129,.T.);
#2059=EDGE_CURVE('',#2729,#2545,#3130,.T.);
#2060=EDGE_CURVE('',#2729,#2728,#223,.T.);
#2061=EDGE_CURVE('',#2730,#2544,#3131,.T.);
#2062=EDGE_CURVE('',#2730,#2729,#224,.T.);
#2063=EDGE_CURVE('',#2731,#2543,#3132,.T.);
#2064=EDGE_CURVE('',#2731,#2730,#225,.T.);
#2065=EDGE_CURVE('',#2732,#2542,#3133,.T.);
#2066=EDGE_CURVE('',#2732,#2731,#226,.T.);
#2067=EDGE_CURVE('',#2733,#2541,#3134,.T.);
#2068=EDGE_CURVE('',#2733,#2732,#227,.T.);
#2069=EDGE_CURVE('',#2734,#2540,#3135,.T.);
#2070=EDGE_CURVE('',#2734,#2733,#228,.T.);
#2071=EDGE_CURVE('',#2735,#2539,#3136,.T.);
#2072=EDGE_CURVE('',#2735,#2734,#229,.T.);
#2073=EDGE_CURVE('',#2736,#2538,#3137,.T.);
#2074=EDGE_CURVE('',#2736,#2735,#230,.T.);
#2075=EDGE_CURVE('',#2737,#2537,#3138,.T.);
#2076=EDGE_CURVE('',#2737,#2736,#231,.T.);
#2077=EDGE_CURVE('',#2738,#2536,#3139,.T.);
#2078=EDGE_CURVE('',#2738,#2737,#3140,.T.);
#2079=EDGE_CURVE('',#2739,#2535,#3141,.T.);
#2080=EDGE_CURVE('',#2739,#2738,#232,.T.);
#2081=EDGE_CURVE('',#2740,#2534,#3142,.T.);
#2082=EDGE_CURVE('',#2740,#2739,#233,.T.);
#2083=EDGE_CURVE('',#2741,#2533,#3143,.T.);
#2084=EDGE_CURVE('',#2741,#2740,#234,.T.);
#2085=EDGE_CURVE('',#2742,#2532,#3144,.T.);
#2086=EDGE_CURVE('',#2742,#2741,#235,.T.);
#2087=EDGE_CURVE('',#2743,#2531,#3145,.T.);
#2088=EDGE_CURVE('',#2743,#2742,#236,.T.);
#2089=EDGE_CURVE('',#2744,#2530,#3146,.T.);
#2090=EDGE_CURVE('',#2744,#2743,#237,.T.);
#2091=EDGE_CURVE('',#2745,#2529,#3147,.T.);
#2092=EDGE_CURVE('',#2745,#2744,#238,.T.);
#2093=EDGE_CURVE('',#2746,#2528,#3148,.T.);
#2094=EDGE_CURVE('',#2746,#2745,#239,.T.);
#2095=EDGE_CURVE('',#2747,#2527,#3149,.T.);
#2096=EDGE_CURVE('',#2747,#2746,#240,.T.);
#2097=EDGE_CURVE('',#2748,#2526,#3150,.T.);
#2098=EDGE_CURVE('',#2748,#2747,#241,.T.);
#2099=EDGE_CURVE('',#2727,#2748,#242,.T.);
#2100=EDGE_CURVE('',#2749,#2547,#3151,.T.);
#2101=EDGE_CURVE('',#2749,#2750,#3152,.T.);
#2102=EDGE_CURVE('',#2750,#2548,#3153,.T.);
#2103=EDGE_CURVE('',#2751,#2546,#3154,.T.);
#2104=EDGE_CURVE('',#2751,#2749,#3155,.T.);
#2105=EDGE_CURVE('',#2752,#2551,#3156,.T.);
#2106=EDGE_CURVE('',#2752,#2751,#3157,.T.);
#2107=EDGE_CURVE('',#2753,#2550,#3158,.T.);
#2108=EDGE_CURVE('',#2753,#2752,#3159,.T.);
#2109=EDGE_CURVE('',#2754,#2549,#3160,.T.);
#2110=EDGE_CURVE('',#2754,#2753,#3161,.T.);
#2111=EDGE_CURVE('',#2750,#2754,#3162,.T.);
#2112=EDGE_CURVE('',#2755,#2553,#3163,.T.);
#2113=EDGE_CURVE('',#2755,#2756,#3164,.T.);
#2114=EDGE_CURVE('',#2756,#2554,#3165,.T.);
#2115=EDGE_CURVE('',#2757,#2552,#3166,.T.);
#2116=EDGE_CURVE('',#2757,#2755,#3167,.T.);
#2117=EDGE_CURVE('',#2758,#2561,#3168,.T.);
#2118=EDGE_CURVE('',#2758,#2757,#3169,.T.);
#2119=EDGE_CURVE('',#2759,#2560,#3170,.T.);
#2120=EDGE_CURVE('',#2759,#2758,#3171,.T.);
#2121=EDGE_CURVE('',#2760,#2559,#3172,.T.);
#2122=EDGE_CURVE('',#2760,#2759,#3173,.T.);
#2123=EDGE_CURVE('',#2761,#2558,#3174,.T.);
#2124=EDGE_CURVE('',#2761,#2760,#3175,.T.);
#2125=EDGE_CURVE('',#2762,#2557,#3176,.T.);
#2126=EDGE_CURVE('',#2762,#2761,#3177,.T.);
#2127=EDGE_CURVE('',#2763,#2556,#3178,.T.);
#2128=EDGE_CURVE('',#2763,#2762,#3179,.T.);
#2129=EDGE_CURVE('',#2764,#2555,#3180,.T.);
#2130=EDGE_CURVE('',#2764,#2763,#3181,.T.);
#2131=EDGE_CURVE('',#2756,#2764,#3182,.T.);
#2132=EDGE_CURVE('',#2765,#2563,#3183,.T.);
#2133=EDGE_CURVE('',#2765,#2766,#3184,.T.);
#2134=EDGE_CURVE('',#2766,#2564,#3185,.T.);
#2135=EDGE_CURVE('',#2767,#2562,#3186,.T.);
#2136=EDGE_CURVE('',#2767,#2765,#3187,.T.);
#2137=EDGE_CURVE('',#2768,#2567,#3188,.T.);
#2138=EDGE_CURVE('',#2768,#2767,#3189,.T.);
#2139=EDGE_CURVE('',#2769,#2566,#3190,.T.);
#2140=EDGE_CURVE('',#2769,#2768,#3191,.T.);
#2141=EDGE_CURVE('',#2770,#2565,#3192,.T.);
#2142=EDGE_CURVE('',#2770,#2769,#3193,.T.);
#2143=EDGE_CURVE('',#2766,#2770,#3194,.T.);
#2144=EDGE_CURVE('',#2771,#2569,#3195,.T.);
#2145=EDGE_CURVE('',#2771,#2772,#243,.T.);
#2146=EDGE_CURVE('',#2772,#2570,#3196,.T.);
#2147=EDGE_CURVE('',#2773,#2568,#3197,.T.);
#2148=EDGE_CURVE('',#2773,#2771,#3198,.T.);
#2149=EDGE_CURVE('',#2774,#2590,#3199,.T.);
#2150=EDGE_CURVE('',#2774,#2773,#244,.T.);
#2151=EDGE_CURVE('',#2775,#2589,#3200,.T.);
#2152=EDGE_CURVE('',#2775,#2774,#245,.T.);
#2153=EDGE_CURVE('',#2776,#2588,#3201,.T.);
#2154=EDGE_CURVE('',#2776,#2775,#246,.T.);
#2155=EDGE_CURVE('',#2777,#2587,#3202,.T.);
#2156=EDGE_CURVE('',#2777,#2776,#247,.T.);
#2157=EDGE_CURVE('',#2778,#2586,#3203,.T.);
#2158=EDGE_CURVE('',#2778,#2777,#248,.T.);
#2159=EDGE_CURVE('',#2779,#2585,#3204,.T.);
#2160=EDGE_CURVE('',#2779,#2778,#249,.T.);
#2161=EDGE_CURVE('',#2780,#2584,#3205,.T.);
#2162=EDGE_CURVE('',#2780,#2779,#250,.T.);
#2163=EDGE_CURVE('',#2781,#2583,#3206,.T.);
#2164=EDGE_CURVE('',#2781,#2780,#251,.T.);
#2165=EDGE_CURVE('',#2782,#2582,#3207,.T.);
#2166=EDGE_CURVE('',#2782,#2781,#252,.T.);
#2167=EDGE_CURVE('',#2783,#2581,#3208,.T.);
#2168=EDGE_CURVE('',#2783,#2782,#3209,.T.);
#2169=EDGE_CURVE('',#2784,#2580,#3210,.T.);
#2170=EDGE_CURVE('',#2784,#2783,#253,.T.);
#2171=EDGE_CURVE('',#2785,#2579,#3211,.T.);
#2172=EDGE_CURVE('',#2785,#2784,#254,.T.);
#2173=EDGE_CURVE('',#2786,#2578,#3212,.T.);
#2174=EDGE_CURVE('',#2786,#2785,#255,.T.);
#2175=EDGE_CURVE('',#2787,#2577,#3213,.T.);
#2176=EDGE_CURVE('',#2787,#2786,#256,.T.);
#2177=EDGE_CURVE('',#2788,#2576,#3214,.T.);
#2178=EDGE_CURVE('',#2788,#2787,#257,.T.);
#2179=EDGE_CURVE('',#2789,#2575,#3215,.T.);
#2180=EDGE_CURVE('',#2789,#2788,#258,.T.);
#2181=EDGE_CURVE('',#2790,#2574,#3216,.T.);
#2182=EDGE_CURVE('',#2790,#2789,#259,.T.);
#2183=EDGE_CURVE('',#2791,#2573,#3217,.T.);
#2184=EDGE_CURVE('',#2791,#2790,#260,.T.);
#2185=EDGE_CURVE('',#2792,#2572,#3218,.T.);
#2186=EDGE_CURVE('',#2792,#2791,#261,.T.);
#2187=EDGE_CURVE('',#2793,#2571,#3219,.T.);
#2188=EDGE_CURVE('',#2793,#2792,#262,.T.);
#2189=EDGE_CURVE('',#2772,#2793,#263,.T.);
#2190=EDGE_CURVE('',#2794,#2592,#3220,.T.);
#2191=EDGE_CURVE('',#2794,#2795,#3221,.T.);
#2192=EDGE_CURVE('',#2795,#2593,#3222,.T.);
#2193=EDGE_CURVE('',#2796,#2591,#3223,.T.);
#2194=EDGE_CURVE('',#2796,#2794,#3224,.T.);
#2195=EDGE_CURVE('',#2797,#2603,#3225,.T.);
#2196=EDGE_CURVE('',#2797,#2796,#3226,.T.);
#2197=EDGE_CURVE('',#2798,#2602,#3227,.T.);
#2198=EDGE_CURVE('',#2798,#2797,#3228,.T.);
#2199=EDGE_CURVE('',#2799,#2601,#3229,.T.);
#2200=EDGE_CURVE('',#2799,#2798,#3230,.T.);
#2201=EDGE_CURVE('',#2800,#2600,#3231,.T.);
#2202=EDGE_CURVE('',#2800,#2799,#3232,.T.);
#2203=EDGE_CURVE('',#2801,#2599,#3233,.T.);
#2204=EDGE_CURVE('',#2801,#2800,#3234,.T.);
#2205=EDGE_CURVE('',#2802,#2598,#3235,.T.);
#2206=EDGE_CURVE('',#2802,#2801,#3236,.T.);
#2207=EDGE_CURVE('',#2803,#2597,#3237,.T.);
#2208=EDGE_CURVE('',#2803,#2802,#3238,.T.);
#2209=EDGE_CURVE('',#2804,#2596,#3239,.T.);
#2210=EDGE_CURVE('',#2804,#2803,#3240,.T.);
#2211=EDGE_CURVE('',#2805,#2595,#3241,.T.);
#2212=EDGE_CURVE('',#2805,#2804,#3242,.T.);
#2213=EDGE_CURVE('',#2806,#2594,#3243,.T.);
#2214=EDGE_CURVE('',#2806,#2805,#3244,.T.);
#2215=EDGE_CURVE('',#2795,#2806,#3245,.T.);
#2216=EDGE_CURVE('',#2807,#2605,#3246,.T.);
#2217=EDGE_CURVE('',#2807,#2808,#3247,.T.);
#2218=EDGE_CURVE('',#2808,#2606,#3248,.T.);
#2219=EDGE_CURVE('',#2809,#2604,#3249,.T.);
#2220=EDGE_CURVE('',#2809,#2807,#3250,.T.);
#2221=EDGE_CURVE('',#2810,#2607,#3251,.T.);
#2222=EDGE_CURVE('',#2810,#2809,#3252,.T.);
#2223=EDGE_CURVE('',#2808,#2810,#3253,.T.);
#2224=EDGE_CURVE('',#2811,#2609,#3254,.T.);
#2225=EDGE_CURVE('',#2811,#2812,#3255,.T.);
#2226=EDGE_CURVE('',#2812,#2610,#3256,.T.);
#2227=EDGE_CURVE('',#2813,#2608,#3257,.T.);
#2228=EDGE_CURVE('',#2813,#2811,#3258,.T.);
#2229=EDGE_CURVE('',#2814,#2611,#3259,.T.);
#2230=EDGE_CURVE('',#2814,#2813,#3260,.T.);
#2231=EDGE_CURVE('',#2812,#2814,#3261,.T.);
#2232=EDGE_CURVE('',#2815,#2613,#3262,.T.);
#2233=EDGE_CURVE('',#2815,#2816,#3263,.T.);
#2234=EDGE_CURVE('',#2816,#2614,#3264,.T.);
#2235=EDGE_CURVE('',#2817,#2612,#3265,.T.);
#2236=EDGE_CURVE('',#2817,#2815,#3266,.T.);
#2237=EDGE_CURVE('',#2818,#2621,#3267,.T.);
#2238=EDGE_CURVE('',#2818,#2817,#3268,.T.);
#2239=EDGE_CURVE('',#2819,#2620,#3269,.T.);
#2240=EDGE_CURVE('',#2819,#2818,#3270,.T.);
#2241=EDGE_CURVE('',#2820,#2619,#3271,.T.);
#2242=EDGE_CURVE('',#2820,#2819,#3272,.T.);
#2243=EDGE_CURVE('',#2821,#2618,#3273,.T.);
#2244=EDGE_CURVE('',#2821,#2820,#3274,.T.);
#2245=EDGE_CURVE('',#2822,#2617,#3275,.T.);
#2246=EDGE_CURVE('',#2822,#2821,#3276,.T.);
#2247=EDGE_CURVE('',#2823,#2616,#3277,.T.);
#2248=EDGE_CURVE('',#2823,#2822,#3278,.T.);
#2249=EDGE_CURVE('',#2824,#2615,#3279,.T.);
#2250=EDGE_CURVE('',#2824,#2823,#3280,.T.);
#2251=EDGE_CURVE('',#2816,#2824,#3281,.T.);
#2252=EDGE_CURVE('',#2825,#2826,#3282,.T.);
#2253=EDGE_CURVE('',#2827,#2825,#3283,.T.);
#2254=EDGE_CURVE('',#2827,#2828,#3284,.T.);
#2255=EDGE_CURVE('',#2828,#2826,#3285,.T.);
#2256=EDGE_CURVE('',#2829,#2825,#3286,.T.);
#2257=EDGE_CURVE('',#2830,#2829,#3287,.T.);
#2258=EDGE_CURVE('',#2830,#2827,#3288,.T.);
#2259=EDGE_CURVE('',#2831,#2829,#264,.T.);
#2260=EDGE_CURVE('',#2832,#2831,#3289,.T.);
#2261=EDGE_CURVE('',#2832,#2830,#265,.T.);
#2262=EDGE_CURVE('',#2833,#2831,#266,.T.);
#2263=EDGE_CURVE('',#2834,#2833,#3290,.T.);
#2264=EDGE_CURVE('',#2834,#2832,#267,.T.);
#2265=EDGE_CURVE('',#2835,#2833,#268,.T.);
#2266=EDGE_CURVE('',#2836,#2835,#3291,.T.);
#2267=EDGE_CURVE('',#2836,#2834,#269,.T.);
#2268=EDGE_CURVE('',#2837,#2835,#270,.T.);
#2269=EDGE_CURVE('',#2838,#2837,#3292,.T.);
#2270=EDGE_CURVE('',#2838,#2836,#271,.T.);
#2271=EDGE_CURVE('',#2839,#2837,#272,.T.);
#2272=EDGE_CURVE('',#2840,#2839,#3293,.T.);
#2273=EDGE_CURVE('',#2840,#2838,#273,.T.);
#2274=EDGE_CURVE('',#2841,#2839,#274,.T.);
#2275=EDGE_CURVE('',#2842,#2841,#3294,.T.);
#2276=EDGE_CURVE('',#2842,#2840,#275,.T.);
#2277=EDGE_CURVE('',#2843,#2841,#276,.T.);
#2278=EDGE_CURVE('',#2844,#2843,#3295,.T.);
#2279=EDGE_CURVE('',#2844,#2842,#277,.T.);
#2280=EDGE_CURVE('',#2845,#2493,#3296,.T.);
#2281=EDGE_CURVE('',#2845,#2846,#278,.T.);
#2282=EDGE_CURVE('',#2846,#2494,#3297,.T.);
#2283=EDGE_CURVE('',#2847,#2492,#3298,.T.);
#2284=EDGE_CURVE('',#2847,#2845,#353,.F.);
#2285=EDGE_CURVE('',#2848,#2505,#3299,.T.);
#2286=EDGE_CURVE('',#2848,#2847,#279,.T.);
#2287=EDGE_CURVE('',#2849,#2504,#3300,.T.);
#2288=EDGE_CURVE('',#2849,#2848,#280,.T.);
#2289=EDGE_CURVE('',#2850,#2503,#3301,.T.);
#2290=EDGE_CURVE('',#2850,#2849,#281,.T.);
#2291=EDGE_CURVE('',#2851,#2502,#3302,.T.);
#2292=EDGE_CURVE('',#2851,#2850,#282,.T.);
#2293=EDGE_CURVE('',#2852,#2501,#3303,.T.);
#2294=EDGE_CURVE('',#2852,#2851,#283,.T.);
#2295=EDGE_CURVE('',#2853,#2500,#3304,.T.);
#2296=EDGE_CURVE('',#2853,#2852,#284,.T.);
#2297=EDGE_CURVE('',#2854,#2499,#3305,.T.);
#2298=EDGE_CURVE('',#2854,#2853,#354,.F.);
#2299=EDGE_CURVE('',#2855,#2498,#3306,.T.);
#2300=EDGE_CURVE('',#2855,#2854,#285,.T.);
#2301=EDGE_CURVE('',#2856,#2497,#3307,.T.);
#2302=EDGE_CURVE('',#2856,#2855,#286,.T.);
#2303=EDGE_CURVE('',#2857,#2496,#3308,.T.);
#2304=EDGE_CURVE('',#2857,#2856,#287,.T.);
#2305=EDGE_CURVE('',#2858,#2495,#3309,.T.);
#2306=EDGE_CURVE('',#2858,#2857,#288,.T.);
#2307=EDGE_CURVE('',#2846,#2858,#289,.T.);
#2308=EDGE_CURVE('',#2826,#2843,#290,.T.);
#2309=EDGE_CURVE('',#2828,#2844,#291,.T.);
#2310=EDGE_CURVE('',#2859,#2860,#3310,.T.);
#2311=EDGE_CURVE('',#2861,#2859,#3311,.T.);
#2312=EDGE_CURVE('',#2861,#2862,#3312,.T.);
#2313=EDGE_CURVE('',#2862,#2860,#3313,.T.);
#2314=EDGE_CURVE('',#2863,#2859,#3314,.T.);
#2315=EDGE_CURVE('',#2864,#2863,#3315,.T.);
#2316=EDGE_CURVE('',#2864,#2861,#3316,.T.);
#2317=EDGE_CURVE('',#2865,#2863,#292,.T.);
#2318=EDGE_CURVE('',#2866,#2865,#3317,.T.);
#2319=EDGE_CURVE('',#2866,#2864,#293,.T.);
#2320=EDGE_CURVE('',#2867,#2865,#294,.T.);
#2321=EDGE_CURVE('',#2868,#2867,#3318,.T.);
#2322=EDGE_CURVE('',#2868,#2866,#295,.T.);
#2323=EDGE_CURVE('',#2869,#2867,#296,.T.);
#2324=EDGE_CURVE('',#2870,#2869,#3319,.T.);
#2325=EDGE_CURVE('',#2870,#2868,#297,.T.);
#2326=EDGE_CURVE('',#2871,#2869,#298,.T.);
#2327=EDGE_CURVE('',#2872,#2871,#3320,.T.);
#2328=EDGE_CURVE('',#2872,#2870,#299,.T.);
#2329=EDGE_CURVE('',#2873,#2871,#300,.T.);
#2330=EDGE_CURVE('',#2874,#2873,#3321,.T.);
#2331=EDGE_CURVE('',#2874,#2872,#301,.T.);
#2332=EDGE_CURVE('',#2875,#2873,#302,.T.);
#2333=EDGE_CURVE('',#2876,#2875,#3322,.T.);
#2334=EDGE_CURVE('',#2876,#2874,#303,.T.);
#2335=EDGE_CURVE('',#2877,#2875,#304,.T.);
#2336=EDGE_CURVE('',#2878,#2877,#3323,.T.);
#2337=EDGE_CURVE('',#2878,#2876,#305,.T.);
#2338=EDGE_CURVE('',#2879,#2623,#3324,.T.);
#2339=EDGE_CURVE('',#2879,#2880,#306,.T.);
#2340=EDGE_CURVE('',#2880,#2624,#3325,.T.);
#2341=EDGE_CURVE('',#2881,#2622,#3326,.T.);
#2342=EDGE_CURVE('',#2881,#2879,#307,.T.);
#2343=EDGE_CURVE('',#2882,#2635,#3327,.T.);
#2344=EDGE_CURVE('',#2882,#2881,#308,.T.);
#2345=EDGE_CURVE('',#2883,#2634,#3328,.T.);
#2346=EDGE_CURVE('',#2883,#2882,#309,.T.);
#2347=EDGE_CURVE('',#2884,#2633,#3329,.T.);
#2348=EDGE_CURVE('',#2884,#2883,#310,.T.);
#2349=EDGE_CURVE('',#2885,#2632,#3330,.T.);
#2350=EDGE_CURVE('',#2885,#2884,#311,.T.);
#2351=EDGE_CURVE('',#2886,#2631,#3331,.T.);
#2352=EDGE_CURVE('',#2886,#2885,#312,.T.);
#2353=EDGE_CURVE('',#2887,#2630,#3332,.T.);
#2354=EDGE_CURVE('',#2887,#2886,#313,.T.);
#2355=EDGE_CURVE('',#2888,#2629,#3333,.T.);
#2356=EDGE_CURVE('',#2888,#2887,#314,.T.);
#2357=EDGE_CURVE('',#2889,#2628,#3334,.T.);
#2358=EDGE_CURVE('',#2889,#2888,#315,.T.);
#2359=EDGE_CURVE('',#2890,#2627,#3335,.T.);
#2360=EDGE_CURVE('',#2890,#2889,#316,.T.);
#2361=EDGE_CURVE('',#2891,#2626,#3336,.T.);
#2362=EDGE_CURVE('',#2891,#2890,#317,.T.);
#2363=EDGE_CURVE('',#2892,#2625,#3337,.T.);
#2364=EDGE_CURVE('',#2892,#2891,#318,.T.);
#2365=EDGE_CURVE('',#2880,#2892,#319,.T.);
#2366=EDGE_CURVE('',#2860,#2877,#320,.T.);
#2367=EDGE_CURVE('',#2862,#2878,#321,.T.);
#2368=EDGE_CURVE('',#2893,#2637,#3338,.T.);
#2369=EDGE_CURVE('',#2893,#2894,#322,.T.);
#2370=EDGE_CURVE('',#2894,#2638,#3339,.T.);
#2371=EDGE_CURVE('',#2895,#2636,#3340,.T.);
#2372=EDGE_CURVE('',#2895,#2893,#3341,.T.);
#2373=EDGE_CURVE('',#2896,#2658,#3342,.T.);
#2374=EDGE_CURVE('',#2896,#2895,#323,.T.);
#2375=EDGE_CURVE('',#2897,#2657,#3343,.T.);
#2376=EDGE_CURVE('',#2897,#2896,#324,.T.);
#2377=EDGE_CURVE('',#2898,#2656,#3344,.T.);
#2378=EDGE_CURVE('',#2898,#2897,#325,.T.);
#2379=EDGE_CURVE('',#2899,#2655,#3345,.T.);
#2380=EDGE_CURVE('',#2899,#2898,#326,.T.);
#2381=EDGE_CURVE('',#2900,#2654,#3346,.T.);
#2382=EDGE_CURVE('',#2900,#2899,#327,.T.);
#2383=EDGE_CURVE('',#2901,#2653,#3347,.T.);
#2384=EDGE_CURVE('',#2901,#2900,#328,.T.);
#2385=EDGE_CURVE('',#2902,#2652,#3348,.T.);
#2386=EDGE_CURVE('',#2902,#2901,#329,.T.);
#2387=EDGE_CURVE('',#2903,#2651,#3349,.T.);
#2388=EDGE_CURVE('',#2903,#2902,#330,.T.);
#2389=EDGE_CURVE('',#2904,#2650,#3350,.T.);
#2390=EDGE_CURVE('',#2904,#2903,#331,.T.);
#2391=EDGE_CURVE('',#2905,#2649,#3351,.T.);
#2392=EDGE_CURVE('',#2905,#2904,#3352,.T.);
#2393=EDGE_CURVE('',#2906,#2648,#3353,.T.);
#2394=EDGE_CURVE('',#2906,#2905,#332,.T.);
#2395=EDGE_CURVE('',#2907,#2647,#3354,.T.);
#2396=EDGE_CURVE('',#2907,#2906,#333,.T.);
#2397=EDGE_CURVE('',#2908,#2646,#3355,.T.);
#2398=EDGE_CURVE('',#2908,#2907,#334,.T.);
#2399=EDGE_CURVE('',#2909,#2645,#3356,.T.);
#2400=EDGE_CURVE('',#2909,#2908,#335,.T.);
#2401=EDGE_CURVE('',#2910,#2644,#3357,.T.);
#2402=EDGE_CURVE('',#2910,#2909,#336,.T.);
#2403=EDGE_CURVE('',#2911,#2643,#3358,.T.);
#2404=EDGE_CURVE('',#2911,#2910,#337,.T.);
#2405=EDGE_CURVE('',#2912,#2642,#3359,.T.);
#2406=EDGE_CURVE('',#2912,#2911,#338,.T.);
#2407=EDGE_CURVE('',#2913,#2641,#3360,.T.);
#2408=EDGE_CURVE('',#2913,#2912,#339,.T.);
#2409=EDGE_CURVE('',#2914,#2640,#3361,.T.);
#2410=EDGE_CURVE('',#2914,#2913,#340,.T.);
#2411=EDGE_CURVE('',#2915,#2639,#3362,.T.);
#2412=EDGE_CURVE('',#2915,#2914,#341,.T.);
#2413=EDGE_CURVE('',#2894,#2915,#342,.T.);
#2414=EDGE_CURVE('',#2692,#2916,#3363,.T.);
#2415=EDGE_CURVE('',#2916,#2917,#3364,.F.);
#2416=EDGE_CURVE('',#2691,#2917,#3365,.T.);
#2417=EDGE_CURVE('',#2917,#2918,#3366,.T.);
#2418=EDGE_CURVE('',#2693,#2918,#3367,.T.);
#2419=EDGE_CURVE('',#2918,#2919,#3368,.T.);
#2420=EDGE_CURVE('',#2694,#2919,#3369,.T.);
#2421=EDGE_CURVE('',#2919,#2916,#3370,.F.);
#2422=EDGE_CURVE('',#2918,#2491,#12,.F.);
#2423=EDGE_CURVE('',#2488,#2917,#13,.T.);
#2424=EDGE_CURVE('',#2489,#2916,#14,.T.);
#2425=EDGE_CURVE('',#2919,#2490,#15,.F.);
#2426=EDGE_CURVE('',#2702,#2661,#3371,.T.);
#2427=EDGE_CURVE('',#2701,#2659,#3372,.T.);
#2428=EDGE_CURVE('',#2703,#2660,#3373,.T.);
#2429=EDGE_CURVE('',#2704,#2662,#3374,.T.);
#2430=EDGE_CURVE('',#2688,#2665,#3375,.T.);
#2431=EDGE_CURVE('',#2687,#2663,#3376,.T.);
#2432=EDGE_CURVE('',#2689,#2664,#3377,.T.);
#2433=EDGE_CURVE('',#2690,#2666,#3378,.T.);
#2434=EDGE_CURVE('',#2920,#2920,#355,.T.);
#2435=EDGE_CURVE('',#2921,#2921,#356,.T.);
#2436=EDGE_CURVE('',#2922,#2672,#3379,.T.);
#2437=EDGE_CURVE('',#2923,#2671,#3380,.T.);
#2438=EDGE_CURVE('',#2685,#2923,#3381,.T.);
#2439=EDGE_CURVE('',#2683,#2924,#3382,.T.);
#2440=EDGE_CURVE('',#2924,#2680,#3383,.T.);
#2441=EDGE_CURVE('',#2925,#2679,#3384,.T.);
#2442=EDGE_CURVE('',#2677,#2925,#3385,.T.);
#2443=EDGE_CURVE('',#2675,#2922,#3386,.T.);
#2444=EDGE_CURVE('',#2926,#2926,#357,.T.);
#2445=EDGE_CURVE('',#2927,#2927,#358,.T.);
#2446=EDGE_CURVE('',#2923,#2708,#3387,.T.);
#2447=EDGE_CURVE('',#2924,#2707,#3388,.T.);
#2448=EDGE_CURVE('',#2925,#2706,#3389,.T.);
#2449=EDGE_CURVE('',#2922,#2705,#3390,.T.);
#2450=EDGE_CURVE('',#2928,#2670,#3391,.T.);
#2451=EDGE_CURVE('',#2466,#2928,#3392,.T.);
#2452=EDGE_CURVE('',#2483,#2928,#3393,.T.);
#2453=EDGE_CURVE('',#2929,#2668,#3394,.T.);
#2454=EDGE_CURVE('',#2480,#2929,#3395,.T.);
#2455=EDGE_CURVE('',#2474,#2929,#3396,.T.);
#2456=EDGE_CURVE('',#2463,#2930,#3397,.T.);
#2457=EDGE_CURVE('',#2930,#2667,#3398,.T.);
#2458=EDGE_CURVE('',#2470,#2930,#3399,.T.);
#2459=EDGE_CURVE('',#2476,#2931,#3400,.T.);
#2460=EDGE_CURVE('',#2931,#2669,#3401,.T.);
#2461=EDGE_CURVE('',#2482,#2931,#3402,.T.);
#2462=VERTEX_POINT('',#5860);
#2463=VERTEX_POINT('',#5861);
#2464=VERTEX_POINT('',#5863);
#2465=VERTEX_POINT('',#5865);
#2466=VERTEX_POINT('',#5867);
#2467=VERTEX_POINT('',#5869);
#2468=VERTEX_POINT('',#5871);
#2469=VERTEX_POINT('',#5873);
#2470=VERTEX_POINT('',#5877);
#2471=VERTEX_POINT('',#5878);
#2472=VERTEX_POINT('',#5881);
#2473=VERTEX_POINT('',#5883);
#2474=VERTEX_POINT('',#5885);
#2475=VERTEX_POINT('',#5887);
#2476=VERTEX_POINT('',#5891);
#2477=VERTEX_POINT('',#5892);
#2478=VERTEX_POINT('',#5894);
#2479=VERTEX_POINT('',#5896);
#2480=VERTEX_POINT('',#5898);
#2481=VERTEX_POINT('',#5901);
#2482=VERTEX_POINT('',#5905);
#2483=VERTEX_POINT('',#5908);
#2484=VERTEX_POINT('',#5910);
#2485=VERTEX_POINT('',#5912);
#2486=VERTEX_POINT('',#5916);
#2487=VERTEX_POINT('',#5918);
#2488=VERTEX_POINT('',#5920);
#2489=VERTEX_POINT('',#5921);
#2490=VERTEX_POINT('',#5923);
#2491=VERTEX_POINT('',#5925);
#2492=VERTEX_POINT('',#5928);
#2493=VERTEX_POINT('',#5929);
#2494=VERTEX_POINT('',#5933);
#2495=VERTEX_POINT('',#5937);
#2496=VERTEX_POINT('',#5941);
#2497=VERTEX_POINT('',#5945);
#2498=VERTEX_POINT('',#5949);
#2499=VERTEX_POINT('',#5953);
#2500=VERTEX_POINT('',#5955);
#2501=VERTEX_POINT('',#5959);
#2502=VERTEX_POINT('',#5963);
#2503=VERTEX_POINT('',#5967);
#2504=VERTEX_POINT('',#5971);
#2505=VERTEX_POINT('',#5975);
#2506=VERTEX_POINT('',#5980);
#2507=VERTEX_POINT('',#5981);
#2508=VERTEX_POINT('',#5983);
#2509=VERTEX_POINT('',#5985);
#2510=VERTEX_POINT('',#5988);
#2511=VERTEX_POINT('',#5989);
#2512=VERTEX_POINT('',#5991);
#2513=VERTEX_POINT('',#5993);
#2514=VERTEX_POINT('',#5995);
#2515=VERTEX_POINT('',#5997);
#2516=VERTEX_POINT('',#5999);
#2517=VERTEX_POINT('',#6001);
#2518=VERTEX_POINT('',#6003);
#2519=VERTEX_POINT('',#6005);
#2520=VERTEX_POINT('',#6007);
#2521=VERTEX_POINT('',#6009);
#2522=VERTEX_POINT('',#6011);
#2523=VERTEX_POINT('',#6014);
#2524=VERTEX_POINT('',#6015);
#2525=VERTEX_POINT('',#6019);
#2526=VERTEX_POINT('',#6023);
#2527=VERTEX_POINT('',#6027);
#2528=VERTEX_POINT('',#6031);
#2529=VERTEX_POINT('',#6035);
#2530=VERTEX_POINT('',#6039);
#2531=VERTEX_POINT('',#6043);
#2532=VERTEX_POINT('',#6047);
#2533=VERTEX_POINT('',#6051);
#2534=VERTEX_POINT('',#6055);
#2535=VERTEX_POINT('',#6059);
#2536=VERTEX_POINT('',#6063);
#2537=VERTEX_POINT('',#6065);
#2538=VERTEX_POINT('',#6069);
#2539=VERTEX_POINT('',#6073);
#2540=VERTEX_POINT('',#6077);
#2541=VERTEX_POINT('',#6081);
#2542=VERTEX_POINT('',#6085);
#2543=VERTEX_POINT('',#6089);
#2544=VERTEX_POINT('',#6093);
#2545=VERTEX_POINT('',#6097);
#2546=VERTEX_POINT('',#6102);
#2547=VERTEX_POINT('',#6103);
#2548=VERTEX_POINT('',#6105);
#2549=VERTEX_POINT('',#6107);
#2550=VERTEX_POINT('',#6109);
#2551=VERTEX_POINT('',#6111);
#2552=VERTEX_POINT('',#6114);
#2553=VERTEX_POINT('',#6115);
#2554=VERTEX_POINT('',#6117);
#2555=VERTEX_POINT('',#6119);
#2556=VERTEX_POINT('',#6121);
#2557=VERTEX_POINT('',#6123);
#2558=VERTEX_POINT('',#6125);
#2559=VERTEX_POINT('',#6127);
#2560=VERTEX_POINT('',#6129);
#2561=VERTEX_POINT('',#6131);
#2562=VERTEX_POINT('',#6134);
#2563=VERTEX_POINT('',#6135);
#2564=VERTEX_POINT('',#6137);
#2565=VERTEX_POINT('',#6139);
#2566=VERTEX_POINT('',#6141);
#2567=VERTEX_POINT('',#6143);
#2568=VERTEX_POINT('',#6146);
#2569=VERTEX_POINT('',#6147);
#2570=VERTEX_POINT('',#6151);
#2571=VERTEX_POINT('',#6155);
#2572=VERTEX_POINT('',#6159);
#2573=VERTEX_POINT('',#6163);
#2574=VERTEX_POINT('',#6167);
#2575=VERTEX_POINT('',#6171);
#2576=VERTEX_POINT('',#6175);
#2577=VERTEX_POINT('',#6179);
#2578=VERTEX_POINT('',#6183);
#2579=VERTEX_POINT('',#6187);
#2580=VERTEX_POINT('',#6191);
#2581=VERTEX_POINT('',#6195);
#2582=VERTEX_POINT('',#6197);
#2583=VERTEX_POINT('',#6201);
#2584=VERTEX_POINT('',#6205);
#2585=VERTEX_POINT('',#6209);
#2586=VERTEX_POINT('',#6213);
#2587=VERTEX_POINT('',#6217);
#2588=VERTEX_POINT('',#6221);
#2589=VERTEX_POINT('',#6225);
#2590=VERTEX_POINT('',#6229);
#2591=VERTEX_POINT('',#6234);
#2592=VERTEX_POINT('',#6235);
#2593=VERTEX_POINT('',#6237);
#2594=VERTEX_POINT('',#6239);
#2595=VERTEX_POINT('',#6241);
#2596=VERTEX_POINT('',#6243);
#2597=VERTEX_POINT('',#6245);
#2598=VERTEX_POINT('',#6247);
#2599=VERTEX_POINT('',#6249);
#2600=VERTEX_POINT('',#6251);
#2601=VERTEX_POINT('',#6253);
#2602=VERTEX_POINT('',#6255);
#2603=VERTEX_POINT('',#6257);
#2604=VERTEX_POINT('',#6260);
#2605=VERTEX_POINT('',#6261);
#2606=VERTEX_POINT('',#6263);
#2607=VERTEX_POINT('',#6265);
#2608=VERTEX_POINT('',#6268);
#2609=VERTEX_POINT('',#6269);
#2610=VERTEX_POINT('',#6271);
#2611=VERTEX_POINT('',#6273);
#2612=VERTEX_POINT('',#6276);
#2613=VERTEX_POINT('',#6277);
#2614=VERTEX_POINT('',#6279);
#2615=VERTEX_POINT('',#6281);
#2616=VERTEX_POINT('',#6283);
#2617=VERTEX_POINT('',#6285);
#2618=VERTEX_POINT('',#6287);
#2619=VERTEX_POINT('',#6289);
#2620=VERTEX_POINT('',#6291);
#2621=VERTEX_POINT('',#6293);
#2622=VERTEX_POINT('',#6298);
#2623=VERTEX_POINT('',#6299);
#2624=VERTEX_POINT('',#6303);
#2625=VERTEX_POINT('',#6307);
#2626=VERTEX_POINT('',#6311);
#2627=VERTEX_POINT('',#6315);
#2628=VERTEX_POINT('',#6319);
#2629=VERTEX_POINT('',#6323);
#2630=VERTEX_POINT('',#6327);
#2631=VERTEX_POINT('',#6331);
#2632=VERTEX_POINT('',#6335);
#2633=VERTEX_POINT('',#6339);
#2634=VERTEX_POINT('',#6343);
#2635=VERTEX_POINT('',#6347);
#2636=VERTEX_POINT('',#6352);
#2637=VERTEX_POINT('',#6353);
#2638=VERTEX_POINT('',#6357);
#2639=VERTEX_POINT('',#6361);
#2640=VERTEX_POINT('',#6365);
#2641=VERTEX_POINT('',#6369);
#2642=VERTEX_POINT('',#6373);
#2643=VERTEX_POINT('',#6377);
#2644=VERTEX_POINT('',#6381);
#2645=VERTEX_POINT('',#6385);
#2646=VERTEX_POINT('',#6389);
#2647=VERTEX_POINT('',#6393);
#2648=VERTEX_POINT('',#6397);
#2649=VERTEX_POINT('',#6401);
#2650=VERTEX_POINT('',#6403);
#2651=VERTEX_POINT('',#6407);
#2652=VERTEX_POINT('',#6411);
#2653=VERTEX_POINT('',#6415);
#2654=VERTEX_POINT('',#6419);
#2655=VERTEX_POINT('',#6423);
#2656=VERTEX_POINT('',#6427);
#2657=VERTEX_POINT('',#6431);
#2658=VERTEX_POINT('',#6435);
#2659=VERTEX_POINT('',#6440);
#2660=VERTEX_POINT('',#6441);
#2661=VERTEX_POINT('',#6443);
#2662=VERTEX_POINT('',#6445);
#2663=VERTEX_POINT('',#6448);
#2664=VERTEX_POINT('',#6449);
#2665=VERTEX_POINT('',#6451);
#2666=VERTEX_POINT('',#6453);
#2667=VERTEX_POINT('',#6456);
#2668=VERTEX_POINT('',#6459);
#2669=VERTEX_POINT('',#6462);
#2670=VERTEX_POINT('',#6465);
#2671=VERTEX_POINT('',#6469);
#2672=VERTEX_POINT('',#6470);
#2673=VERTEX_POINT('',#6472);
#2674=VERTEX_POINT('',#6474);
#2675=VERTEX_POINT('',#6478);
#2676=VERTEX_POINT('',#6479);
#2677=VERTEX_POINT('',#6481);
#2678=VERTEX_POINT('',#6483);
#2679=VERTEX_POINT('',#6487);
#2680=VERTEX_POINT('',#6488);
#2681=VERTEX_POINT('',#6490);
#2682=VERTEX_POINT('',#6492);
#2683=VERTEX_POINT('',#6496);
#2684=VERTEX_POINT('',#6497);
#2685=VERTEX_POINT('',#6499);
#2686=VERTEX_POINT('',#6501);
#2687=VERTEX_POINT('',#6505);
#2688=VERTEX_POINT('',#6506);
#2689=VERTEX_POINT('',#6508);
#2690=VERTEX_POINT('',#6510);
#2691=VERTEX_POINT('',#6513);
#2692=VERTEX_POINT('',#6514);
#2693=VERTEX_POINT('',#6516);
#2694=VERTEX_POINT('',#6518);
#2695=VERTEX_POINT('',#6521);
#2696=VERTEX_POINT('',#6522);
#2697=VERTEX_POINT('',#6524);
#2698=VERTEX_POINT('',#6526);
#2699=VERTEX_POINT('',#6529);
#2700=VERTEX_POINT('',#6531);
#2701=VERTEX_POINT('',#6533);
#2702=VERTEX_POINT('',#6534);
#2703=VERTEX_POINT('',#6536);
#2704=VERTEX_POINT('',#6538);
#2705=VERTEX_POINT('',#6541);
#2706=VERTEX_POINT('',#6544);
#2707=VERTEX_POINT('',#6547);
#2708=VERTEX_POINT('',#6550);
#2709=VERTEX_POINT('',#6554);
#2710=VERTEX_POINT('',#6556);
#2711=VERTEX_POINT('',#6559);
#2712=VERTEX_POINT('',#6561);
#2713=VERTEX_POINT('',#6572);
#2714=VERTEX_POINT('',#6574);
#2715=VERTEX_POINT('',#6578);
#2716=VERTEX_POINT('',#6582);
#2717=VERTEX_POINT('',#6586);
#2718=VERTEX_POINT('',#6590);
#2719=VERTEX_POINT('',#6594);
#2720=VERTEX_POINT('',#6598);
#2721=VERTEX_POINT('',#6602);
#2722=VERTEX_POINT('',#6606);
#2723=VERTEX_POINT('',#6610);
#2724=VERTEX_POINT('',#6614);
#2725=VERTEX_POINT('',#6618);
#2726=VERTEX_POINT('',#6632);
#2727=VERTEX_POINT('',#6636);
#2728=VERTEX_POINT('',#6640);
#2729=VERTEX_POINT('',#6651);
#2730=VERTEX_POINT('',#6664);
#2731=VERTEX_POINT('',#6677);
#2732=VERTEX_POINT('',#6690);
#2733=VERTEX_POINT('',#6703);
#2734=VERTEX_POINT('',#6716);
#2735=VERTEX_POINT('',#6729);
#2736=VERTEX_POINT('',#6742);
#2737=VERTEX_POINT('',#6755);
#2738=VERTEX_POINT('',#6761);
#2739=VERTEX_POINT('',#6772);
#2740=VERTEX_POINT('',#6785);
#2741=VERTEX_POINT('',#6798);
#2742=VERTEX_POINT('',#6811);
#2743=VERTEX_POINT('',#6824);
#2744=VERTEX_POINT('',#6837);
#2745=VERTEX_POINT('',#6850);
#2746=VERTEX_POINT('',#6863);
#2747=VERTEX_POINT('',#6876);
#2748=VERTEX_POINT('',#6889);
#2749=VERTEX_POINT('',#6907);
#2750=VERTEX_POINT('',#6909);
#2751=VERTEX_POINT('',#6913);
#2752=VERTEX_POINT('',#6917);
#2753=VERTEX_POINT('',#6921);
#2754=VERTEX_POINT('',#6925);
#2755=VERTEX_POINT('',#6932);
#2756=VERTEX_POINT('',#6934);
#2757=VERTEX_POINT('',#6938);
#2758=VERTEX_POINT('',#6942);
#2759=VERTEX_POINT('',#6946);
#2760=VERTEX_POINT('',#6950);
#2761=VERTEX_POINT('',#6954);
#2762=VERTEX_POINT('',#6958);
#2763=VERTEX_POINT('',#6962);
#2764=VERTEX_POINT('',#6966);
#2765=VERTEX_POINT('',#6973);
#2766=VERTEX_POINT('',#6975);
#2767=VERTEX_POINT('',#6979);
#2768=VERTEX_POINT('',#6983);
#2769=VERTEX_POINT('',#6987);
#2770=VERTEX_POINT('',#6991);
#2771=VERTEX_POINT('',#7005);
#2772=VERTEX_POINT('',#7009);
#2773=VERTEX_POINT('',#7013);
#2774=VERTEX_POINT('',#7024);
#2775=VERTEX_POINT('',#7037);
#2776=VERTEX_POINT('',#7050);
#2777=VERTEX_POINT('',#7063);
#2778=VERTEX_POINT('',#7076);
#2779=VERTEX_POINT('',#7089);
#2780=VERTEX_POINT('',#7102);
#2781=VERTEX_POINT('',#7115);
#2782=VERTEX_POINT('',#7128);
#2783=VERTEX_POINT('',#7134);
#2784=VERTEX_POINT('',#7145);
#2785=VERTEX_POINT('',#7158);
#2786=VERTEX_POINT('',#7171);
#2787=VERTEX_POINT('',#7184);
#2788=VERTEX_POINT('',#7197);
#2789=VERTEX_POINT('',#7210);
#2790=VERTEX_POINT('',#7223);
#2791=VERTEX_POINT('',#7236);
#2792=VERTEX_POINT('',#7249);
#2793=VERTEX_POINT('',#7262);
#2794=VERTEX_POINT('',#7280);
#2795=VERTEX_POINT('',#7282);
#2796=VERTEX_POINT('',#7286);
#2797=VERTEX_POINT('',#7290);
#2798=VERTEX_POINT('',#7294);
#2799=VERTEX_POINT('',#7298);
#2800=VERTEX_POINT('',#7302);
#2801=VERTEX_POINT('',#7306);
#2802=VERTEX_POINT('',#7310);
#2803=VERTEX_POINT('',#7314);
#2804=VERTEX_POINT('',#7318);
#2805=VERTEX_POINT('',#7322);
#2806=VERTEX_POINT('',#7326);
#2807=VERTEX_POINT('',#7333);
#2808=VERTEX_POINT('',#7335);
#2809=VERTEX_POINT('',#7339);
#2810=VERTEX_POINT('',#7343);
#2811=VERTEX_POINT('',#7350);
#2812=VERTEX_POINT('',#7352);
#2813=VERTEX_POINT('',#7356);
#2814=VERTEX_POINT('',#7360);
#2815=VERTEX_POINT('',#7367);
#2816=VERTEX_POINT('',#7369);
#2817=VERTEX_POINT('',#7373);
#2818=VERTEX_POINT('',#7377);
#2819=VERTEX_POINT('',#7381);
#2820=VERTEX_POINT('',#7385);
#2821=VERTEX_POINT('',#7389);
#2822=VERTEX_POINT('',#7393);
#2823=VERTEX_POINT('',#7397);
#2824=VERTEX_POINT('',#7401);
#2825=VERTEX_POINT('',#7408);
#2826=VERTEX_POINT('',#7409);
#2827=VERTEX_POINT('',#7411);
#2828=VERTEX_POINT('',#7413);
#2829=VERTEX_POINT('',#7417);
#2830=VERTEX_POINT('',#7419);
#2831=VERTEX_POINT('',#7432);
#2832=VERTEX_POINT('',#7434);
#2833=VERTEX_POINT('',#7449);
#2834=VERTEX_POINT('',#7451);
#2835=VERTEX_POINT('',#7466);
#2836=VERTEX_POINT('',#7468);
#2837=VERTEX_POINT('',#7483);
#2838=VERTEX_POINT('',#7485);
#2839=VERTEX_POINT('',#7500);
#2840=VERTEX_POINT('',#7502);
#2841=VERTEX_POINT('',#7517);
#2842=VERTEX_POINT('',#7519);
#2843=VERTEX_POINT('',#7534);
#2844=VERTEX_POINT('',#7536);
#2845=VERTEX_POINT('',#7549);
#2846=VERTEX_POINT('',#7553);
#2847=VERTEX_POINT('',#7557);
#2848=VERTEX_POINT('',#7568);
#2849=VERTEX_POINT('',#7581);
#2850=VERTEX_POINT('',#7594);
#2851=VERTEX_POINT('',#7607);
#2852=VERTEX_POINT('',#7620);
#2853=VERTEX_POINT('',#7633);
#2854=VERTEX_POINT('',#7639);
#2855=VERTEX_POINT('',#7650);
#2856=VERTEX_POINT('',#7663);
#2857=VERTEX_POINT('',#7676);
#2858=VERTEX_POINT('',#7689);
#2859=VERTEX_POINT('',#7721);
#2860=VERTEX_POINT('',#7722);
#2861=VERTEX_POINT('',#7724);
#2862=VERTEX_POINT('',#7726);
#2863=VERTEX_POINT('',#7730);
#2864=VERTEX_POINT('',#7732);
#2865=VERTEX_POINT('',#7745);
#2866=VERTEX_POINT('',#7747);
#2867=VERTEX_POINT('',#7762);
#2868=VERTEX_POINT('',#7764);
#2869=VERTEX_POINT('',#7779);
#2870=VERTEX_POINT('',#7781);
#2871=VERTEX_POINT('',#7796);
#2872=VERTEX_POINT('',#7798);
#2873=VERTEX_POINT('',#7813);
#2874=VERTEX_POINT('',#7815);
#2875=VERTEX_POINT('',#7830);
#2876=VERTEX_POINT('',#7832);
#2877=VERTEX_POINT('',#7847);
#2878=VERTEX_POINT('',#7849);
#2879=VERTEX_POINT('',#7862);
#2880=VERTEX_POINT('',#7866);
#2881=VERTEX_POINT('',#7877);
#2882=VERTEX_POINT('',#7890);
#2883=VERTEX_POINT('',#7903);
#2884=VERTEX_POINT('',#7916);
#2885=VERTEX_POINT('',#7929);
#2886=VERTEX_POINT('',#7942);
#2887=VERTEX_POINT('',#7955);
#2888=VERTEX_POINT('',#7968);
#2889=VERTEX_POINT('',#7981);
#2890=VERTEX_POINT('',#7994);
#2891=VERTEX_POINT('',#8007);
#2892=VERTEX_POINT('',#8020);
#2893=VERTEX_POINT('',#8059);
#2894=VERTEX_POINT('',#8063);
#2895=VERTEX_POINT('',#8067);
#2896=VERTEX_POINT('',#8078);
#2897=VERTEX_POINT('',#8091);
#2898=VERTEX_POINT('',#8104);
#2899=VERTEX_POINT('',#8117);
#2900=VERTEX_POINT('',#8130);
#2901=VERTEX_POINT('',#8143);
#2902=VERTEX_POINT('',#8156);
#2903=VERTEX_POINT('',#8169);
#2904=VERTEX_POINT('',#8182);
#2905=VERTEX_POINT('',#8188);
#2906=VERTEX_POINT('',#8199);
#2907=VERTEX_POINT('',#8212);
#2908=VERTEX_POINT('',#8225);
#2909=VERTEX_POINT('',#8238);
#2910=VERTEX_POINT('',#8251);
#2911=VERTEX_POINT('',#8264);
#2912=VERTEX_POINT('',#8277);
#2913=VERTEX_POINT('',#8290);
#2914=VERTEX_POINT('',#8303);
#2915=VERTEX_POINT('',#8316);
#2916=VERTEX_POINT('',#8336);
#2917=VERTEX_POINT('',#8338);
#2918=VERTEX_POINT('',#8342);
#2919=VERTEX_POINT('',#8346);
#2920=VERTEX_POINT('',#8378);
#2921=VERTEX_POINT('',#8380);
#2922=VERTEX_POINT('',#8382);
#2923=VERTEX_POINT('',#8384);
#2924=VERTEX_POINT('',#8387);
#2925=VERTEX_POINT('',#8390);
#2926=VERTEX_POINT('',#8395);
#2927=VERTEX_POINT('',#8398);
#2928=VERTEX_POINT('',#8413);
#2929=VERTEX_POINT('',#8420);
#2930=VERTEX_POINT('',#8427);
#2931=VERTEX_POINT('',#8434);
#2932=LINE('',#5859,#3403);
#2933=LINE('',#5862,#3404);
#2934=LINE('',#5864,#3405);
#2935=LINE('',#5866,#3406);
#2936=LINE('',#5868,#3407);
#2937=LINE('',#5870,#3408);
#2938=LINE('',#5872,#3409);
#2939=LINE('',#5874,#3410);
#2940=LINE('',#5876,#3411);
#2941=LINE('',#5879,#3412);
#2942=LINE('',#5880,#3413);
#2943=LINE('',#5882,#3414);
#2944=LINE('',#5884,#3415);
#2945=LINE('',#5886,#3416);
#2946=LINE('',#5888,#3417);
#2947=LINE('',#5890,#3418);
#2948=LINE('',#5893,#3419);
#2949=LINE('',#5895,#3420);
#2950=LINE('',#5897,#3421);
#2951=LINE('',#5899,#3422);
#2952=LINE('',#5900,#3423);
#2953=LINE('',#5902,#3424);
#2954=LINE('',#5904,#3425);
#2955=LINE('',#5906,#3426);
#2956=LINE('',#5907,#3427);
#2957=LINE('',#5909,#3428);
#2958=LINE('',#5911,#3429);
#2959=LINE('',#5913,#3430);
#2960=LINE('',#5919,#3431);
#2961=LINE('',#5922,#3432);
#2962=LINE('',#5924,#3433);
#2963=LINE('',#5926,#3434);
#2964=LINE('',#5979,#3435);
#2965=LINE('',#5982,#3436);
#2966=LINE('',#5984,#3437);
#2967=LINE('',#5986,#3438);
#2968=LINE('',#5987,#3439);
#2969=LINE('',#5990,#3440);
#2970=LINE('',#5992,#3441);
#2971=LINE('',#5994,#3442);
#2972=LINE('',#5996,#3443);
#2973=LINE('',#5998,#3444);
#2974=LINE('',#6000,#3445);
#2975=LINE('',#6002,#3446);
#2976=LINE('',#6004,#3447);
#2977=LINE('',#6006,#3448);
#2978=LINE('',#6008,#3449);
#2979=LINE('',#6010,#3450);
#2980=LINE('',#6012,#3451);
#2981=LINE('',#6013,#3452);
#2982=LINE('',#6064,#3453);
#2983=LINE('',#6101,#3454);
#2984=LINE('',#6104,#3455);
#2985=LINE('',#6106,#3456);
#2986=LINE('',#6108,#3457);
#2987=LINE('',#6110,#3458);
#2988=LINE('',#6112,#3459);
#2989=LINE('',#6113,#3460);
#2990=LINE('',#6116,#3461);
#2991=LINE('',#6118,#3462);
#2992=LINE('',#6120,#3463);
#2993=LINE('',#6122,#3464);
#2994=LINE('',#6124,#3465);
#2995=LINE('',#6126,#3466);
#2996=LINE('',#6128,#3467);
#2997=LINE('',#6130,#3468);
#2998=LINE('',#6132,#3469);
#2999=LINE('',#6133,#3470);
#3000=LINE('',#6136,#3471);
#3001=LINE('',#6138,#3472);
#3002=LINE('',#6140,#3473);
#3003=LINE('',#6142,#3474);
#3004=LINE('',#6144,#3475);
#3005=LINE('',#6145,#3476);
#3006=LINE('',#6196,#3477);
#3007=LINE('',#6233,#3478);
#3008=LINE('',#6236,#3479);
#3009=LINE('',#6238,#3480);
#3010=LINE('',#6240,#3481);
#3011=LINE('',#6242,#3482);
#3012=LINE('',#6244,#3483);
#3013=LINE('',#6246,#3484);
#3014=LINE('',#6248,#3485);
#3015=LINE('',#6250,#3486);
#3016=LINE('',#6252,#3487);
#3017=LINE('',#6254,#3488);
#3018=LINE('',#6256,#3489);
#3019=LINE('',#6258,#3490);
#3020=LINE('',#6259,#3491);
#3021=LINE('',#6262,#3492);
#3022=LINE('',#6264,#3493);
#3023=LINE('',#6266,#3494);
#3024=LINE('',#6267,#3495);
#3025=LINE('',#6270,#3496);
#3026=LINE('',#6272,#3497);
#3027=LINE('',#6274,#3498);
#3028=LINE('',#6275,#3499);
#3029=LINE('',#6278,#3500);
#3030=LINE('',#6280,#3501);
#3031=LINE('',#6282,#3502);
#3032=LINE('',#6284,#3503);
#3033=LINE('',#6286,#3504);
#3034=LINE('',#6288,#3505);
#3035=LINE('',#6290,#3506);
#3036=LINE('',#6292,#3507);
#3037=LINE('',#6294,#3508);
#3038=LINE('',#6351,#3509);
#3039=LINE('',#6402,#3510);
#3040=LINE('',#6439,#3511);
#3041=LINE('',#6442,#3512);
#3042=LINE('',#6444,#3513);
#3043=LINE('',#6446,#3514);
#3044=LINE('',#6447,#3515);
#3045=LINE('',#6450,#3516);
#3046=LINE('',#6452,#3517);
#3047=LINE('',#6454,#3518);
#3048=LINE('',#6455,#3519);
#3049=LINE('',#6457,#3520);
#3050=LINE('',#6458,#3521);
#3051=LINE('',#6460,#3522);
#3052=LINE('',#6461,#3523);
#3053=LINE('',#6463,#3524);
#3054=LINE('',#6464,#3525);
#3055=LINE('',#6466,#3526);
#3056=LINE('',#6468,#3527);
#3057=LINE('',#6471,#3528);
#3058=LINE('',#6473,#3529);
#3059=LINE('',#6475,#3530);
#3060=LINE('',#6477,#3531);
#3061=LINE('',#6480,#3532);
#3062=LINE('',#6482,#3533);
#3063=LINE('',#6484,#3534);
#3064=LINE('',#6486,#3535);
#3065=LINE('',#6489,#3536);
#3066=LINE('',#6491,#3537);
#3067=LINE('',#6493,#3538);
#3068=LINE('',#6495,#3539);
#3069=LINE('',#6498,#3540);
#3070=LINE('',#6500,#3541);
#3071=LINE('',#6502,#3542);
#3072=LINE('',#6504,#3543);
#3073=LINE('',#6507,#3544);
#3074=LINE('',#6509,#3545);
#3075=LINE('',#6511,#3546);
#3076=LINE('',#6512,#3547);
#3077=LINE('',#6515,#3548);
#3078=LINE('',#6517,#3549);
#3079=LINE('',#6519,#3550);
#3080=LINE('',#6520,#3551);
#3081=LINE('',#6523,#3552);
#3082=LINE('',#6525,#3553);
#3083=LINE('',#6527,#3554);
#3084=LINE('',#6532,#3555);
#3085=LINE('',#6535,#3556);
#3086=LINE('',#6537,#3557);
#3087=LINE('',#6539,#3558);
#3088=LINE('',#6540,#3559);
#3089=LINE('',#6542,#3560);
#3090=LINE('',#6543,#3561);
#3091=LINE('',#6545,#3562);
#3092=LINE('',#6546,#3563);
#3093=LINE('',#6548,#3564);
#3094=LINE('',#6549,#3565);
#3095=LINE('',#6551,#3566);
#3096=LINE('',#6563,#3567);
#3097=LINE('',#6564,#3568);
#3098=LINE('',#6566,#3569);
#3099=LINE('',#6568,#3570);
#3100=LINE('',#6571,#3571);
#3101=LINE('',#6573,#3572);
#3102=LINE('',#6575,#3573);
#3103=LINE('',#6577,#3574);
#3104=LINE('',#6579,#3575);
#3105=LINE('',#6581,#3576);
#3106=LINE('',#6583,#3577);
#3107=LINE('',#6585,#3578);
#3108=LINE('',#6587,#3579);
#3109=LINE('',#6589,#3580);
#3110=LINE('',#6591,#3581);
#3111=LINE('',#6593,#3582);
#3112=LINE('',#6595,#3583);
#3113=LINE('',#6597,#3584);
#3114=LINE('',#6599,#3585);
#3115=LINE('',#6601,#3586);
#3116=LINE('',#6603,#3587);
#3117=LINE('',#6605,#3588);
#3118=LINE('',#6607,#3589);
#3119=LINE('',#6609,#3590);
#3120=LINE('',#6611,#3591);
#3121=LINE('',#6613,#3592);
#3122=LINE('',#6615,#3593);
#3123=LINE('',#6617,#3594);
#3124=LINE('',#6619,#3595);
#3125=LINE('',#6621,#3596);
#3126=LINE('',#6631,#3597);
#3127=LINE('',#6637,#3598);
#3128=LINE('',#6639,#3599);
#3129=LINE('',#6641,#3600);
#3130=LINE('',#6650,#3601);
#3131=LINE('',#6663,#3602);
#3132=LINE('',#6676,#3603);
#3133=LINE('',#6689,#3604);
#3134=LINE('',#6702,#3605);
#3135=LINE('',#6715,#3606);
#3136=LINE('',#6728,#3607);
#3137=LINE('',#6741,#3608);
#3138=LINE('',#6754,#3609);
#3139=LINE('',#6760,#3610);
#3140=LINE('',#6762,#3611);
#3141=LINE('',#6771,#3612);
#3142=LINE('',#6784,#3613);
#3143=LINE('',#6797,#3614);
#3144=LINE('',#6810,#3615);
#3145=LINE('',#6823,#3616);
#3146=LINE('',#6836,#3617);
#3147=LINE('',#6849,#3618);
#3148=LINE('',#6862,#3619);
#3149=LINE('',#6875,#3620);
#3150=LINE('',#6888,#3621);
#3151=LINE('',#6906,#3622);
#3152=LINE('',#6908,#3623);
#3153=LINE('',#6910,#3624);
#3154=LINE('',#6912,#3625);
#3155=LINE('',#6914,#3626);
#3156=LINE('',#6916,#3627);
#3157=LINE('',#6918,#3628);
#3158=LINE('',#6920,#3629);
#3159=LINE('',#6922,#3630);
#3160=LINE('',#6924,#3631);
#3161=LINE('',#6926,#3632);
#3162=LINE('',#6928,#3633);
#3163=LINE('',#6931,#3634);
#3164=LINE('',#6933,#3635);
#3165=LINE('',#6935,#3636);
#3166=LINE('',#6937,#3637);
#3167=LINE('',#6939,#3638);
#3168=LINE('',#6941,#3639);
#3169=LINE('',#6943,#3640);
#3170=LINE('',#6945,#3641);
#3171=LINE('',#6947,#3642);
#3172=LINE('',#6949,#3643);
#3173=LINE('',#6951,#3644);
#3174=LINE('',#6953,#3645);
#3175=LINE('',#6955,#3646);
#3176=LINE('',#6957,#3647);
#3177=LINE('',#6959,#3648);
#3178=LINE('',#6961,#3649);
#3179=LINE('',#6963,#3650);
#3180=LINE('',#6965,#3651);
#3181=LINE('',#6967,#3652);
#3182=LINE('',#6969,#3653);
#3183=LINE('',#6972,#3654);
#3184=LINE('',#6974,#3655);
#3185=LINE('',#6976,#3656);
#3186=LINE('',#6978,#3657);
#3187=LINE('',#6980,#3658);
#3188=LINE('',#6982,#3659);
#3189=LINE('',#6984,#3660);
#3190=LINE('',#6986,#3661);
#3191=LINE('',#6988,#3662);
#3192=LINE('',#6990,#3663);
#3193=LINE('',#6992,#3664);
#3194=LINE('',#6994,#3665);
#3195=LINE('',#7004,#3666);
#3196=LINE('',#7010,#3667);
#3197=LINE('',#7012,#3668);
#3198=LINE('',#7014,#3669);
#3199=LINE('',#7023,#3670);
#3200=LINE('',#7036,#3671);
#3201=LINE('',#7049,#3672);
#3202=LINE('',#7062,#3673);
#3203=LINE('',#7075,#3674);
#3204=LINE('',#7088,#3675);
#3205=LINE('',#7101,#3676);
#3206=LINE('',#7114,#3677);
#3207=LINE('',#7127,#3678);
#3208=LINE('',#7133,#3679);
#3209=LINE('',#7135,#3680);
#3210=LINE('',#7144,#3681);
#3211=LINE('',#7157,#3682);
#3212=LINE('',#7170,#3683);
#3213=LINE('',#7183,#3684);
#3214=LINE('',#7196,#3685);
#3215=LINE('',#7209,#3686);
#3216=LINE('',#7222,#3687);
#3217=LINE('',#7235,#3688);
#3218=LINE('',#7248,#3689);
#3219=LINE('',#7261,#3690);
#3220=LINE('',#7279,#3691);
#3221=LINE('',#7281,#3692);
#3222=LINE('',#7283,#3693);
#3223=LINE('',#7285,#3694);
#3224=LINE('',#7287,#3695);
#3225=LINE('',#7289,#3696);
#3226=LINE('',#7291,#3697);
#3227=LINE('',#7293,#3698);
#3228=LINE('',#7295,#3699);
#3229=LINE('',#7297,#3700);
#3230=LINE('',#7299,#3701);
#3231=LINE('',#7301,#3702);
#3232=LINE('',#7303,#3703);
#3233=LINE('',#7305,#3704);
#3234=LINE('',#7307,#3705);
#3235=LINE('',#7309,#3706);
#3236=LINE('',#7311,#3707);
#3237=LINE('',#7313,#3708);
#3238=LINE('',#7315,#3709);
#3239=LINE('',#7317,#3710);
#3240=LINE('',#7319,#3711);
#3241=LINE('',#7321,#3712);
#3242=LINE('',#7323,#3713);
#3243=LINE('',#7325,#3714);
#3244=LINE('',#7327,#3715);
#3245=LINE('',#7329,#3716);
#3246=LINE('',#7332,#3717);
#3247=LINE('',#7334,#3718);
#3248=LINE('',#7336,#3719);
#3249=LINE('',#7338,#3720);
#3250=LINE('',#7340,#3721);
#3251=LINE('',#7342,#3722);
#3252=LINE('',#7344,#3723);
#3253=LINE('',#7346,#3724);
#3254=LINE('',#7349,#3725);
#3255=LINE('',#7351,#3726);
#3256=LINE('',#7353,#3727);
#3257=LINE('',#7355,#3728);
#3258=LINE('',#7357,#3729);
#3259=LINE('',#7359,#3730);
#3260=LINE('',#7361,#3731);
#3261=LINE('',#7363,#3732);
#3262=LINE('',#7366,#3733);
#3263=LINE('',#7368,#3734);
#3264=LINE('',#7370,#3735);
#3265=LINE('',#7372,#3736);
#3266=LINE('',#7374,#3737);
#3267=LINE('',#7376,#3738);
#3268=LINE('',#7378,#3739);
#3269=LINE('',#7380,#3740);
#3270=LINE('',#7382,#3741);
#3271=LINE('',#7384,#3742);
#3272=LINE('',#7386,#3743);
#3273=LINE('',#7388,#3744);
#3274=LINE('',#7390,#3745);
#3275=LINE('',#7392,#3746);
#3276=LINE('',#7394,#3747);
#3277=LINE('',#7396,#3748);
#3278=LINE('',#7398,#3749);
#3279=LINE('',#7400,#3750);
#3280=LINE('',#7402,#3751);
#3281=LINE('',#7404,#3752);
#3282=LINE('',#7407,#3753);
#3283=LINE('',#7410,#3754);
#3284=LINE('',#7412,#3755);
#3285=LINE('',#7414,#3756);
#3286=LINE('',#7416,#3757);
#3287=LINE('',#7418,#3758);
#3288=LINE('',#7420,#3759);
#3289=LINE('',#7433,#3760);
#3290=LINE('',#7450,#3761);
#3291=LINE('',#7467,#3762);
#3292=LINE('',#7484,#3763);
#3293=LINE('',#7501,#3764);
#3294=LINE('',#7518,#3765);
#3295=LINE('',#7535,#3766);
#3296=LINE('',#7548,#3767);
#3297=LINE('',#7554,#3768);
#3298=LINE('',#7556,#3769);
#3299=LINE('',#7567,#3770);
#3300=LINE('',#7580,#3771);
#3301=LINE('',#7593,#3772);
#3302=LINE('',#7606,#3773);
#3303=LINE('',#7619,#3774);
#3304=LINE('',#7632,#3775);
#3305=LINE('',#7638,#3776);
#3306=LINE('',#7649,#3777);
#3307=LINE('',#7662,#3778);
#3308=LINE('',#7675,#3779);
#3309=LINE('',#7688,#3780);
#3310=LINE('',#7720,#3781);
#3311=LINE('',#7723,#3782);
#3312=LINE('',#7725,#3783);
#3313=LINE('',#7727,#3784);
#3314=LINE('',#7729,#3785);
#3315=LINE('',#7731,#3786);
#3316=LINE('',#7733,#3787);
#3317=LINE('',#7746,#3788);
#3318=LINE('',#7763,#3789);
#3319=LINE('',#7780,#3790);
#3320=LINE('',#7797,#3791);
#3321=LINE('',#7814,#3792);
#3322=LINE('',#7831,#3793);
#3323=LINE('',#7848,#3794);
#3324=LINE('',#7861,#3795);
#3325=LINE('',#7867,#3796);
#3326=LINE('',#7876,#3797);
#3327=LINE('',#7889,#3798);
#3328=LINE('',#7902,#3799);
#3329=LINE('',#7915,#3800);
#3330=LINE('',#7928,#3801);
#3331=LINE('',#7941,#3802);
#3332=LINE('',#7954,#3803);
#3333=LINE('',#7967,#3804);
#3334=LINE('',#7980,#3805);
#3335=LINE('',#7993,#3806);
#3336=LINE('',#8006,#3807);
#3337=LINE('',#8019,#3808);
#3338=LINE('',#8058,#3809);
#3339=LINE('',#8064,#3810);
#3340=LINE('',#8066,#3811);
#3341=LINE('',#8068,#3812);
#3342=LINE('',#8077,#3813);
#3343=LINE('',#8090,#3814);
#3344=LINE('',#8103,#3815);
#3345=LINE('',#8116,#3816);
#3346=LINE('',#8129,#3817);
#3347=LINE('',#8142,#3818);
#3348=LINE('',#8155,#3819);
#3349=LINE('',#8168,#3820);
#3350=LINE('',#8181,#3821);
#3351=LINE('',#8187,#3822);
#3352=LINE('',#8189,#3823);
#3353=LINE('',#8198,#3824);
#3354=LINE('',#8211,#3825);
#3355=LINE('',#8224,#3826);
#3356=LINE('',#8237,#3827);
#3357=LINE('',#8250,#3828);
#3358=LINE('',#8263,#3829);
#3359=LINE('',#8276,#3830);
#3360=LINE('',#8289,#3831);
#3361=LINE('',#8302,#3832);
#3362=LINE('',#8315,#3833);
#3363=LINE('',#8335,#3834);
#3364=LINE('',#8337,#3835);
#3365=LINE('',#8339,#3836);
#3366=LINE('',#8341,#3837);
#3367=LINE('',#8343,#3838);
#3368=LINE('',#8345,#3839);
#3369=LINE('',#8347,#3840);
#3370=LINE('',#8349,#3841);
#3371=LINE('',#8361,#3842);
#3372=LINE('',#8362,#3843);
#3373=LINE('',#8364,#3844);
#3374=LINE('',#8366,#3845);
#3375=LINE('',#8369,#3846);
#3376=LINE('',#8370,#3847);
#3377=LINE('',#8372,#3848);
#3378=LINE('',#8374,#3849);
#3379=LINE('',#8381,#3850);
#3380=LINE('',#8383,#3851);
#3381=LINE('',#8385,#3852);
#3382=LINE('',#8386,#3853);
#3383=LINE('',#8388,#3854);
#3384=LINE('',#8389,#3855);
#3385=LINE('',#8391,#3856);
#3386=LINE('',#8392,#3857);
#3387=LINE('',#8400,#3858);
#3388=LINE('',#8403,#3859);
#3389=LINE('',#8406,#3860);
#3390=LINE('',#8409,#3861);
#3391=LINE('',#8412,#3862);
#3392=LINE('',#8414,#3863);
#3393=LINE('',#8416,#3864);
#3394=LINE('',#8419,#3865);
#3395=LINE('',#8421,#3866);
#3396=LINE('',#8423,#3867);
#3397=LINE('',#8426,#3868);
#3398=LINE('',#8428,#3869);
#3399=LINE('',#8430,#3870);
#3400=LINE('',#8433,#3871);
#3401=LINE('',#8435,#3872);
#3402=LINE('',#8437,#3873);
#3403=VECTOR('',#5048,1.);
#3404=VECTOR('',#5049,1.);
#3405=VECTOR('',#5050,1.);
#3406=VECTOR('',#5051,1.);
#3407=VECTOR('',#5052,1.);
#3408=VECTOR('',#5053,1.);
#3409=VECTOR('',#5054,1.);
#3410=VECTOR('',#5055,1.);
#3411=VECTOR('',#5058,1.);
#3412=VECTOR('',#5059,1.);
#3413=VECTOR('',#5060,1.);
#3414=VECTOR('',#5061,1.);
#3415=VECTOR('',#5062,1.);
#3416=VECTOR('',#5063,1.);
#3417=VECTOR('',#5064,1.);
#3418=VECTOR('',#5067,1.);
#3419=VECTOR('',#5068,1.);
#3420=VECTOR('',#5069,1.);
#3421=VECTOR('',#5070,1.);
#3422=VECTOR('',#5071,1.);
#3423=VECTOR('',#5072,1.);
#3424=VECTOR('',#5073,1.);
#3425=VECTOR('',#5076,1.);
#3426=VECTOR('',#5077,1.);
#3427=VECTOR('',#5078,1.);
#3428=VECTOR('',#5079,1.);
#3429=VECTOR('',#5080,1.);
#3430=VECTOR('',#5081,1.);
#3431=VECTOR('',#5088,1.);
#3432=VECTOR('',#5089,1.);
#3433=VECTOR('',#5090,1.);
#3434=VECTOR('',#5091,1.);
#3435=VECTOR('',#5096,1.);
#3436=VECTOR('',#5097,1.);
#3437=VECTOR('',#5098,1.);
#3438=VECTOR('',#5099,1.);
#3439=VECTOR('',#5100,1.);
#3440=VECTOR('',#5101,1.);
#3441=VECTOR('',#5102,1.);
#3442=VECTOR('',#5103,1.);
#3443=VECTOR('',#5104,1.);
#3444=VECTOR('',#5105,1.);
#3445=VECTOR('',#5106,1.);
#3446=VECTOR('',#5107,1.);
#3447=VECTOR('',#5108,1.);
#3448=VECTOR('',#5109,1.);
#3449=VECTOR('',#5110,1.);
#3450=VECTOR('',#5111,1.);
#3451=VECTOR('',#5112,1.);
#3452=VECTOR('',#5113,1.);
#3453=VECTOR('',#5114,1.);
#3454=VECTOR('',#5115,1.);
#3455=VECTOR('',#5116,1.);
#3456=VECTOR('',#5117,1.);
#3457=VECTOR('',#5118,1.);
#3458=VECTOR('',#5119,1.);
#3459=VECTOR('',#5120,1.);
#3460=VECTOR('',#5121,1.);
#3461=VECTOR('',#5122,1.);
#3462=VECTOR('',#5123,1.);
#3463=VECTOR('',#5124,1.);
#3464=VECTOR('',#5125,1.);
#3465=VECTOR('',#5126,1.);
#3466=VECTOR('',#5127,1.);
#3467=VECTOR('',#5128,1.);
#3468=VECTOR('',#5129,1.);
#3469=VECTOR('',#5130,1.);
#3470=VECTOR('',#5131,1.);
#3471=VECTOR('',#5132,1.);
#3472=VECTOR('',#5133,1.);
#3473=VECTOR('',#5134,1.);
#3474=VECTOR('',#5135,1.);
#3475=VECTOR('',#5136,1.);
#3476=VECTOR('',#5137,1.);
#3477=VECTOR('',#5138,1.);
#3478=VECTOR('',#5139,1.);
#3479=VECTOR('',#5140,1.);
#3480=VECTOR('',#5141,1.);
#3481=VECTOR('',#5142,1.);
#3482=VECTOR('',#5143,1.);
#3483=VECTOR('',#5144,1.);
#3484=VECTOR('',#5145,1.);
#3485=VECTOR('',#5146,1.);
#3486=VECTOR('',#5147,1.);
#3487=VECTOR('',#5148,1.);
#3488=VECTOR('',#5149,1.);
#3489=VECTOR('',#5150,1.);
#3490=VECTOR('',#5151,1.);
#3491=VECTOR('',#5152,1.);
#3492=VECTOR('',#5153,1.);
#3493=VECTOR('',#5154,1.);
#3494=VECTOR('',#5155,1.);
#3495=VECTOR('',#5156,1.);
#3496=VECTOR('',#5157,1.);
#3497=VECTOR('',#5158,1.);
#3498=VECTOR('',#5159,1.);
#3499=VECTOR('',#5160,1.);
#3500=VECTOR('',#5161,1.);
#3501=VECTOR('',#5162,1.);
#3502=VECTOR('',#5163,1.);
#3503=VECTOR('',#5164,1.);
#3504=VECTOR('',#5165,1.);
#3505=VECTOR('',#5166,1.);
#3506=VECTOR('',#5167,1.);
#3507=VECTOR('',#5168,1.);
#3508=VECTOR('',#5169,1.);
#3509=VECTOR('',#5170,1.);
#3510=VECTOR('',#5171,1.);
#3511=VECTOR('',#5172,1.);
#3512=VECTOR('',#5173,1.);
#3513=VECTOR('',#5174,1.);
#3514=VECTOR('',#5175,1.);
#3515=VECTOR('',#5176,1.);
#3516=VECTOR('',#5177,1.);
#3517=VECTOR('',#5178,1.);
#3518=VECTOR('',#5179,1.);
#3519=VECTOR('',#5180,1.);
#3520=VECTOR('',#5181,1.);
#3521=VECTOR('',#5182,1.);
#3522=VECTOR('',#5183,1.);
#3523=VECTOR('',#5184,1.);
#3524=VECTOR('',#5185,1.);
#3525=VECTOR('',#5186,1.);
#3526=VECTOR('',#5187,1.);
#3527=VECTOR('',#5190,1.);
#3528=VECTOR('',#5191,1.);
#3529=VECTOR('',#5192,1.);
#3530=VECTOR('',#5193,1.);
#3531=VECTOR('',#5196,1.);
#3532=VECTOR('',#5197,1.);
#3533=VECTOR('',#5198,1.);
#3534=VECTOR('',#5199,1.);
#3535=VECTOR('',#5202,1.);
#3536=VECTOR('',#5203,1.);
#3537=VECTOR('',#5204,1.);
#3538=VECTOR('',#5205,1.);
#3539=VECTOR('',#5208,1.);
#3540=VECTOR('',#5209,1.);
#3541=VECTOR('',#5210,1.);
#3542=VECTOR('',#5211,1.);
#3543=VECTOR('',#5214,1.);
#3544=VECTOR('',#5215,1.);
#3545=VECTOR('',#5216,1.);
#3546=VECTOR('',#5217,1.);
#3547=VECTOR('',#5218,1.);
#3548=VECTOR('',#5219,1.);
#3549=VECTOR('',#5220,1.);
#3550=VECTOR('',#5221,1.);
#3551=VECTOR('',#5222,1.);
#3552=VECTOR('',#5223,1.);
#3553=VECTOR('',#5224,1.);
#3554=VECTOR('',#5225,1.);
#3555=VECTOR('',#5230,1.);
#3556=VECTOR('',#5231,1.);
#3557=VECTOR('',#5232,1.);
#3558=VECTOR('',#5233,1.);
#3559=VECTOR('',#5234,1.);
#3560=VECTOR('',#5235,1.);
#3561=VECTOR('',#5236,1.);
#3562=VECTOR('',#5237,1.);
#3563=VECTOR('',#5238,1.);
#3564=VECTOR('',#5239,1.);
#3565=VECTOR('',#5240,1.);
#3566=VECTOR('',#5241,1.);
#3567=VECTOR('',#5256,1.);
#3568=VECTOR('',#5257,1.);
#3569=VECTOR('',#5260,1.);
#3570=VECTOR('',#5263,1.);
#3571=VECTOR('',#5268,1.);
#3572=VECTOR('',#5269,1.);
#3573=VECTOR('',#5270,1.);
#3574=VECTOR('',#5273,1.);
#3575=VECTOR('',#5274,1.);
#3576=VECTOR('',#5277,1.);
#3577=VECTOR('',#5278,1.);
#3578=VECTOR('',#5281,1.);
#3579=VECTOR('',#5282,1.);
#3580=VECTOR('',#5285,1.);
#3581=VECTOR('',#5286,1.);
#3582=VECTOR('',#5289,1.);
#3583=VECTOR('',#5290,1.);
#3584=VECTOR('',#5293,1.);
#3585=VECTOR('',#5294,1.);
#3586=VECTOR('',#5297,1.);
#3587=VECTOR('',#5298,1.);
#3588=VECTOR('',#5301,1.);
#3589=VECTOR('',#5302,1.);
#3590=VECTOR('',#5305,1.);
#3591=VECTOR('',#5306,1.);
#3592=VECTOR('',#5309,1.);
#3593=VECTOR('',#5310,1.);
#3594=VECTOR('',#5313,1.);
#3595=VECTOR('',#5314,1.);
#3596=VECTOR('',#5317,1.);
#3597=VECTOR('',#5320,1.);
#3598=VECTOR('',#5321,1.);
#3599=VECTOR('',#5324,1.);
#3600=VECTOR('',#5325,1.);
#3601=VECTOR('',#5326,1.);
#3602=VECTOR('',#5327,1.);
#3603=VECTOR('',#5328,1.);
#3604=VECTOR('',#5329,1.);
#3605=VECTOR('',#5330,1.);
#3606=VECTOR('',#5331,1.);
#3607=VECTOR('',#5332,1.);
#3608=VECTOR('',#5333,1.);
#3609=VECTOR('',#5334,1.);
#3610=VECTOR('',#5337,1.);
#3611=VECTOR('',#5338,1.);
#3612=VECTOR('',#5339,1.);
#3613=VECTOR('',#5340,1.);
#3614=VECTOR('',#5341,1.);
#3615=VECTOR('',#5342,1.);
#3616=VECTOR('',#5343,1.);
#3617=VECTOR('',#5344,1.);
#3618=VECTOR('',#5345,1.);
#3619=VECTOR('',#5346,1.);
#3620=VECTOR('',#5347,1.);
#3621=VECTOR('',#5348,1.);
#3622=VECTOR('',#5353,1.);
#3623=VECTOR('',#5354,1.);
#3624=VECTOR('',#5355,1.);
#3625=VECTOR('',#5358,1.);
#3626=VECTOR('',#5359,1.);
#3627=VECTOR('',#5362,1.);
#3628=VECTOR('',#5363,1.);
#3629=VECTOR('',#5366,1.);
#3630=VECTOR('',#5367,1.);
#3631=VECTOR('',#5370,1.);
#3632=VECTOR('',#5371,1.);
#3633=VECTOR('',#5374,1.);
#3634=VECTOR('',#5379,1.);
#3635=VECTOR('',#5380,1.);
#3636=VECTOR('',#5381,1.);
#3637=VECTOR('',#5384,1.);
#3638=VECTOR('',#5385,1.);
#3639=VECTOR('',#5388,1.);
#3640=VECTOR('',#5389,1.);
#3641=VECTOR('',#5392,1.);
#3642=VECTOR('',#5393,1.);
#3643=VECTOR('',#5396,1.);
#3644=VECTOR('',#5397,1.);
#3645=VECTOR('',#5400,1.);
#3646=VECTOR('',#5401,1.);
#3647=VECTOR('',#5404,1.);
#3648=VECTOR('',#5405,1.);
#3649=VECTOR('',#5408,1.);
#3650=VECTOR('',#5409,1.);
#3651=VECTOR('',#5412,1.);
#3652=VECTOR('',#5413,1.);
#3653=VECTOR('',#5416,1.);
#3654=VECTOR('',#5421,1.);
#3655=VECTOR('',#5422,1.);
#3656=VECTOR('',#5423,1.);
#3657=VECTOR('',#5426,1.);
#3658=VECTOR('',#5427,1.);
#3659=VECTOR('',#5430,1.);
#3660=VECTOR('',#5431,1.);
#3661=VECTOR('',#5434,1.);
#3662=VECTOR('',#5435,1.);
#3663=VECTOR('',#5438,1.);
#3664=VECTOR('',#5439,1.);
#3665=VECTOR('',#5442,1.);
#3666=VECTOR('',#5445,1.);
#3667=VECTOR('',#5446,1.);
#3668=VECTOR('',#5449,1.);
#3669=VECTOR('',#5450,1.);
#3670=VECTOR('',#5451,1.);
#3671=VECTOR('',#5452,1.);
#3672=VECTOR('',#5453,1.);
#3673=VECTOR('',#5454,1.);
#3674=VECTOR('',#5455,1.);
#3675=VECTOR('',#5456,1.);
#3676=VECTOR('',#5457,1.);
#3677=VECTOR('',#5458,1.);
#3678=VECTOR('',#5459,1.);
#3679=VECTOR('',#5462,1.);
#3680=VECTOR('',#5463,1.);
#3681=VECTOR('',#5464,1.);
#3682=VECTOR('',#5465,1.);
#3683=VECTOR('',#5466,1.);
#3684=VECTOR('',#5467,1.);
#3685=VECTOR('',#5468,1.);
#3686=VECTOR('',#5469,1.);
#3687=VECTOR('',#5470,1.);
#3688=VECTOR('',#5471,1.);
#3689=VECTOR('',#5472,1.);
#3690=VECTOR('',#5473,1.);
#3691=VECTOR('',#5478,1.);
#3692=VECTOR('',#5479,1.);
#3693=VECTOR('',#5480,1.);
#3694=VECTOR('',#5483,1.);
#3695=VECTOR('',#5484,1.);
#3696=VECTOR('',#5487,1.);
#3697=VECTOR('',#5488,1.);
#3698=VECTOR('',#5491,1.);
#3699=VECTOR('',#5492,1.);
#3700=VECTOR('',#5495,1.);
#3701=VECTOR('',#5496,1.);
#3702=VECTOR('',#5499,1.);
#3703=VECTOR('',#5500,1.);
#3704=VECTOR('',#5503,1.);
#3705=VECTOR('',#5504,1.);
#3706=VECTOR('',#5507,1.);
#3707=VECTOR('',#5508,1.);
#3708=VECTOR('',#5511,1.);
#3709=VECTOR('',#5512,1.);
#3710=VECTOR('',#5515,1.);
#3711=VECTOR('',#5516,1.);
#3712=VECTOR('',#5519,1.);
#3713=VECTOR('',#5520,1.);
#3714=VECTOR('',#5523,1.);
#3715=VECTOR('',#5524,1.);
#3716=VECTOR('',#5527,1.);
#3717=VECTOR('',#5532,1.);
#3718=VECTOR('',#5533,1.);
#3719=VECTOR('',#5534,1.);
#3720=VECTOR('',#5537,1.);
#3721=VECTOR('',#5538,1.);
#3722=VECTOR('',#5541,1.);
#3723=VECTOR('',#5542,1.);
#3724=VECTOR('',#5545,1.);
#3725=VECTOR('',#5550,1.);
#3726=VECTOR('',#5551,1.);
#3727=VECTOR('',#5552,1.);
#3728=VECTOR('',#5555,1.);
#3729=VECTOR('',#5556,1.);
#3730=VECTOR('',#5559,1.);
#3731=VECTOR('',#5560,1.);
#3732=VECTOR('',#5563,1.);
#3733=VECTOR('',#5568,1.);
#3734=VECTOR('',#5569,1.);
#3735=VECTOR('',#5570,1.);
#3736=VECTOR('',#5573,1.);
#3737=VECTOR('',#5574,1.);
#3738=VECTOR('',#5577,1.);
#3739=VECTOR('',#5578,1.);
#3740=VECTOR('',#5581,1.);
#3741=VECTOR('',#5582,1.);
#3742=VECTOR('',#5585,1.);
#3743=VECTOR('',#5586,1.);
#3744=VECTOR('',#5589,1.);
#3745=VECTOR('',#5590,1.);
#3746=VECTOR('',#5593,1.);
#3747=VECTOR('',#5594,1.);
#3748=VECTOR('',#5597,1.);
#3749=VECTOR('',#5598,1.);
#3750=VECTOR('',#5601,1.);
#3751=VECTOR('',#5602,1.);
#3752=VECTOR('',#5605,1.);
#3753=VECTOR('',#5610,1.);
#3754=VECTOR('',#5611,1.);
#3755=VECTOR('',#5612,1.);
#3756=VECTOR('',#5613,1.);
#3757=VECTOR('',#5616,1.);
#3758=VECTOR('',#5617,1.);
#3759=VECTOR('',#5618,1.);
#3760=VECTOR('',#5619,1.);
#3761=VECTOR('',#5620,1.);
#3762=VECTOR('',#5621,1.);
#3763=VECTOR('',#5622,1.);
#3764=VECTOR('',#5623,1.);
#3765=VECTOR('',#5624,1.);
#3766=VECTOR('',#5625,1.);
#3767=VECTOR('',#5626,1.);
#3768=VECTOR('',#5627,1.);
#3769=VECTOR('',#5630,1.);
#3770=VECTOR('',#5633,1.);
#3771=VECTOR('',#5634,1.);
#3772=VECTOR('',#5635,1.);
#3773=VECTOR('',#5636,1.);
#3774=VECTOR('',#5637,1.);
#3775=VECTOR('',#5638,1.);
#3776=VECTOR('',#5641,1.);
#3777=VECTOR('',#5644,1.);
#3778=VECTOR('',#5645,1.);
#3779=VECTOR('',#5646,1.);
#3780=VECTOR('',#5647,1.);
#3781=VECTOR('',#5652,1.);
#3782=VECTOR('',#5653,1.);
#3783=VECTOR('',#5654,1.);
#3784=VECTOR('',#5655,1.);
#3785=VECTOR('',#5658,1.);
#3786=VECTOR('',#5659,1.);
#3787=VECTOR('',#5660,1.);
#3788=VECTOR('',#5661,1.);
#3789=VECTOR('',#5662,1.);
#3790=VECTOR('',#5663,1.);
#3791=VECTOR('',#5664,1.);
#3792=VECTOR('',#5665,1.);
#3793=VECTOR('',#5666,1.);
#3794=VECTOR('',#5667,1.);
#3795=VECTOR('',#5668,1.);
#3796=VECTOR('',#5669,1.);
#3797=VECTOR('',#5670,1.);
#3798=VECTOR('',#5671,1.);
#3799=VECTOR('',#5672,1.);
#3800=VECTOR('',#5673,1.);
#3801=VECTOR('',#5674,1.);
#3802=VECTOR('',#5675,1.);
#3803=VECTOR('',#5676,1.);
#3804=VECTOR('',#5677,1.);
#3805=VECTOR('',#5678,1.);
#3806=VECTOR('',#5679,1.);
#3807=VECTOR('',#5680,1.);
#3808=VECTOR('',#5681,1.);
#3809=VECTOR('',#5684,1.);
#3810=VECTOR('',#5685,1.);
#3811=VECTOR('',#5688,1.);
#3812=VECTOR('',#5689,1.);
#3813=VECTOR('',#5690,1.);
#3814=VECTOR('',#5691,1.);
#3815=VECTOR('',#5692,1.);
#3816=VECTOR('',#5693,1.);
#3817=VECTOR('',#5694,1.);
#3818=VECTOR('',#5695,1.);
#3819=VECTOR('',#5696,1.);
#3820=VECTOR('',#5697,1.);
#3821=VECTOR('',#5698,1.);
#3822=VECTOR('',#5701,1.);
#3823=VECTOR('',#5702,1.);
#3824=VECTOR('',#5703,1.);
#3825=VECTOR('',#5704,1.);
#3826=VECTOR('',#5705,1.);
#3827=VECTOR('',#5706,1.);
#3828=VECTOR('',#5707,1.);
#3829=VECTOR('',#5708,1.);
#3830=VECTOR('',#5709,1.);
#3831=VECTOR('',#5710,1.);
#3832=VECTOR('',#5711,1.);
#3833=VECTOR('',#5712,1.);
#3834=VECTOR('',#5721,1.);
#3835=VECTOR('',#5722,1.);
#3836=VECTOR('',#5723,1.);
#3837=VECTOR('',#5726,1.);
#3838=VECTOR('',#5727,1.);
#3839=VECTOR('',#5730,1.);
#3840=VECTOR('',#5731,1.);
#3841=VECTOR('',#5734,1.);
#3842=VECTOR('',#5757,1.);
#3843=VECTOR('',#5758,1.);
#3844=VECTOR('',#5761,1.);
#3845=VECTOR('',#5764,1.);
#3846=VECTOR('',#5769,1.);
#3847=VECTOR('',#5770,1.);
#3848=VECTOR('',#5773,1.);
#3849=VECTOR('',#5776,1.);
#3850=VECTOR('',#5785,1.);
#3851=VECTOR('',#5786,1.);
#3852=VECTOR('',#5787,1.);
#3853=VECTOR('',#5788,1.);
#3854=VECTOR('',#5789,1.);
#3855=VECTOR('',#5790,1.);
#3856=VECTOR('',#5791,1.);
#3857=VECTOR('',#5792,1.);
#3858=VECTOR('',#5803,1.);
#3859=VECTOR('',#5808,1.);
#3860=VECTOR('',#5813,1.);
#3861=VECTOR('',#5818,1.);
#3862=VECTOR('',#5823,1.);
#3863=VECTOR('',#5824,1.);
#3864=VECTOR('',#5827,1.);
#3865=VECTOR('',#5832,1.);
#3866=VECTOR('',#5833,1.);
#3867=VECTOR('',#5836,1.);
#3868=VECTOR('',#5841,1.);
#3869=VECTOR('',#5842,1.);
#3870=VECTOR('',#5845,1.);
#3871=VECTOR('',#5850,1.);
#3872=VECTOR('',#5851,1.);
#3873=VECTOR('',#5854,1.);
#3874=EDGE_LOOP('',(#359,#360,#361,#362,#363,#364,#365,#366));
#3875=EDGE_LOOP('',(#367,#368,#369,#370,#371,#372,#373,#374));
#3876=EDGE_LOOP('',(#375,#376,#377,#378,#379,#380,#381,#382));
#3877=EDGE_LOOP('',(#383,#384,#385,#386,#387,#388,#389,#390));
#3878=EDGE_LOOP('',(#391));
#3879=EDGE_LOOP('',(#392));
#3880=EDGE_LOOP('',(#393,#394,#395,#396));
#3881=EDGE_LOOP('',(#397,#398,#399,#400,#401,#402,#403,#404,#405,#406,#407,
#408,#409,#410));
#3882=EDGE_LOOP('',(#411,#412,#413,#414));
#3883=EDGE_LOOP('',(#415,#416,#417,#418,#419,#420,#421,#422,#423,#424,#425,
#426,#427));
#3884=EDGE_LOOP('',(#428,#429,#430,#431,#432,#433,#434,#435,#436,#437,#438,
#439,#440,#441,#442,#443,#444,#445,#446,#447,#448,#449,#450));
#3885=EDGE_LOOP('',(#451,#452,#453,#454,#455,#456));
#3886=EDGE_LOOP('',(#457,#458,#459,#460,#461,#462,#463,#464,#465,#466));
#3887=EDGE_LOOP('',(#467,#468,#469,#470,#471,#472));
#3888=EDGE_LOOP('',(#473,#474,#475,#476,#477,#478,#479,#480,#481,#482,#483,
#484,#485,#486,#487,#488,#489,#490,#491,#492,#493,#494,#495));
#3889=EDGE_LOOP('',(#496,#497,#498,#499,#500,#501,#502,#503,#504,#505,#506,
#507,#508));
#3890=EDGE_LOOP('',(#509,#510,#511,#512));
#3891=EDGE_LOOP('',(#513,#514,#515,#516));
#3892=EDGE_LOOP('',(#517,#518,#519,#520,#521,#522,#523,#524,#525,#526));
#3893=EDGE_LOOP('',(#527,#528,#529,#530,#531,#532,#533,#534,#535,#536,#537,
#538,#539,#540));
#3894=EDGE_LOOP('',(#541,#542,#543,#544,#545,#546,#547,#548,#549,#550,#551,
#552,#553,#554,#555,#556,#557,#558,#559,#560,#561,#562,#563));
#3895=EDGE_LOOP('',(#564,#565,#566,#567));
#3896=EDGE_LOOP('',(#568,#569,#570,#571));
#3897=EDGE_LOOP('',(#572,#573,#574,#575,#576,#577,#578,#579,#580,#581,#582,
#583));
#3898=EDGE_LOOP('',(#584,#585,#586,#587));
#3899=EDGE_LOOP('',(#588,#589,#590,#591));
#3900=EDGE_LOOP('',(#592,#593,#594,#595));
#3901=EDGE_LOOP('',(#596,#597,#598,#599));
#3902=EDGE_LOOP('',(#600,#601,#602,#603));
#3903=EDGE_LOOP('',(#604,#605,#606,#607));
#3904=EDGE_LOOP('',(#608,#609,#610,#611));
#3905=EDGE_LOOP('',(#612));
#3906=EDGE_LOOP('',(#613));
#3907=EDGE_LOOP('',(#614,#615,#616,#617));
#3908=EDGE_LOOP('',(#618,#619,#620,#621,#622,#623,#624,#625,#626,#627,#628,
#629));
#3909=EDGE_LOOP('',(#630));
#3910=EDGE_LOOP('',(#631));
#3911=EDGE_LOOP('',(#632));
#3912=EDGE_LOOP('',(#633));
#3913=EDGE_LOOP('',(#634,#635,#636,#637));
#3914=EDGE_LOOP('',(#638,#639,#640,#641));
#3915=EDGE_LOOP('',(#642,#643,#644,#645));
#3916=EDGE_LOOP('',(#646,#647,#648,#649));
#3917=EDGE_LOOP('',(#650,#651,#652,#653));
#3918=EDGE_LOOP('',(#654,#655,#656,#657));
#3919=EDGE_LOOP('',(#658,#659,#660,#661));
#3920=EDGE_LOOP('',(#662,#663,#664,#665));
#3921=EDGE_LOOP('',(#666,#667,#668,#669));
#3922=EDGE_LOOP('',(#670,#671,#672,#673));
#3923=EDGE_LOOP('',(#674,#675,#676,#677));
#3924=EDGE_LOOP('',(#678,#679,#680,#681));
#3925=EDGE_LOOP('',(#682,#683,#684,#685));
#3926=EDGE_LOOP('',(#686,#687,#688,#689));
#3927=EDGE_LOOP('',(#690,#691,#692,#693));
#3928=EDGE_LOOP('',(#694,#695,#696,#697));
#3929=EDGE_LOOP('',(#698,#699,#700,#701));
#3930=EDGE_LOOP('',(#702,#703,#704,#705,#706,#707,#708,#709,#710,#711,#712,
#713,#714));
#3931=EDGE_LOOP('',(#715,#716,#717,#718));
#3932=EDGE_LOOP('',(#719,#720,#721,#722));
#3933=EDGE_LOOP('',(#723,#724,#725,#726));
#3934=EDGE_LOOP('',(#727,#728,#729,#730));
#3935=EDGE_LOOP('',(#731,#732,#733,#734));
#3936=EDGE_LOOP('',(#735,#736,#737,#738));
#3937=EDGE_LOOP('',(#739,#740,#741,#742));
#3938=EDGE_LOOP('',(#743,#744,#745,#746));
#3939=EDGE_LOOP('',(#747,#748,#749,#750));
#3940=EDGE_LOOP('',(#751,#752,#753,#754));
#3941=EDGE_LOOP('',(#755,#756,#757,#758));
#3942=EDGE_LOOP('',(#759,#760,#761,#762));
#3943=EDGE_LOOP('',(#763,#764,#765,#766));
#3944=EDGE_LOOP('',(#767,#768,#769,#770));
#3945=EDGE_LOOP('',(#771,#772,#773,#774));
#3946=EDGE_LOOP('',(#775,#776,#777,#778));
#3947=EDGE_LOOP('',(#779,#780,#781,#782));
#3948=EDGE_LOOP('',(#783,#784,#785,#786));
#3949=EDGE_LOOP('',(#787,#788,#789,#790));
#3950=EDGE_LOOP('',(#791,#792,#793,#794));
#3951=EDGE_LOOP('',(#795,#796,#797,#798));
#3952=EDGE_LOOP('',(#799,#800,#801,#802));
#3953=EDGE_LOOP('',(#803,#804,#805,#806));
#3954=EDGE_LOOP('',(#807,#808,#809,#810,#811,#812,#813,#814,#815,#816,#817,
#818,#819,#820,#821,#822,#823,#824,#825,#826,#827,#828,#829));
#3955=EDGE_LOOP('',(#830,#831,#832,#833));
#3956=EDGE_LOOP('',(#834,#835,#836,#837));
#3957=EDGE_LOOP('',(#838,#839,#840,#841));
#3958=EDGE_LOOP('',(#842,#843,#844,#845));
#3959=EDGE_LOOP('',(#846,#847,#848,#849));
#3960=EDGE_LOOP('',(#850,#851,#852,#853));
#3961=EDGE_LOOP('',(#854,#855,#856,#857,#858,#859));
#3962=EDGE_LOOP('',(#860,#861,#862,#863));
#3963=EDGE_LOOP('',(#864,#865,#866,#867));
#3964=EDGE_LOOP('',(#868,#869,#870,#871));
#3965=EDGE_LOOP('',(#872,#873,#874,#875));
#3966=EDGE_LOOP('',(#876,#877,#878,#879));
#3967=EDGE_LOOP('',(#880,#881,#882,#883));
#3968=EDGE_LOOP('',(#884,#885,#886,#887));
#3969=EDGE_LOOP('',(#888,#889,#890,#891));
#3970=EDGE_LOOP('',(#892,#893,#894,#895));
#3971=EDGE_LOOP('',(#896,#897,#898,#899));
#3972=EDGE_LOOP('',(#900,#901,#902,#903,#904,#905,#906,#907,#908,#909));
#3973=EDGE_LOOP('',(#910,#911,#912,#913));
#3974=EDGE_LOOP('',(#914,#915,#916,#917));
#3975=EDGE_LOOP('',(#918,#919,#920,#921));
#3976=EDGE_LOOP('',(#922,#923,#924,#925));
#3977=EDGE_LOOP('',(#926,#927,#928,#929));
#3978=EDGE_LOOP('',(#930,#931,#932,#933));
#3979=EDGE_LOOP('',(#934,#935,#936,#937,#938,#939));
#3980=EDGE_LOOP('',(#940,#941,#942,#943));
#3981=EDGE_LOOP('',(#944,#945,#946,#947));
#3982=EDGE_LOOP('',(#948,#949,#950,#951));
#3983=EDGE_LOOP('',(#952,#953,#954,#955));
#3984=EDGE_LOOP('',(#956,#957,#958,#959));
#3985=EDGE_LOOP('',(#960,#961,#962,#963));
#3986=EDGE_LOOP('',(#964,#965,#966,#967));
#3987=EDGE_LOOP('',(#968,#969,#970,#971));
#3988=EDGE_LOOP('',(#972,#973,#974,#975));
#3989=EDGE_LOOP('',(#976,#977,#978,#979));
#3990=EDGE_LOOP('',(#980,#981,#982,#983));
#3991=EDGE_LOOP('',(#984,#985,#986,#987));
#3992=EDGE_LOOP('',(#988,#989,#990,#991));
#3993=EDGE_LOOP('',(#992,#993,#994,#995));
#3994=EDGE_LOOP('',(#996,#997,#998,#999));
#3995=EDGE_LOOP('',(#1000,#1001,#1002,#1003));
#3996=EDGE_LOOP('',(#1004,#1005,#1006,#1007));
#3997=EDGE_LOOP('',(#1008,#1009,#1010,#1011));
#3998=EDGE_LOOP('',(#1012,#1013,#1014,#1015));
#3999=EDGE_LOOP('',(#1016,#1017,#1018,#1019));
#4000=EDGE_LOOP('',(#1020,#1021,#1022,#1023));
#4001=EDGE_LOOP('',(#1024,#1025,#1026,#1027));
#4002=EDGE_LOOP('',(#1028,#1029,#1030,#1031));
#4003=EDGE_LOOP('',(#1032,#1033,#1034,#1035,#1036,#1037,#1038,#1039,#1040,
#1041,#1042,#1043,#1044,#1045,#1046,#1047,#1048,#1049,#1050,#1051,#1052,
#1053,#1054));
#4004=EDGE_LOOP('',(#1055,#1056,#1057,#1058));
#4005=EDGE_LOOP('',(#1059,#1060,#1061,#1062));
#4006=EDGE_LOOP('',(#1063,#1064,#1065,#1066));
#4007=EDGE_LOOP('',(#1067,#1068,#1069,#1070));
#4008=EDGE_LOOP('',(#1071,#1072,#1073,#1074));
#4009=EDGE_LOOP('',(#1075,#1076,#1077,#1078));
#4010=EDGE_LOOP('',(#1079,#1080,#1081,#1082));
#4011=EDGE_LOOP('',(#1083,#1084,#1085,#1086));
#4012=EDGE_LOOP('',(#1087,#1088,#1089,#1090));
#4013=EDGE_LOOP('',(#1091,#1092,#1093,#1094));
#4014=EDGE_LOOP('',(#1095,#1096,#1097,#1098));
#4015=EDGE_LOOP('',(#1099,#1100,#1101,#1102));
#4016=EDGE_LOOP('',(#1103,#1104,#1105,#1106));
#4017=EDGE_LOOP('',(#1107,#1108,#1109,#1110,#1111,#1112,#1113,#1114,#1115,
#1116,#1117,#1118,#1119));
#4018=EDGE_LOOP('',(#1120,#1121,#1122,#1123));
#4019=EDGE_LOOP('',(#1124,#1125,#1126,#1127));
#4020=EDGE_LOOP('',(#1128,#1129,#1130,#1131));
#4021=EDGE_LOOP('',(#1132,#1133,#1134,#1135));
#4022=EDGE_LOOP('',(#1136,#1137,#1138,#1139));
#4023=EDGE_LOOP('',(#1140,#1141,#1142,#1143));
#4024=EDGE_LOOP('',(#1144,#1145,#1146,#1147));
#4025=EDGE_LOOP('',(#1148,#1149,#1150,#1151));
#4026=EDGE_LOOP('',(#1152,#1153,#1154,#1155));
#4027=EDGE_LOOP('',(#1156,#1157,#1158,#1159));
#4028=EDGE_LOOP('',(#1160,#1161,#1162,#1163));
#4029=EDGE_LOOP('',(#1164,#1165,#1166,#1167));
#4030=EDGE_LOOP('',(#1168,#1169,#1170,#1171));
#4031=EDGE_LOOP('',(#1172,#1173,#1174,#1175));
#4032=EDGE_LOOP('',(#1176,#1177,#1178,#1179));
#4033=EDGE_LOOP('',(#1180,#1181,#1182,#1183));
#4034=EDGE_LOOP('',(#1184,#1185,#1186,#1187));
#4035=EDGE_LOOP('',(#1188,#1189,#1190,#1191));
#4036=EDGE_LOOP('',(#1192,#1193,#1194,#1195));
#4037=EDGE_LOOP('',(#1196,#1197,#1198,#1199));
#4038=EDGE_LOOP('',(#1200,#1201,#1202,#1203,#1204,#1205,#1206,#1207,#1208,
#1209));
#4039=EDGE_LOOP('',(#1210,#1211,#1212,#1213));
#4040=EDGE_LOOP('',(#1214,#1215,#1216,#1217));
#4041=EDGE_LOOP('',(#1218,#1219,#1220,#1221));
#4042=EDGE_LOOP('',(#1222,#1223,#1224,#1225));
#4043=EDGE_LOOP('',(#1226,#1227,#1228,#1229));
#4044=EDGE_LOOP('',(#1230,#1231,#1232,#1233));
#4045=EDGE_LOOP('',(#1234,#1235,#1236,#1237));
#4046=EDGE_LOOP('',(#1238,#1239,#1240,#1241));
#4047=EDGE_LOOP('',(#1242,#1243,#1244,#1245));
#4048=EDGE_LOOP('',(#1246,#1247,#1248,#1249));
#4049=EDGE_LOOP('',(#1250,#1251,#1252,#1253));
#4050=EDGE_LOOP('',(#1254,#1255,#1256,#1257));
#4051=EDGE_LOOP('',(#1258,#1259,#1260,#1261));
#4052=EDGE_LOOP('',(#1262,#1263,#1264,#1265));
#4053=EDGE_LOOP('',(#1266,#1267,#1268,#1269));
#4054=EDGE_LOOP('',(#1270,#1271,#1272,#1273));
#4055=EDGE_LOOP('',(#1274,#1275,#1276,#1277));
#4056=EDGE_LOOP('',(#1278,#1279,#1280,#1281));
#4057=EDGE_LOOP('',(#1282,#1283,#1284,#1285));
#4058=EDGE_LOOP('',(#1286,#1287,#1288,#1289));
#4059=EDGE_LOOP('',(#1290,#1291,#1292,#1293));
#4060=EDGE_LOOP('',(#1294,#1295,#1296,#1297));
#4061=EDGE_LOOP('',(#1298,#1299,#1300,#1301));
#4062=EDGE_LOOP('',(#1302,#1303,#1304,#1305));
#4063=EDGE_LOOP('',(#1306,#1307,#1308,#1309,#1310,#1311,#1312,#1313,#1314,
#1315,#1316,#1317,#1318,#1319));
#4064=EDGE_LOOP('',(#1320,#1321,#1322,#1323,#1324,#1325,#1326,#1327,#1328,
#1329));
#4065=EDGE_LOOP('',(#1330,#1331,#1332,#1333));
#4066=EDGE_LOOP('',(#1334,#1335,#1336,#1337));
#4067=EDGE_LOOP('',(#1338,#1339,#1340,#1341));
#4068=EDGE_LOOP('',(#1342,#1343,#1344,#1345));
#4069=EDGE_LOOP('',(#1346,#1347,#1348,#1349));
#4070=EDGE_LOOP('',(#1350,#1351,#1352,#1353));
#4071=EDGE_LOOP('',(#1354,#1355,#1356,#1357));
#4072=EDGE_LOOP('',(#1358,#1359,#1360,#1361));
#4073=EDGE_LOOP('',(#1362,#1363,#1364,#1365));
#4074=EDGE_LOOP('',(#1366,#1367,#1368,#1369));
#4075=EDGE_LOOP('',(#1370,#1371,#1372,#1373));
#4076=EDGE_LOOP('',(#1374,#1375,#1376,#1377));
#4077=EDGE_LOOP('',(#1378,#1379,#1380,#1381));
#4078=EDGE_LOOP('',(#1382,#1383,#1384,#1385));
#4079=EDGE_LOOP('',(#1386,#1387,#1388,#1389));
#4080=EDGE_LOOP('',(#1390,#1391,#1392,#1393));
#4081=EDGE_LOOP('',(#1394,#1395,#1396,#1397));
#4082=EDGE_LOOP('',(#1398,#1399,#1400,#1401));
#4083=EDGE_LOOP('',(#1402,#1403,#1404,#1405));
#4084=EDGE_LOOP('',(#1406,#1407,#1408,#1409));
#4085=EDGE_LOOP('',(#1410,#1411,#1412,#1413));
#4086=EDGE_LOOP('',(#1414,#1415,#1416,#1417));
#4087=EDGE_LOOP('',(#1418,#1419,#1420,#1421));
#4088=EDGE_LOOP('',(#1422,#1423,#1424,#1425));
#4089=EDGE_LOOP('',(#1426,#1427,#1428,#1429,#1430,#1431,#1432,#1433,#1434,
#1435,#1436,#1437,#1438,#1439));
#4090=EDGE_LOOP('',(#1440,#1441,#1442,#1443,#1444,#1445,#1446,#1447,#1448,
#1449));
#4091=EDGE_LOOP('',(#1450,#1451,#1452,#1453));
#4092=EDGE_LOOP('',(#1454,#1455,#1456,#1457));
#4093=EDGE_LOOP('',(#1458,#1459,#1460,#1461));
#4094=EDGE_LOOP('',(#1462,#1463,#1464,#1465));
#4095=EDGE_LOOP('',(#1466,#1467,#1468,#1469));
#4096=EDGE_LOOP('',(#1470,#1471,#1472,#1473));
#4097=EDGE_LOOP('',(#1474,#1475,#1476,#1477));
#4098=EDGE_LOOP('',(#1478,#1479,#1480,#1481));
#4099=EDGE_LOOP('',(#1482,#1483,#1484,#1485));
#4100=EDGE_LOOP('',(#1486,#1487,#1488,#1489));
#4101=EDGE_LOOP('',(#1490,#1491,#1492,#1493));
#4102=EDGE_LOOP('',(#1494,#1495,#1496,#1497));
#4103=EDGE_LOOP('',(#1498,#1499,#1500,#1501));
#4104=EDGE_LOOP('',(#1502,#1503,#1504,#1505));
#4105=EDGE_LOOP('',(#1506,#1507,#1508,#1509));
#4106=EDGE_LOOP('',(#1510,#1511,#1512,#1513));
#4107=EDGE_LOOP('',(#1514,#1515,#1516,#1517));
#4108=EDGE_LOOP('',(#1518,#1519,#1520,#1521));
#4109=EDGE_LOOP('',(#1522,#1523,#1524,#1525));
#4110=EDGE_LOOP('',(#1526,#1527,#1528,#1529));
#4111=EDGE_LOOP('',(#1530,#1531,#1532,#1533));
#4112=EDGE_LOOP('',(#1534,#1535,#1536,#1537));
#4113=EDGE_LOOP('',(#1538,#1539,#1540,#1541));
#4114=EDGE_LOOP('',(#1542,#1543,#1544,#1545,#1546,#1547,#1548,#1549,#1550,
#1551,#1552,#1553,#1554,#1555,#1556,#1557,#1558,#1559,#1560,#1561,#1562,
#1563,#1564));
#4115=EDGE_LOOP('',(#1565,#1566,#1567,#1568,#1569,#1570,#1571,#1572,#1573,
#1574));
#4116=EDGE_LOOP('',(#1575,#1576,#1577,#1578,#1579,#1580,#1581,#1582,#1583,
#1584));
#4117=EDGE_LOOP('',(#1585,#1586,#1587,#1588));
#4118=EDGE_LOOP('',(#1589,#1590,#1591,#1592));
#4119=EDGE_LOOP('',(#1593,#1594,#1595,#1596));
#4120=EDGE_LOOP('',(#1597,#1598,#1599,#1600));
#4121=EDGE_LOOP('',(#1601,#1602,#1603,#1604));
#4122=EDGE_LOOP('',(#1605,#1606,#1607,#1608));
#4123=EDGE_LOOP('',(#1609,#1610,#1611,#1612));
#4124=EDGE_LOOP('',(#1613,#1614,#1615,#1616));
#4125=EDGE_LOOP('',(#1617));
#4126=EDGE_LOOP('',(#1618));
#4127=EDGE_LOOP('',(#1619));
#4128=EDGE_LOOP('',(#1620));
#4129=EDGE_LOOP('',(#1621,#1622,#1623,#1624));
#4130=EDGE_LOOP('',(#1625,#1626,#1627,#1628));
#4131=EDGE_LOOP('',(#1629,#1630,#1631,#1632));
#4132=EDGE_LOOP('',(#1633,#1634,#1635,#1636));
#4133=EDGE_LOOP('',(#1637,#1638,#1639,#1640));
#4134=EDGE_LOOP('',(#1641,#1642,#1643,#1644));
#4135=EDGE_LOOP('',(#1645,#1646,#1647,#1648));
#4136=EDGE_LOOP('',(#1649,#1650,#1651,#1652));
#4137=EDGE_LOOP('',(#1653));
#4138=EDGE_LOOP('',(#1654));
#4139=EDGE_LOOP('',(#1655));
#4140=EDGE_LOOP('',(#1656));
#4141=EDGE_LOOP('',(#1657,#1658,#1659,#1660,#1661,#1662,#1663,#1664,#1665,
#1666,#1667,#1668));
#4142=EDGE_LOOP('',(#1669,#1670,#1671,#1672));
#4143=EDGE_LOOP('',(#1673));
#4144=EDGE_LOOP('',(#1674));
#4145=EDGE_LOOP('',(#1675));
#4146=EDGE_LOOP('',(#1676));
#4147=EDGE_LOOP('',(#1677,#1678,#1679,#1680));
#4148=EDGE_LOOP('',(#1681,#1682,#1683,#1684));
#4149=EDGE_LOOP('',(#1685,#1686,#1687,#1688));
#4150=EDGE_LOOP('',(#1689,#1690,#1691,#1692));
#4151=EDGE_LOOP('',(#1693,#1694,#1695,#1696));
#4152=EDGE_LOOP('',(#1697,#1698,#1699,#1700));
#4153=EDGE_LOOP('',(#1701,#1702,#1703,#1704));
#4154=EDGE_LOOP('',(#1705,#1706,#1707,#1708));
#4155=EDGE_LOOP('',(#1709,#1710,#1711,#1712));
#4156=EDGE_LOOP('',(#1713,#1714,#1715,#1716));
#4157=EDGE_LOOP('',(#1717));
#4158=EDGE_LOOP('',(#1718,#1719,#1720,#1721));
#4159=EDGE_LOOP('',(#1722,#1723,#1724,#1725));
#4160=EDGE_LOOP('',(#1726,#1727,#1728,#1729));
#4161=EDGE_LOOP('',(#1730));
#4162=EDGE_LOOP('',(#1731,#1732,#1733,#1734));
#4163=EDGE_LOOP('',(#1735,#1736,#1737,#1738));
#4164=EDGE_LOOP('',(#1739,#1740,#1741,#1742));
#4165=EDGE_LOOP('',(#1743,#1744,#1745,#1746));
#4166=EDGE_LOOP('',(#1747));
#4167=EDGE_LOOP('',(#1748,#1749,#1750,#1751));
#4168=EDGE_LOOP('',(#1752,#1753,#1754,#1755));
#4169=EDGE_LOOP('',(#1756,#1757,#1758,#1759));
#4170=EDGE_LOOP('',(#1760));
#4171=FACE_BOUND('',#3874,.T.);
#4172=FACE_BOUND('',#3875,.T.);
#4173=FACE_BOUND('',#3876,.T.);
#4174=FACE_BOUND('',#3877,.T.);
#4175=FACE_BOUND('',#3878,.T.);
#4176=FACE_BOUND('',#3879,.T.);
#4177=FACE_BOUND('',#3880,.T.);
#4178=FACE_BOUND('',#3881,.T.);
#4179=FACE_BOUND('',#3882,.T.);
#4180=FACE_BOUND('',#3883,.T.);
#4181=FACE_BOUND('',#3884,.T.);
#4182=FACE_BOUND('',#3885,.T.);
#4183=FACE_BOUND('',#3886,.T.);
#4184=FACE_BOUND('',#3887,.T.);
#4185=FACE_BOUND('',#3888,.T.);
#4186=FACE_BOUND('',#3889,.T.);
#4187=FACE_BOUND('',#3890,.T.);
#4188=FACE_BOUND('',#3891,.T.);
#4189=FACE_BOUND('',#3892,.T.);
#4190=FACE_BOUND('',#3893,.T.);
#4191=FACE_BOUND('',#3894,.T.);
#4192=FACE_BOUND('',#3895,.T.);
#4193=FACE_BOUND('',#3896,.T.);
#4194=FACE_BOUND('',#3897,.T.);
#4195=FACE_BOUND('',#3898,.T.);
#4196=FACE_BOUND('',#3899,.T.);
#4197=FACE_BOUND('',#3900,.T.);
#4198=FACE_BOUND('',#3901,.T.);
#4199=FACE_BOUND('',#3902,.T.);
#4200=FACE_BOUND('',#3903,.T.);
#4201=FACE_BOUND('',#3904,.T.);
#4202=FACE_BOUND('',#3905,.T.);
#4203=FACE_BOUND('',#3906,.T.);
#4204=FACE_BOUND('',#3907,.T.);
#4205=FACE_BOUND('',#3908,.T.);
#4206=FACE_BOUND('',#3909,.T.);
#4207=FACE_BOUND('',#3910,.T.);
#4208=FACE_BOUND('',#3911,.T.);
#4209=FACE_BOUND('',#3912,.T.);
#4210=FACE_BOUND('',#3913,.T.);
#4211=FACE_BOUND('',#3914,.T.);
#4212=FACE_BOUND('',#3915,.T.);
#4213=FACE_BOUND('',#3916,.T.);
#4214=FACE_BOUND('',#3917,.T.);
#4215=FACE_BOUND('',#3918,.T.);
#4216=FACE_BOUND('',#3919,.T.);
#4217=FACE_BOUND('',#3920,.T.);
#4218=FACE_BOUND('',#3921,.T.);
#4219=FACE_BOUND('',#3922,.T.);
#4220=FACE_BOUND('',#3923,.T.);
#4221=FACE_BOUND('',#3924,.T.);
#4222=FACE_BOUND('',#3925,.T.);
#4223=FACE_BOUND('',#3926,.T.);
#4224=FACE_BOUND('',#3927,.T.);
#4225=FACE_BOUND('',#3928,.T.);
#4226=FACE_BOUND('',#3929,.T.);
#4227=FACE_BOUND('',#3930,.T.);
#4228=FACE_BOUND('',#3931,.T.);
#4229=FACE_BOUND('',#3932,.T.);
#4230=FACE_BOUND('',#3933,.T.);
#4231=FACE_BOUND('',#3934,.T.);
#4232=FACE_BOUND('',#3935,.T.);
#4233=FACE_BOUND('',#3936,.T.);
#4234=FACE_BOUND('',#3937,.T.);
#4235=FACE_BOUND('',#3938,.T.);
#4236=FACE_BOUND('',#3939,.T.);
#4237=FACE_BOUND('',#3940,.T.);
#4238=FACE_BOUND('',#3941,.T.);
#4239=FACE_BOUND('',#3942,.T.);
#4240=FACE_BOUND('',#3943,.T.);
#4241=FACE_BOUND('',#3944,.T.);
#4242=FACE_BOUND('',#3945,.T.);
#4243=FACE_BOUND('',#3946,.T.);
#4244=FACE_BOUND('',#3947,.T.);
#4245=FACE_BOUND('',#3948,.T.);
#4246=FACE_BOUND('',#3949,.T.);
#4247=FACE_BOUND('',#3950,.T.);
#4248=FACE_BOUND('',#3951,.T.);
#4249=FACE_BOUND('',#3952,.T.);
#4250=FACE_BOUND('',#3953,.T.);
#4251=FACE_BOUND('',#3954,.T.);
#4252=FACE_BOUND('',#3955,.T.);
#4253=FACE_BOUND('',#3956,.T.);
#4254=FACE_BOUND('',#3957,.T.);
#4255=FACE_BOUND('',#3958,.T.);
#4256=FACE_BOUND('',#3959,.T.);
#4257=FACE_BOUND('',#3960,.T.);
#4258=FACE_BOUND('',#3961,.T.);
#4259=FACE_BOUND('',#3962,.T.);
#4260=FACE_BOUND('',#3963,.T.);
#4261=FACE_BOUND('',#3964,.T.);
#4262=FACE_BOUND('',#3965,.T.);
#4263=FACE_BOUND('',#3966,.T.);
#4264=FACE_BOUND('',#3967,.T.);
#4265=FACE_BOUND('',#3968,.T.);
#4266=FACE_BOUND('',#3969,.T.);
#4267=FACE_BOUND('',#3970,.T.);
#4268=FACE_BOUND('',#3971,.T.);
#4269=FACE_BOUND('',#3972,.T.);
#4270=FACE_BOUND('',#3973,.T.);
#4271=FACE_BOUND('',#3974,.T.);
#4272=FACE_BOUND('',#3975,.T.);
#4273=FACE_BOUND('',#3976,.T.);
#4274=FACE_BOUND('',#3977,.T.);
#4275=FACE_BOUND('',#3978,.T.);
#4276=FACE_BOUND('',#3979,.T.);
#4277=FACE_BOUND('',#3980,.T.);
#4278=FACE_BOUND('',#3981,.T.);
#4279=FACE_BOUND('',#3982,.T.);
#4280=FACE_BOUND('',#3983,.T.);
#4281=FACE_BOUND('',#3984,.T.);
#4282=FACE_BOUND('',#3985,.T.);
#4283=FACE_BOUND('',#3986,.T.);
#4284=FACE_BOUND('',#3987,.T.);
#4285=FACE_BOUND('',#3988,.T.);
#4286=FACE_BOUND('',#3989,.T.);
#4287=FACE_BOUND('',#3990,.T.);
#4288=FACE_BOUND('',#3991,.T.);
#4289=FACE_BOUND('',#3992,.T.);
#4290=FACE_BOUND('',#3993,.T.);
#4291=FACE_BOUND('',#3994,.T.);
#4292=FACE_BOUND('',#3995,.T.);
#4293=FACE_BOUND('',#3996,.T.);
#4294=FACE_BOUND('',#3997,.T.);
#4295=FACE_BOUND('',#3998,.T.);
#4296=FACE_BOUND('',#3999,.T.);
#4297=FACE_BOUND('',#4000,.T.);
#4298=FACE_BOUND('',#4001,.T.);
#4299=FACE_BOUND('',#4002,.T.);
#4300=FACE_BOUND('',#4003,.T.);
#4301=FACE_BOUND('',#4004,.T.);
#4302=FACE_BOUND('',#4005,.T.);
#4303=FACE_BOUND('',#4006,.T.);
#4304=FACE_BOUND('',#4007,.T.);
#4305=FACE_BOUND('',#4008,.T.);
#4306=FACE_BOUND('',#4009,.T.);
#4307=FACE_BOUND('',#4010,.T.);
#4308=FACE_BOUND('',#4011,.T.);
#4309=FACE_BOUND('',#4012,.T.);
#4310=FACE_BOUND('',#4013,.T.);
#4311=FACE_BOUND('',#4014,.T.);
#4312=FACE_BOUND('',#4015,.T.);
#4313=FACE_BOUND('',#4016,.T.);
#4314=FACE_BOUND('',#4017,.T.);
#4315=FACE_BOUND('',#4018,.T.);
#4316=FACE_BOUND('',#4019,.T.);
#4317=FACE_BOUND('',#4020,.T.);
#4318=FACE_BOUND('',#4021,.T.);
#4319=FACE_BOUND('',#4022,.T.);
#4320=FACE_BOUND('',#4023,.T.);
#4321=FACE_BOUND('',#4024,.T.);
#4322=FACE_BOUND('',#4025,.T.);
#4323=FACE_BOUND('',#4026,.T.);
#4324=FACE_BOUND('',#4027,.T.);
#4325=FACE_BOUND('',#4028,.T.);
#4326=FACE_BOUND('',#4029,.T.);
#4327=FACE_BOUND('',#4030,.T.);
#4328=FACE_BOUND('',#4031,.T.);
#4329=FACE_BOUND('',#4032,.T.);
#4330=FACE_BOUND('',#4033,.T.);
#4331=FACE_BOUND('',#4034,.T.);
#4332=FACE_BOUND('',#4035,.T.);
#4333=FACE_BOUND('',#4036,.T.);
#4334=FACE_BOUND('',#4037,.T.);
#4335=FACE_BOUND('',#4038,.T.);
#4336=FACE_BOUND('',#4039,.T.);
#4337=FACE_BOUND('',#4040,.T.);
#4338=FACE_BOUND('',#4041,.T.);
#4339=FACE_BOUND('',#4042,.T.);
#4340=FACE_BOUND('',#4043,.T.);
#4341=FACE_BOUND('',#4044,.T.);
#4342=FACE_BOUND('',#4045,.T.);
#4343=FACE_BOUND('',#4046,.T.);
#4344=FACE_BOUND('',#4047,.T.);
#4345=FACE_BOUND('',#4048,.T.);
#4346=FACE_BOUND('',#4049,.T.);
#4347=FACE_BOUND('',#4050,.T.);
#4348=FACE_BOUND('',#4051,.T.);
#4349=FACE_BOUND('',#4052,.T.);
#4350=FACE_BOUND('',#4053,.T.);
#4351=FACE_BOUND('',#4054,.T.);
#4352=FACE_BOUND('',#4055,.T.);
#4353=FACE_BOUND('',#4056,.T.);
#4354=FACE_BOUND('',#4057,.T.);
#4355=FACE_BOUND('',#4058,.T.);
#4356=FACE_BOUND('',#4059,.T.);
#4357=FACE_BOUND('',#4060,.T.);
#4358=FACE_BOUND('',#4061,.T.);
#4359=FACE_BOUND('',#4062,.T.);
#4360=FACE_BOUND('',#4063,.T.);
#4361=FACE_BOUND('',#4064,.T.);
#4362=FACE_BOUND('',#4065,.T.);
#4363=FACE_BOUND('',#4066,.T.);
#4364=FACE_BOUND('',#4067,.T.);
#4365=FACE_BOUND('',#4068,.T.);
#4366=FACE_BOUND('',#4069,.T.);
#4367=FACE_BOUND('',#4070,.T.);
#4368=FACE_BOUND('',#4071,.T.);
#4369=FACE_BOUND('',#4072,.T.);
#4370=FACE_BOUND('',#4073,.T.);
#4371=FACE_BOUND('',#4074,.T.);
#4372=FACE_BOUND('',#4075,.T.);
#4373=FACE_BOUND('',#4076,.T.);
#4374=FACE_BOUND('',#4077,.T.);
#4375=FACE_BOUND('',#4078,.T.);
#4376=FACE_BOUND('',#4079,.T.);
#4377=FACE_BOUND('',#4080,.T.);
#4378=FACE_BOUND('',#4081,.T.);
#4379=FACE_BOUND('',#4082,.T.);
#4380=FACE_BOUND('',#4083,.T.);
#4381=FACE_BOUND('',#4084,.T.);
#4382=FACE_BOUND('',#4085,.T.);
#4383=FACE_BOUND('',#4086,.T.);
#4384=FACE_BOUND('',#4087,.T.);
#4385=FACE_BOUND('',#4088,.T.);
#4386=FACE_BOUND('',#4089,.T.);
#4387=FACE_BOUND('',#4090,.T.);
#4388=FACE_BOUND('',#4091,.T.);
#4389=FACE_BOUND('',#4092,.T.);
#4390=FACE_BOUND('',#4093,.T.);
#4391=FACE_BOUND('',#4094,.T.);
#4392=FACE_BOUND('',#4095,.T.);
#4393=FACE_BOUND('',#4096,.T.);
#4394=FACE_BOUND('',#4097,.T.);
#4395=FACE_BOUND('',#4098,.T.);
#4396=FACE_BOUND('',#4099,.T.);
#4397=FACE_BOUND('',#4100,.T.);
#4398=FACE_BOUND('',#4101,.T.);
#4399=FACE_BOUND('',#4102,.T.);
#4400=FACE_BOUND('',#4103,.T.);
#4401=FACE_BOUND('',#4104,.T.);
#4402=FACE_BOUND('',#4105,.T.);
#4403=FACE_BOUND('',#4106,.T.);
#4404=FACE_BOUND('',#4107,.T.);
#4405=FACE_BOUND('',#4108,.T.);
#4406=FACE_BOUND('',#4109,.T.);
#4407=FACE_BOUND('',#4110,.T.);
#4408=FACE_BOUND('',#4111,.T.);
#4409=FACE_BOUND('',#4112,.T.);
#4410=FACE_BOUND('',#4113,.T.);
#4411=FACE_BOUND('',#4114,.T.);
#4412=FACE_BOUND('',#4115,.T.);
#4413=FACE_BOUND('',#4116,.T.);
#4414=FACE_BOUND('',#4117,.T.);
#4415=FACE_BOUND('',#4118,.T.);
#4416=FACE_BOUND('',#4119,.T.);
#4417=FACE_BOUND('',#4120,.T.);
#4418=FACE_BOUND('',#4121,.T.);
#4419=FACE_BOUND('',#4122,.T.);
#4420=FACE_BOUND('',#4123,.T.);
#4421=FACE_BOUND('',#4124,.T.);
#4422=FACE_BOUND('',#4125,.T.);
#4423=FACE_BOUND('',#4126,.T.);
#4424=FACE_BOUND('',#4127,.T.);
#4425=FACE_BOUND('',#4128,.T.);
#4426=FACE_BOUND('',#4129,.T.);
#4427=FACE_BOUND('',#4130,.T.);
#4428=FACE_BOUND('',#4131,.T.);
#4429=FACE_BOUND('',#4132,.T.);
#4430=FACE_BOUND('',#4133,.T.);
#4431=FACE_BOUND('',#4134,.T.);
#4432=FACE_BOUND('',#4135,.T.);
#4433=FACE_BOUND('',#4136,.T.);
#4434=FACE_BOUND('',#4137,.T.);
#4435=FACE_BOUND('',#4138,.T.);
#4436=FACE_BOUND('',#4139,.T.);
#4437=FACE_BOUND('',#4140,.T.);
#4438=FACE_BOUND('',#4141,.T.);
#4439=FACE_BOUND('',#4142,.T.);
#4440=FACE_BOUND('',#4143,.T.);
#4441=FACE_BOUND('',#4144,.T.);
#4442=FACE_BOUND('',#4145,.T.);
#4443=FACE_BOUND('',#4146,.T.);
#4444=FACE_BOUND('',#4147,.T.);
#4445=FACE_BOUND('',#4148,.T.);
#4446=FACE_BOUND('',#4149,.T.);
#4447=FACE_BOUND('',#4150,.T.);
#4448=FACE_BOUND('',#4151,.T.);
#4449=FACE_BOUND('',#4152,.T.);
#4450=FACE_BOUND('',#4153,.T.);
#4451=FACE_BOUND('',#4154,.T.);
#4452=FACE_BOUND('',#4155,.T.);
#4453=FACE_BOUND('',#4156,.T.);
#4454=FACE_BOUND('',#4157,.T.);
#4455=FACE_BOUND('',#4158,.T.);
#4456=FACE_BOUND('',#4159,.T.);
#4457=FACE_BOUND('',#4160,.T.);
#4458=FACE_BOUND('',#4161,.T.);
#4459=FACE_BOUND('',#4162,.T.);
#4460=FACE_BOUND('',#4163,.T.);
#4461=FACE_BOUND('',#4164,.T.);
#4462=FACE_BOUND('',#4165,.T.);
#4463=FACE_BOUND('',#4166,.T.);
#4464=FACE_BOUND('',#4167,.T.);
#4465=FACE_BOUND('',#4168,.T.);
#4466=FACE_BOUND('',#4169,.T.);
#4467=FACE_BOUND('',#4170,.T.);
#4468=PLANE('',#4874);
#4469=PLANE('',#4875);
#4470=PLANE('',#4876);
#4471=PLANE('',#4877);
#4472=PLANE('',#4878);
#4473=PLANE('',#4883);
#4474=PLANE('',#4884);
#4475=PLANE('',#4885);
#4476=PLANE('',#4886);
#4477=PLANE('',#4887);
#4478=PLANE('',#4896);
#4479=PLANE('',#4897);
#4480=PLANE('',#4898);
#4481=PLANE('',#4899);
#4482=PLANE('',#4900);
#4483=PLANE('',#4901);
#4484=PLANE('',#4902);
#4485=PLANE('',#4903);
#4486=PLANE('',#4904);
#4487=PLANE('',#4905);
#4488=PLANE('',#4906);
#4489=PLANE('',#4907);
#4490=PLANE('',#4908);
#4491=PLANE('',#4909);
#4492=PLANE('',#4910);
#4493=PLANE('',#4911);
#4494=PLANE('',#4912);
#4495=PLANE('',#4913);
#4496=PLANE('',#4914);
#4497=PLANE('',#4915);
#4498=PLANE('',#4916);
#4499=PLANE('',#4917);
#4500=PLANE('',#4918);
#4501=PLANE('',#4919);
#4502=PLANE('',#4920);
#4503=PLANE('',#4921);
#4504=PLANE('',#4922);
#4505=PLANE('',#4923);
#4506=PLANE('',#4924);
#4507=PLANE('',#4925);
#4508=PLANE('',#4926);
#4509=PLANE('',#4927);
#4510=PLANE('',#4928);
#4511=PLANE('',#4929);
#4512=PLANE('',#4930);
#4513=PLANE('',#4931);
#4514=PLANE('',#4932);
#4515=PLANE('',#4933);
#4516=PLANE('',#4934);
#4517=PLANE('',#4935);
#4518=PLANE('',#4936);
#4519=PLANE('',#4937);
#4520=PLANE('',#4938);
#4521=PLANE('',#4939);
#4522=PLANE('',#4940);
#4523=PLANE('',#4941);
#4524=PLANE('',#4942);
#4525=PLANE('',#4943);
#4526=PLANE('',#4944);
#4527=PLANE('',#4945);
#4528=PLANE('',#4946);
#4529=PLANE('',#4947);
#4530=PLANE('',#4948);
#4531=PLANE('',#4949);
#4532=PLANE('',#4950);
#4533=PLANE('',#4951);
#4534=PLANE('',#4952);
#4535=PLANE('',#4953);
#4536=PLANE('',#4954);
#4537=PLANE('',#4955);
#4538=PLANE('',#4956);
#4539=PLANE('',#4957);
#4540=PLANE('',#4958);
#4541=PLANE('',#4959);
#4542=PLANE('',#4960);
#4543=PLANE('',#4961);
#4544=PLANE('',#4962);
#4545=PLANE('',#4963);
#4546=PLANE('',#4964);
#4547=PLANE('',#4965);
#4548=PLANE('',#4966);
#4549=PLANE('',#4967);
#4550=PLANE('',#4968);
#4551=PLANE('',#4969);
#4552=PLANE('',#4970);
#4553=PLANE('',#4971);
#4554=PLANE('',#4972);
#4555=PLANE('',#4973);
#4556=PLANE('',#4974);
#4557=PLANE('',#4975);
#4558=PLANE('',#4976);
#4559=PLANE('',#4977);
#4560=PLANE('',#4978);
#4561=PLANE('',#4979);
#4562=PLANE('',#4980);
#4563=PLANE('',#4981);
#4564=PLANE('',#4986);
#4565=PLANE('',#4987);
#4566=PLANE('',#4988);
#4567=PLANE('',#4989);
#4568=PLANE('',#4990);
#4569=PLANE('',#4991);
#4570=PLANE('',#4992);
#4571=PLANE('',#4993);
#4572=PLANE('',#4994);
#4573=PLANE('',#4995);
#4574=PLANE('',#4996);
#4575=PLANE('',#4997);
#4576=PLANE('',#4998);
#4577=PLANE('',#5009);
#4578=PLANE('',#5010);
#4579=PLANE('',#5011);
#4580=PLANE('',#5012);
#4581=PLANE('',#5013);
#4582=PLANE('',#5014);
#4583=PLANE('',#5015);
#4584=PLANE('',#5016);
#4585=PLANE('',#5017);
#4586=PLANE('',#5024);
#4587=PLANE('',#5025);
#4588=PLANE('',#5026);
#4589=PLANE('',#5027);
#4590=PLANE('',#5028);
#4591=PLANE('',#5029);
#4592=PLANE('',#5030);
#4593=PLANE('',#5031);
#4594=PLANE('',#5032);
#4595=PLANE('',#5033);
#4596=PLANE('',#5034);
#4597=PLANE('',#5035);
#4598=PLANE('',#5036);
#4599=PLANE('',#5037);
#4600=PLANE('',#5038);
#4601=PLANE('',#5039);
#4602=PLANE('',#5040);
#4603=PLANE('',#5041);
#4604=PLANE('',#5042);
#4605=PLANE('',#5043);
#4606=ADVANCED_FACE('',(#4171),#4468,.T.);
#4607=ADVANCED_FACE('',(#4172),#4469,.T.);
#4608=ADVANCED_FACE('',(#4173),#4470,.F.);
#4609=ADVANCED_FACE('',(#4174),#4471,.F.);
#4610=ADVANCED_FACE('',(#4175,#4176,#4177,#4178,#4179,#4180,#4181,#4182,
#4183,#4184,#4185,#4186,#4187,#4188,#4189,#4190,#4191,#4192,#4193,#4194),
#4472,.T.);
#4611=ADVANCED_FACE('',(#4195),#4473,.T.);
#4612=ADVANCED_FACE('',(#4196),#4474,.T.);
#4613=ADVANCED_FACE('',(#4197),#4475,.T.);
#4614=ADVANCED_FACE('',(#4198),#4476,.F.);
#4615=ADVANCED_FACE('',(#4199,#4200,#4201,#4202,#4203,#4204,#4205),#4477,
 .F.);
#4616=ADVANCED_FACE('',(#4206,#4207),#121,.F.);
#4617=ADVANCED_FACE('',(#4208,#4209),#122,.F.);
#4618=ADVANCED_FACE('',(#4210),#4478,.T.);
#4619=ADVANCED_FACE('',(#4211),#4479,.F.);
#4620=ADVANCED_FACE('',(#4212),#4480,.F.);
#4621=ADVANCED_FACE('',(#4213),#4481,.T.);
#4622=ADVANCED_FACE('',(#4214),#4482,.T.);
#4623=ADVANCED_FACE('',(#4215),#4483,.T.);
#4624=ADVANCED_FACE('',(#4216),#4484,.T.);
#4625=ADVANCED_FACE('',(#4217),#4485,.T.);
#4626=ADVANCED_FACE('',(#4218),#4486,.T.);
#4627=ADVANCED_FACE('',(#4219),#4487,.T.);
#4628=ADVANCED_FACE('',(#4220),#4488,.T.);
#4629=ADVANCED_FACE('',(#4221),#4489,.T.);
#4630=ADVANCED_FACE('',(#4222),#4490,.T.);
#4631=ADVANCED_FACE('',(#4223),#4491,.T.);
#4632=ADVANCED_FACE('',(#4224),#4492,.T.);
#4633=ADVANCED_FACE('',(#4225),#4493,.T.);
#4634=ADVANCED_FACE('',(#4226),#4494,.T.);
#4635=ADVANCED_FACE('',(#4227),#4495,.T.);
#4636=ADVANCED_FACE('',(#4228),#16,.T.);
#4637=ADVANCED_FACE('',(#4229),#4496,.T.);
#4638=ADVANCED_FACE('',(#4230),#17,.T.);
#4639=ADVANCED_FACE('',(#4231),#18,.T.);
#4640=ADVANCED_FACE('',(#4232),#19,.T.);
#4641=ADVANCED_FACE('',(#4233),#20,.T.);
#4642=ADVANCED_FACE('',(#4234),#21,.T.);
#4643=ADVANCED_FACE('',(#4235),#22,.T.);
#4644=ADVANCED_FACE('',(#4236),#23,.T.);
#4645=ADVANCED_FACE('',(#4237),#24,.T.);
#4646=ADVANCED_FACE('',(#4238),#25,.T.);
#4647=ADVANCED_FACE('',(#4239),#4497,.T.);
#4648=ADVANCED_FACE('',(#4240),#26,.T.);
#4649=ADVANCED_FACE('',(#4241),#27,.T.);
#4650=ADVANCED_FACE('',(#4242),#28,.T.);
#4651=ADVANCED_FACE('',(#4243),#29,.T.);
#4652=ADVANCED_FACE('',(#4244),#30,.T.);
#4653=ADVANCED_FACE('',(#4245),#31,.T.);
#4654=ADVANCED_FACE('',(#4246),#32,.T.);
#4655=ADVANCED_FACE('',(#4247),#33,.T.);
#4656=ADVANCED_FACE('',(#4248),#34,.T.);
#4657=ADVANCED_FACE('',(#4249),#35,.T.);
#4658=ADVANCED_FACE('',(#4250),#36,.T.);
#4659=ADVANCED_FACE('',(#4251),#4498,.T.);
#4660=ADVANCED_FACE('',(#4252),#4499,.T.);
#4661=ADVANCED_FACE('',(#4253),#4500,.T.);
#4662=ADVANCED_FACE('',(#4254),#4501,.T.);
#4663=ADVANCED_FACE('',(#4255),#4502,.T.);
#4664=ADVANCED_FACE('',(#4256),#4503,.T.);
#4665=ADVANCED_FACE('',(#4257),#4504,.T.);
#4666=ADVANCED_FACE('',(#4258),#4505,.T.);
#4667=ADVANCED_FACE('',(#4259),#4506,.T.);
#4668=ADVANCED_FACE('',(#4260),#4507,.T.);
#4669=ADVANCED_FACE('',(#4261),#4508,.T.);
#4670=ADVANCED_FACE('',(#4262),#4509,.T.);
#4671=ADVANCED_FACE('',(#4263),#4510,.T.);
#4672=ADVANCED_FACE('',(#4264),#4511,.T.);
#4673=ADVANCED_FACE('',(#4265),#4512,.T.);
#4674=ADVANCED_FACE('',(#4266),#4513,.T.);
#4675=ADVANCED_FACE('',(#4267),#4514,.T.);
#4676=ADVANCED_FACE('',(#4268),#4515,.T.);
#4677=ADVANCED_FACE('',(#4269),#4516,.T.);
#4678=ADVANCED_FACE('',(#4270),#4517,.T.);
#4679=ADVANCED_FACE('',(#4271),#4518,.T.);
#4680=ADVANCED_FACE('',(#4272),#4519,.T.);
#4681=ADVANCED_FACE('',(#4273),#4520,.T.);
#4682=ADVANCED_FACE('',(#4274),#4521,.T.);
#4683=ADVANCED_FACE('',(#4275),#4522,.T.);
#4684=ADVANCED_FACE('',(#4276),#4523,.T.);
#4685=ADVANCED_FACE('',(#4277),#37,.T.);
#4686=ADVANCED_FACE('',(#4278),#4524,.T.);
#4687=ADVANCED_FACE('',(#4279),#38,.T.);
#4688=ADVANCED_FACE('',(#4280),#39,.T.);
#4689=ADVANCED_FACE('',(#4281),#40,.T.);
#4690=ADVANCED_FACE('',(#4282),#41,.T.);
#4691=ADVANCED_FACE('',(#4283),#42,.T.);
#4692=ADVANCED_FACE('',(#4284),#43,.T.);
#4693=ADVANCED_FACE('',(#4285),#44,.T.);
#4694=ADVANCED_FACE('',(#4286),#45,.T.);
#4695=ADVANCED_FACE('',(#4287),#46,.T.);
#4696=ADVANCED_FACE('',(#4288),#4525,.T.);
#4697=ADVANCED_FACE('',(#4289),#47,.T.);
#4698=ADVANCED_FACE('',(#4290),#48,.T.);
#4699=ADVANCED_FACE('',(#4291),#49,.T.);
#4700=ADVANCED_FACE('',(#4292),#50,.T.);
#4701=ADVANCED_FACE('',(#4293),#51,.T.);
#4702=ADVANCED_FACE('',(#4294),#52,.T.);
#4703=ADVANCED_FACE('',(#4295),#53,.T.);
#4704=ADVANCED_FACE('',(#4296),#54,.T.);
#4705=ADVANCED_FACE('',(#4297),#55,.T.);
#4706=ADVANCED_FACE('',(#4298),#56,.T.);
#4707=ADVANCED_FACE('',(#4299),#57,.T.);
#4708=ADVANCED_FACE('',(#4300),#4526,.T.);
#4709=ADVANCED_FACE('',(#4301),#4527,.T.);
#4710=ADVANCED_FACE('',(#4302),#4528,.T.);
#4711=ADVANCED_FACE('',(#4303),#4529,.T.);
#4712=ADVANCED_FACE('',(#4304),#4530,.T.);
#4713=ADVANCED_FACE('',(#4305),#4531,.T.);
#4714=ADVANCED_FACE('',(#4306),#4532,.T.);
#4715=ADVANCED_FACE('',(#4307),#4533,.T.);
#4716=ADVANCED_FACE('',(#4308),#4534,.T.);
#4717=ADVANCED_FACE('',(#4309),#4535,.T.);
#4718=ADVANCED_FACE('',(#4310),#4536,.T.);
#4719=ADVANCED_FACE('',(#4311),#4537,.T.);
#4720=ADVANCED_FACE('',(#4312),#4538,.T.);
#4721=ADVANCED_FACE('',(#4313),#4539,.T.);
#4722=ADVANCED_FACE('',(#4314),#4540,.T.);
#4723=ADVANCED_FACE('',(#4315),#4541,.T.);
#4724=ADVANCED_FACE('',(#4316),#4542,.T.);
#4725=ADVANCED_FACE('',(#4317),#4543,.T.);
#4726=ADVANCED_FACE('',(#4318),#4544,.T.);
#4727=ADVANCED_FACE('',(#4319),#4545,.T.);
#4728=ADVANCED_FACE('',(#4320),#4546,.T.);
#4729=ADVANCED_FACE('',(#4321),#4547,.T.);
#4730=ADVANCED_FACE('',(#4322),#4548,.T.);
#4731=ADVANCED_FACE('',(#4323),#4549,.T.);
#4732=ADVANCED_FACE('',(#4324),#4550,.T.);
#4733=ADVANCED_FACE('',(#4325),#4551,.T.);
#4734=ADVANCED_FACE('',(#4326),#4552,.T.);
#4735=ADVANCED_FACE('',(#4327),#4553,.T.);
#4736=ADVANCED_FACE('',(#4328),#4554,.T.);
#4737=ADVANCED_FACE('',(#4329),#4555,.T.);
#4738=ADVANCED_FACE('',(#4330),#4556,.T.);
#4739=ADVANCED_FACE('',(#4331),#4557,.T.);
#4740=ADVANCED_FACE('',(#4332),#4558,.T.);
#4741=ADVANCED_FACE('',(#4333),#4559,.T.);
#4742=ADVANCED_FACE('',(#4334),#4560,.T.);
#4743=ADVANCED_FACE('',(#4335),#4561,.T.);
#4744=ADVANCED_FACE('',(#4336),#4562,.T.);
#4745=ADVANCED_FACE('',(#4337),#4563,.T.);
#4746=ADVANCED_FACE('',(#4338),#58,.T.);
#4747=ADVANCED_FACE('',(#4339),#59,.T.);
#4748=ADVANCED_FACE('',(#4340),#60,.T.);
#4749=ADVANCED_FACE('',(#4341),#61,.T.);
#4750=ADVANCED_FACE('',(#4342),#62,.T.);
#4751=ADVANCED_FACE('',(#4343),#63,.T.);
#4752=ADVANCED_FACE('',(#4344),#64,.T.);
#4753=ADVANCED_FACE('',(#4345),#65,.T.);
#4754=ADVANCED_FACE('',(#4346),#123,.F.);
#4755=ADVANCED_FACE('',(#4347),#66,.T.);
#4756=ADVANCED_FACE('',(#4348),#67,.T.);
#4757=ADVANCED_FACE('',(#4349),#68,.T.);
#4758=ADVANCED_FACE('',(#4350),#69,.T.);
#4759=ADVANCED_FACE('',(#4351),#70,.T.);
#4760=ADVANCED_FACE('',(#4352),#71,.T.);
#4761=ADVANCED_FACE('',(#4353),#124,.F.);
#4762=ADVANCED_FACE('',(#4354),#72,.T.);
#4763=ADVANCED_FACE('',(#4355),#73,.T.);
#4764=ADVANCED_FACE('',(#4356),#74,.T.);
#4765=ADVANCED_FACE('',(#4357),#75,.T.);
#4766=ADVANCED_FACE('',(#4358),#76,.T.);
#4767=ADVANCED_FACE('',(#4359),#77,.T.);
#4768=ADVANCED_FACE('',(#4360,#4361),#4564,.T.);
#4769=ADVANCED_FACE('',(#4362),#4565,.T.);
#4770=ADVANCED_FACE('',(#4363),#4566,.T.);
#4771=ADVANCED_FACE('',(#4364),#78,.T.);
#4772=ADVANCED_FACE('',(#4365),#79,.T.);
#4773=ADVANCED_FACE('',(#4366),#80,.T.);
#4774=ADVANCED_FACE('',(#4367),#81,.T.);
#4775=ADVANCED_FACE('',(#4368),#82,.T.);
#4776=ADVANCED_FACE('',(#4369),#83,.T.);
#4777=ADVANCED_FACE('',(#4370),#84,.T.);
#4778=ADVANCED_FACE('',(#4371),#85,.T.);
#4779=ADVANCED_FACE('',(#4372),#86,.T.);
#4780=ADVANCED_FACE('',(#4373),#87,.T.);
#4781=ADVANCED_FACE('',(#4374),#88,.T.);
#4782=ADVANCED_FACE('',(#4375),#89,.T.);
#4783=ADVANCED_FACE('',(#4376),#90,.T.);
#4784=ADVANCED_FACE('',(#4377),#91,.T.);
#4785=ADVANCED_FACE('',(#4378),#92,.T.);
#4786=ADVANCED_FACE('',(#4379),#93,.T.);
#4787=ADVANCED_FACE('',(#4380),#94,.T.);
#4788=ADVANCED_FACE('',(#4381),#95,.T.);
#4789=ADVANCED_FACE('',(#4382),#96,.T.);
#4790=ADVANCED_FACE('',(#4383),#97,.T.);
#4791=ADVANCED_FACE('',(#4384),#98,.T.);
#4792=ADVANCED_FACE('',(#4385),#99,.T.);
#4793=ADVANCED_FACE('',(#4386,#4387),#4567,.T.);
#4794=ADVANCED_FACE('',(#4388),#100,.T.);
#4795=ADVANCED_FACE('',(#4389),#4568,.T.);
#4796=ADVANCED_FACE('',(#4390),#101,.T.);
#4797=ADVANCED_FACE('',(#4391),#102,.T.);
#4798=ADVANCED_FACE('',(#4392),#103,.T.);
#4799=ADVANCED_FACE('',(#4393),#104,.T.);
#4800=ADVANCED_FACE('',(#4394),#105,.T.);
#4801=ADVANCED_FACE('',(#4395),#106,.T.);
#4802=ADVANCED_FACE('',(#4396),#107,.T.);
#4803=ADVANCED_FACE('',(#4397),#108,.T.);
#4804=ADVANCED_FACE('',(#4398),#109,.T.);
#4805=ADVANCED_FACE('',(#4399),#4569,.T.);
#4806=ADVANCED_FACE('',(#4400),#110,.T.);
#4807=ADVANCED_FACE('',(#4401),#111,.T.);
#4808=ADVANCED_FACE('',(#4402),#112,.T.);
#4809=ADVANCED_FACE('',(#4403),#113,.T.);
#4810=ADVANCED_FACE('',(#4404),#114,.T.);
#4811=ADVANCED_FACE('',(#4405),#115,.T.);
#4812=ADVANCED_FACE('',(#4406),#116,.T.);
#4813=ADVANCED_FACE('',(#4407),#117,.T.);
#4814=ADVANCED_FACE('',(#4408),#118,.T.);
#4815=ADVANCED_FACE('',(#4409),#119,.T.);
#4816=ADVANCED_FACE('',(#4410),#120,.T.);
#4817=ADVANCED_FACE('',(#4411),#4570,.T.);
#4818=ADVANCED_FACE('',(#4412),#4571,.T.);
#4819=ADVANCED_FACE('',(#4413),#4572,.T.);
#4820=ADVANCED_FACE('',(#4414),#4573,.T.);
#4821=ADVANCED_FACE('',(#4415),#4574,.F.);
#4822=ADVANCED_FACE('',(#4416),#4575,.F.);
#4823=ADVANCED_FACE('',(#4417),#4576,.T.);
#4824=ADVANCED_FACE('',(#4418),#125,.T.);
#4825=ADVANCED_FACE('',(#4419),#126,.T.);
#4826=ADVANCED_FACE('',(#4420),#127,.T.);
#4827=ADVANCED_FACE('',(#4421),#128,.T.);
#4828=ADVANCED_FACE('',(#4422,#4423),#129,.F.);
#4829=ADVANCED_FACE('',(#4424,#4425),#130,.F.);
#4830=ADVANCED_FACE('',(#4426),#4577,.T.);
#4831=ADVANCED_FACE('',(#4427),#4578,.F.);
#4832=ADVANCED_FACE('',(#4428),#4579,.F.);
#4833=ADVANCED_FACE('',(#4429),#4580,.T.);
#4834=ADVANCED_FACE('',(#4430),#4581,.T.);
#4835=ADVANCED_FACE('',(#4431),#4582,.F.);
#4836=ADVANCED_FACE('',(#4432),#4583,.F.);
#4837=ADVANCED_FACE('',(#4433),#4584,.T.);
#4838=ADVANCED_FACE('',(#4434,#4435,#4436,#4437,#4438,#4439),#4585,.T.);
#4839=ADVANCED_FACE('',(#4440,#4441),#131,.F.);
#4840=ADVANCED_FACE('',(#4442,#4443),#132,.F.);
#4841=ADVANCED_FACE('',(#4444),#4586,.T.);
#4842=ADVANCED_FACE('',(#4445),#4587,.T.);
#4843=ADVANCED_FACE('',(#4446),#4588,.F.);
#4844=ADVANCED_FACE('',(#4447),#4589,.F.);
#4845=ADVANCED_FACE('',(#4448),#4590,.T.);
#4846=ADVANCED_FACE('',(#4449),#4591,.T.);
#4847=ADVANCED_FACE('',(#4450),#4592,.F.);
#4848=ADVANCED_FACE('',(#4451),#4593,.F.);
#4849=ADVANCED_FACE('',(#4452),#4594,.F.);
#4850=ADVANCED_FACE('',(#4453),#4595,.T.);
#4851=ADVANCED_FACE('',(#4454,#4455),#4596,.T.);
#4852=ADVANCED_FACE('',(#4456),#4597,.F.);
#4853=ADVANCED_FACE('',(#4457),#4598,.T.);
#4854=ADVANCED_FACE('',(#4458,#4459),#4599,.T.);
#4855=ADVANCED_FACE('',(#4460),#4600,.T.);
#4856=ADVANCED_FACE('',(#4461),#4601,.F.);
#4857=ADVANCED_FACE('',(#4462,#4463),#4602,.T.);
#4858=ADVANCED_FACE('',(#4464),#4603,.T.);
#4859=ADVANCED_FACE('',(#4465),#4604,.F.);
#4860=ADVANCED_FACE('',(#4466,#4467),#4605,.T.);
#4861=CLOSED_SHELL('',(#4606,#4607,#4608,#4609,#4610,#4611,#4612,#4613,
#4614,#4615,#4616,#4617,#4618,#4619,#4620,#4621,#4622,#4623,#4624,#4625,
#4626,#4627,#4628,#4629,#4630,#4631,#4632,#4633,#4634,#4635,#4636,#4637,
#4638,#4639,#4640,#4641,#4642,#4643,#4644,#4645,#4646,#4647,#4648,#4649,
#4650,#4651,#4652,#4653,#4654,#4655,#4656,#4657,#4658,#4659,#4660,#4661,
#4662,#4663,#4664,#4665,#4666,#4667,#4668,#4669,#4670,#4671,#4672,#4673,
#4674,#4675,#4676,#4677,#4678,#4679,#4680,#4681,#4682,#4683,#4684,#4685,
#4686,#4687,#4688,#4689,#4690,#4691,#4692,#4693,#4694,#4695,#4696,#4697,
#4698,#4699,#4700,#4701,#4702,#4703,#4704,#4705,#4706,#4707,#4708,#4709,
#4710,#4711,#4712,#4713,#4714,#4715,#4716,#4717,#4718,#4719,#4720,#4721,
#4722,#4723,#4724,#4725,#4726,#4727,#4728,#4729,#4730,#4731,#4732,#4733,
#4734,#4735,#4736,#4737,#4738,#4739,#4740,#4741,#4742,#4743,#4744,#4745,
#4746,#4747,#4748,#4749,#4750,#4751,#4752,#4753,#4754,#4755,#4756,#4757,
#4758,#4759,#4760,#4761,#4762,#4763,#4764,#4765,#4766,#4767,#4768,#4769,
#4770,#4771,#4772,#4773,#4774,#4775,#4776,#4777,#4778,#4779,#4780,#4781,
#4782,#4783,#4784,#4785,#4786,#4787,#4788,#4789,#4790,#4791,#4792,#4793,
#4794,#4795,#4796,#4797,#4798,#4799,#4800,#4801,#4802,#4803,#4804,#4805,
#4806,#4807,#4808,#4809,#4810,#4811,#4812,#4813,#4814,#4815,#4816,#4817,
#4818,#4819,#4820,#4821,#4822,#4823,#4824,#4825,#4826,#4827,#4828,#4829,
#4830,#4831,#4832,#4833,#4834,#4835,#4836,#4837,#4838,#4839,#4840,#4841,
#4842,#4843,#4844,#4845,#4846,#4847,#4848,#4849,#4850,#4851,#4852,#4853,
#4854,#4855,#4856,#4857,#4858,#4859,#4860));
#4862=STYLED_ITEM('',(#4863),#4870);
#4863=PRESENTATION_STYLE_ASSIGNMENT((#4864));
#4864=SURFACE_STYLE_USAGE(.BOTH.,#4865);
#4865=SURFACE_SIDE_STYLE('',(#4866));
#4866=SURFACE_STYLE_FILL_AREA(#4867);
#4867=FILL_AREA_STYLE('',(#4868));
#4868=FILL_AREA_STYLE_COLOUR('',#4869);
#4869=COLOUR_RGB('',0.615686274509804,0.811764705882353,0.929411764705882);
#4870=MANIFOLD_SOLID_BREP('Part 1',#4861);
#4871=SHAPE_DEFINITION_REPRESENTATION(#8445,#4872);
#4872=SHAPE_REPRESENTATION('Part 1',(#4873),#8440);
#4873=AXIS2_PLACEMENT_3D('',#5857,#5044,#5045);
#4874=AXIS2_PLACEMENT_3D('',#5858,#5046,#5047);
#4875=AXIS2_PLACEMENT_3D('',#5875,#5056,#5057);
#4876=AXIS2_PLACEMENT_3D('',#5889,#5065,#5066);
#4877=AXIS2_PLACEMENT_3D('',#5903,#5074,#5075);
#4878=AXIS2_PLACEMENT_3D('',#5914,#5082,#5083);
#4879=AXIS2_PLACEMENT_3D('',#5915,#5084,#5085);
#4880=AXIS2_PLACEMENT_3D('',#5917,#5086,#5087);
#4881=AXIS2_PLACEMENT_3D('',#5927,#5092,#5093);
#4882=AXIS2_PLACEMENT_3D('',#5954,#5094,#5095);
#4883=AXIS2_PLACEMENT_3D('',#6467,#5188,#5189);
#4884=AXIS2_PLACEMENT_3D('',#6476,#5194,#5195);
#4885=AXIS2_PLACEMENT_3D('',#6485,#5200,#5201);
#4886=AXIS2_PLACEMENT_3D('',#6494,#5206,#5207);
#4887=AXIS2_PLACEMENT_3D('',#6503,#5212,#5213);
#4888=AXIS2_PLACEMENT_3D('',#6528,#5226,#5227);
#4889=AXIS2_PLACEMENT_3D('',#6530,#5228,#5229);
#4890=AXIS2_PLACEMENT_3D('',#6552,#5242,#5243);
#4891=AXIS2_PLACEMENT_3D('',#6553,#5244,#5245);
#4892=AXIS2_PLACEMENT_3D('',#6555,#5246,#5247);
#4893=AXIS2_PLACEMENT_3D('',#6557,#5248,#5249);
#4894=AXIS2_PLACEMENT_3D('',#6558,#5250,#5251);
#4895=AXIS2_PLACEMENT_3D('',#6560,#5252,#5253);
#4896=AXIS2_PLACEMENT_3D('',#6562,#5254,#5255);
#4897=AXIS2_PLACEMENT_3D('',#6565,#5258,#5259);
#4898=AXIS2_PLACEMENT_3D('',#6567,#5261,#5262);
#4899=AXIS2_PLACEMENT_3D('',#6569,#5264,#5265);
#4900=AXIS2_PLACEMENT_3D('',#6570,#5266,#5267);
#4901=AXIS2_PLACEMENT_3D('',#6576,#5271,#5272);
#4902=AXIS2_PLACEMENT_3D('',#6580,#5275,#5276);
#4903=AXIS2_PLACEMENT_3D('',#6584,#5279,#5280);
#4904=AXIS2_PLACEMENT_3D('',#6588,#5283,#5284);
#4905=AXIS2_PLACEMENT_3D('',#6592,#5287,#5288);
#4906=AXIS2_PLACEMENT_3D('',#6596,#5291,#5292);
#4907=AXIS2_PLACEMENT_3D('',#6600,#5295,#5296);
#4908=AXIS2_PLACEMENT_3D('',#6604,#5299,#5300);
#4909=AXIS2_PLACEMENT_3D('',#6608,#5303,#5304);
#4910=AXIS2_PLACEMENT_3D('',#6612,#5307,#5308);
#4911=AXIS2_PLACEMENT_3D('',#6616,#5311,#5312);
#4912=AXIS2_PLACEMENT_3D('',#6620,#5315,#5316);
#4913=AXIS2_PLACEMENT_3D('',#6622,#5318,#5319);
#4914=AXIS2_PLACEMENT_3D('',#6638,#5322,#5323);
#4915=AXIS2_PLACEMENT_3D('',#6759,#5335,#5336);
#4916=AXIS2_PLACEMENT_3D('',#6904,#5349,#5350);
#4917=AXIS2_PLACEMENT_3D('',#6905,#5351,#5352);
#4918=AXIS2_PLACEMENT_3D('',#6911,#5356,#5357);
#4919=AXIS2_PLACEMENT_3D('',#6915,#5360,#5361);
#4920=AXIS2_PLACEMENT_3D('',#6919,#5364,#5365);
#4921=AXIS2_PLACEMENT_3D('',#6923,#5368,#5369);
#4922=AXIS2_PLACEMENT_3D('',#6927,#5372,#5373);
#4923=AXIS2_PLACEMENT_3D('',#6929,#5375,#5376);
#4924=AXIS2_PLACEMENT_3D('',#6930,#5377,#5378);
#4925=AXIS2_PLACEMENT_3D('',#6936,#5382,#5383);
#4926=AXIS2_PLACEMENT_3D('',#6940,#5386,#5387);
#4927=AXIS2_PLACEMENT_3D('',#6944,#5390,#5391);
#4928=AXIS2_PLACEMENT_3D('',#6948,#5394,#5395);
#4929=AXIS2_PLACEMENT_3D('',#6952,#5398,#5399);
#4930=AXIS2_PLACEMENT_3D('',#6956,#5402,#5403);
#4931=AXIS2_PLACEMENT_3D('',#6960,#5406,#5407);
#4932=AXIS2_PLACEMENT_3D('',#6964,#5410,#5411);
#4933=AXIS2_PLACEMENT_3D('',#6968,#5414,#5415);
#4934=AXIS2_PLACEMENT_3D('',#6970,#5417,#5418);
#4935=AXIS2_PLACEMENT_3D('',#6971,#5419,#5420);
#4936=AXIS2_PLACEMENT_3D('',#6977,#5424,#5425);
#4937=AXIS2_PLACEMENT_3D('',#6981,#5428,#5429);
#4938=AXIS2_PLACEMENT_3D('',#6985,#5432,#5433);
#4939=AXIS2_PLACEMENT_3D('',#6989,#5436,#5437);
#4940=AXIS2_PLACEMENT_3D('',#6993,#5440,#5441);
#4941=AXIS2_PLACEMENT_3D('',#6995,#5443,#5444);
#4942=AXIS2_PLACEMENT_3D('',#7011,#5447,#5448);
#4943=AXIS2_PLACEMENT_3D('',#7132,#5460,#5461);
#4944=AXIS2_PLACEMENT_3D('',#7277,#5474,#5475);
#4945=AXIS2_PLACEMENT_3D('',#7278,#5476,#5477);
#4946=AXIS2_PLACEMENT_3D('',#7284,#5481,#5482);
#4947=AXIS2_PLACEMENT_3D('',#7288,#5485,#5486);
#4948=AXIS2_PLACEMENT_3D('',#7292,#5489,#5490);
#4949=AXIS2_PLACEMENT_3D('',#7296,#5493,#5494);
#4950=AXIS2_PLACEMENT_3D('',#7300,#5497,#5498);
#4951=AXIS2_PLACEMENT_3D('',#7304,#5501,#5502);
#4952=AXIS2_PLACEMENT_3D('',#7308,#5505,#5506);
#4953=AXIS2_PLACEMENT_3D('',#7312,#5509,#5510);
#4954=AXIS2_PLACEMENT_3D('',#7316,#5513,#5514);
#4955=AXIS2_PLACEMENT_3D('',#7320,#5517,#5518);
#4956=AXIS2_PLACEMENT_3D('',#7324,#5521,#5522);
#4957=AXIS2_PLACEMENT_3D('',#7328,#5525,#5526);
#4958=AXIS2_PLACEMENT_3D('',#7330,#5528,#5529);
#4959=AXIS2_PLACEMENT_3D('',#7331,#5530,#5531);
#4960=AXIS2_PLACEMENT_3D('',#7337,#5535,#5536);
#4961=AXIS2_PLACEMENT_3D('',#7341,#5539,#5540);
#4962=AXIS2_PLACEMENT_3D('',#7345,#5543,#5544);
#4963=AXIS2_PLACEMENT_3D('',#7347,#5546,#5547);
#4964=AXIS2_PLACEMENT_3D('',#7348,#5548,#5549);
#4965=AXIS2_PLACEMENT_3D('',#7354,#5553,#5554);
#4966=AXIS2_PLACEMENT_3D('',#7358,#5557,#5558);
#4967=AXIS2_PLACEMENT_3D('',#7362,#5561,#5562);
#4968=AXIS2_PLACEMENT_3D('',#7364,#5564,#5565);
#4969=AXIS2_PLACEMENT_3D('',#7365,#5566,#5567);
#4970=AXIS2_PLACEMENT_3D('',#7371,#5571,#5572);
#4971=AXIS2_PLACEMENT_3D('',#7375,#5575,#5576);
#4972=AXIS2_PLACEMENT_3D('',#7379,#5579,#5580);
#4973=AXIS2_PLACEMENT_3D('',#7383,#5583,#5584);
#4974=AXIS2_PLACEMENT_3D('',#7387,#5587,#5588);
#4975=AXIS2_PLACEMENT_3D('',#7391,#5591,#5592);
#4976=AXIS2_PLACEMENT_3D('',#7395,#5595,#5596);
#4977=AXIS2_PLACEMENT_3D('',#7399,#5599,#5600);
#4978=AXIS2_PLACEMENT_3D('',#7403,#5603,#5604);
#4979=AXIS2_PLACEMENT_3D('',#7405,#5606,#5607);
#4980=AXIS2_PLACEMENT_3D('',#7406,#5608,#5609);
#4981=AXIS2_PLACEMENT_3D('',#7415,#5614,#5615);
#4982=AXIS2_PLACEMENT_3D('',#7555,#5628,#5629);
#4983=AXIS2_PLACEMENT_3D('',#7558,#5631,#5632);
#4984=AXIS2_PLACEMENT_3D('',#7637,#5639,#5640);
#4985=AXIS2_PLACEMENT_3D('',#7640,#5642,#5643);
#4986=AXIS2_PLACEMENT_3D('',#7718,#5648,#5649);
#4987=AXIS2_PLACEMENT_3D('',#7719,#5650,#5651);
#4988=AXIS2_PLACEMENT_3D('',#7728,#5656,#5657);
#4989=AXIS2_PLACEMENT_3D('',#8049,#5682,#5683);
#4990=AXIS2_PLACEMENT_3D('',#8065,#5686,#5687);
#4991=AXIS2_PLACEMENT_3D('',#8186,#5699,#5700);
#4992=AXIS2_PLACEMENT_3D('',#8331,#5713,#5714);
#4993=AXIS2_PLACEMENT_3D('',#8332,#5715,#5716);
#4994=AXIS2_PLACEMENT_3D('',#8333,#5717,#5718);
#4995=AXIS2_PLACEMENT_3D('',#8334,#5719,#5720);
#4996=AXIS2_PLACEMENT_3D('',#8340,#5724,#5725);
#4997=AXIS2_PLACEMENT_3D('',#8344,#5728,#5729);
#4998=AXIS2_PLACEMENT_3D('',#8348,#5732,#5733);
#4999=AXIS2_PLACEMENT_3D('',#8350,#5735,#5736);
#5000=AXIS2_PLACEMENT_3D('',#8351,#5737,#5738);
#5001=AXIS2_PLACEMENT_3D('',#8352,#5739,#5740);
#5002=AXIS2_PLACEMENT_3D('',#8353,#5741,#5742);
#5003=AXIS2_PLACEMENT_3D('',#8354,#5743,#5744);
#5004=AXIS2_PLACEMENT_3D('',#8355,#5745,#5746);
#5005=AXIS2_PLACEMENT_3D('',#8356,#5747,#5748);
#5006=AXIS2_PLACEMENT_3D('',#8357,#5749,#5750);
#5007=AXIS2_PLACEMENT_3D('',#8358,#5751,#5752);
#5008=AXIS2_PLACEMENT_3D('',#8359,#5753,#5754);
#5009=AXIS2_PLACEMENT_3D('',#8360,#5755,#5756);
#5010=AXIS2_PLACEMENT_3D('',#8363,#5759,#5760);
#5011=AXIS2_PLACEMENT_3D('',#8365,#5762,#5763);
#5012=AXIS2_PLACEMENT_3D('',#8367,#5765,#5766);
#5013=AXIS2_PLACEMENT_3D('',#8368,#5767,#5768);
#5014=AXIS2_PLACEMENT_3D('',#8371,#5771,#5772);
#5015=AXIS2_PLACEMENT_3D('',#8373,#5774,#5775);
#5016=AXIS2_PLACEMENT_3D('',#8375,#5777,#5778);
#5017=AXIS2_PLACEMENT_3D('',#8376,#5779,#5780);
#5018=AXIS2_PLACEMENT_3D('',#8377,#5781,#5782);
#5019=AXIS2_PLACEMENT_3D('',#8379,#5783,#5784);
#5020=AXIS2_PLACEMENT_3D('',#8393,#5793,#5794);
#5021=AXIS2_PLACEMENT_3D('',#8394,#5795,#5796);
#5022=AXIS2_PLACEMENT_3D('',#8396,#5797,#5798);
#5023=AXIS2_PLACEMENT_3D('',#8397,#5799,#5800);
#5024=AXIS2_PLACEMENT_3D('',#8399,#5801,#5802);
#5025=AXIS2_PLACEMENT_3D('',#8401,#5804,#5805);
#5026=AXIS2_PLACEMENT_3D('',#8402,#5806,#5807);
#5027=AXIS2_PLACEMENT_3D('',#8404,#5809,#5810);
#5028=AXIS2_PLACEMENT_3D('',#8405,#5811,#5812);
#5029=AXIS2_PLACEMENT_3D('',#8407,#5814,#5815);
#5030=AXIS2_PLACEMENT_3D('',#8408,#5816,#5817);
#5031=AXIS2_PLACEMENT_3D('',#8410,#5819,#5820);
#5032=AXIS2_PLACEMENT_3D('',#8411,#5821,#5822);
#5033=AXIS2_PLACEMENT_3D('',#8415,#5825,#5826);
#5034=AXIS2_PLACEMENT_3D('',#8417,#5828,#5829);
#5035=AXIS2_PLACEMENT_3D('',#8418,#5830,#5831);
#5036=AXIS2_PLACEMENT_3D('',#8422,#5834,#5835);
#5037=AXIS2_PLACEMENT_3D('',#8424,#5837,#5838);
#5038=AXIS2_PLACEMENT_3D('',#8425,#5839,#5840);
#5039=AXIS2_PLACEMENT_3D('',#8429,#5843,#5844);
#5040=AXIS2_PLACEMENT_3D('',#8431,#5846,#5847);
#5041=AXIS2_PLACEMENT_3D('',#8432,#5848,#5849);
#5042=AXIS2_PLACEMENT_3D('',#8436,#5852,#5853);
#5043=AXIS2_PLACEMENT_3D('',#8438,#5855,#5856);
#5044=DIRECTION('',(0.,0.,1.));
#5045=DIRECTION('',(1.,0.,0.));
#5046=DIRECTION('',(1.,0.,0.));
#5047=DIRECTION('',(0.,0.,-1.));
#5048=DIRECTION('',(0.,-1.,0.));
#5049=DIRECTION('',(0.,0.,1.));
#5050=DIRECTION('',(0.,-1.,0.));
#5051=DIRECTION('',(0.,0.,1.));
#5052=DIRECTION('',(0.,-1.,0.));
#5053=DIRECTION('',(0.,0.,-1.));
#5054=DIRECTION('',(0.,-1.,0.));
#5055=DIRECTION('',(0.,0.,-1.));
#5056=DIRECTION('',(0.,1.,0.));
#5057=DIRECTION('',(0.,0.,1.));
#5058=DIRECTION('',(0.,0.,1.));
#5059=DIRECTION('',(1.,0.,0.));
#5060=DIRECTION('',(1.,0.,0.));
#5061=DIRECTION('',(0.,0.,-1.));
#5062=DIRECTION('',(1.,0.,0.));
#5063=DIRECTION('',(0.,0.,1.));
#5064=DIRECTION('',(1.,0.,0.));
#5065=DIRECTION('',(1.,0.,0.));
#5066=DIRECTION('',(0.,0.,-1.));
#5067=DIRECTION('',(0.,-1.,0.));
#5068=DIRECTION('',(0.,0.,1.));
#5069=DIRECTION('',(0.,-1.,0.));
#5070=DIRECTION('',(0.,0.,1.));
#5071=DIRECTION('',(0.,-1.,0.));
#5072=DIRECTION('',(0.,-1.,0.));
#5073=DIRECTION('',(0.,0.,-1.));
#5074=DIRECTION('',(0.,1.,0.));
#5075=DIRECTION('',(0.,0.,1.));
#5076=DIRECTION('',(1.,0.,0.));
#5077=DIRECTION('',(1.,0.,0.));
#5078=DIRECTION('',(1.,0.,0.));
#5079=DIRECTION('',(0.,0.,1.));
#5080=DIRECTION('',(1.,0.,0.));
#5081=DIRECTION('',(0.,0.,1.));
#5082=DIRECTION('',(0.,0.,1.));
#5083=DIRECTION('',(1.,0.,0.));
#5084=DIRECTION('',(0.,0.,1.));
#5085=DIRECTION('',(1.,0.,0.));
#5086=DIRECTION('',(0.,0.,1.));
#5087=DIRECTION('',(1.,0.,0.));
#5088=DIRECTION('',(1.,0.,0.));
#5089=DIRECTION('',(0.,-1.,0.));
#5090=DIRECTION('',(1.,0.,0.));
#5091=DIRECTION('',(0.,-1.,0.));
#5092=DIRECTION('',(0.,0.,1.));
#5093=DIRECTION('',(1.,0.,0.));
#5094=DIRECTION('',(0.,0.,1.));
#5095=DIRECTION('',(1.,0.,0.));
#5096=DIRECTION('',(0.,-1.,0.));
#5097=DIRECTION('',(1.,0.,0.));
#5098=DIRECTION('',(0.,-1.,0.));
#5099=DIRECTION('',(1.,0.,0.));
#5100=DIRECTION('',(-0.40860849697911,0.912709754629845,0.));
#5101=DIRECTION('',(-0.732880494278687,-0.680357392188714,0.));
#5102=DIRECTION('',(-0.17137419888166,-0.985206010922421,0.));
#5103=DIRECTION('',(-1.,0.,0.));
#5104=DIRECTION('',(0.171067015891401,0.985259395323897,0.));
#5105=DIRECTION('',(1.,0.,0.));
#5106=DIRECTION('',(-0.171879991772185,-0.985117895699999,0.));
#5107=DIRECTION('',(0.66383315510905,0.747880700498391,0.));
#5108=DIRECTION('',(0.67852727175064,0.73457521159554,0.));
#5109=DIRECTION('',(1.,0.,0.));
#5110=DIRECTION('',(-0.688832331330368,-0.724920698638113,0.));
#5111=DIRECTION('',(0.427130465878573,-0.904190004986979,0.));
#5112=DIRECTION('',(-1.,0.,0.));
#5113=DIRECTION('',(0.999978216355158,0.00660051627957189,0.));
#5114=DIRECTION('',(-0.999994601570403,0.00328585301720916,0.));
#5115=DIRECTION('',(-0.17100168941003,-0.985270735492999,0.));
#5116=DIRECTION('',(1.,0.,0.));
#5117=DIRECTION('',(-0.171396390071085,-0.985202150561295,0.));
#5118=DIRECTION('',(-1.,0.,0.));
#5119=DIRECTION('',(0.171067015891402,0.985259395323897,0.));
#5120=DIRECTION('',(1.,0.,0.));
#5121=DIRECTION('',(-0.170436299783583,-0.985368696334565,0.));
#5122=DIRECTION('',(-1.,0.,0.));
#5123=DIRECTION('',(-0.385090500712727,0.922878814504278,0.));
#5124=DIRECTION('',(-0.171450803061341,-0.98519268274263,0.));
#5125=DIRECTION('',(-1.,0.,0.));
#5126=DIRECTION('',(0.171067015891402,0.985259395323897,0.));
#5127=DIRECTION('',(1.,0.,0.));
#5128=DIRECTION('',(0.384852434077273,-0.922978116742103,0.));
#5129=DIRECTION('',(0.171382191481452,0.985204620595648,0.));
#5130=DIRECTION('',(1.,0.,0.));
#5131=DIRECTION('',(-0.17100168941003,-0.985270735492999,0.));
#5132=DIRECTION('',(1.,0.,0.));
#5133=DIRECTION('',(-0.171396390071091,-0.985202150561294,0.));
#5134=DIRECTION('',(-1.,0.,0.));
#5135=DIRECTION('',(0.171067015891402,0.985259395323897,0.));
#5136=DIRECTION('',(1.,0.,0.));
#5137=DIRECTION('',(0.999978216355158,0.00660051627957143,0.));
#5138=DIRECTION('',(-0.999994601570403,0.00328585301721028,0.));
#5139=DIRECTION('',(-0.40860849697911,0.912709754629846,0.));
#5140=DIRECTION('',(-0.732880494278687,-0.680357392188714,0.));
#5141=DIRECTION('',(-0.17137419888166,-0.985206010922421,0.));
#5142=DIRECTION('',(-1.,0.,0.));
#5143=DIRECTION('',(0.171067015891402,0.985259395323897,0.));
#5144=DIRECTION('',(1.,0.,0.));
#5145=DIRECTION('',(-0.171879991772185,-0.985117895699999,0.));
#5146=DIRECTION('',(0.663833155109051,0.74788070049839,0.));
#5147=DIRECTION('',(0.678527271750641,0.73457521159554,0.));
#5148=DIRECTION('',(1.,0.,0.));
#5149=DIRECTION('',(-0.688832331330367,-0.724920698638114,0.));
#5150=DIRECTION('',(0.427130465878574,-0.904190004986979,0.));
#5151=DIRECTION('',(-1.,0.,0.));
#5152=DIRECTION('',(-0.170436299783583,-0.985368696334565,0.));
#5153=DIRECTION('',(-1.,0.,0.));
#5154=DIRECTION('',(0.170646561803784,0.985332304831496,0.));
#5155=DIRECTION('',(1.,0.,0.));
#5156=DIRECTION('',(-0.170436299783583,-0.985368696334565,0.));
#5157=DIRECTION('',(-1.,0.,0.));
#5158=DIRECTION('',(0.170646561803784,0.985332304831496,0.));
#5159=DIRECTION('',(1.,0.,0.));
#5160=DIRECTION('',(-0.170436299783583,-0.985368696334565,0.));
#5161=DIRECTION('',(-1.,0.,0.));
#5162=DIRECTION('',(-0.385090500712727,0.922878814504278,0.));
#5163=DIRECTION('',(-0.171450803061341,-0.98519268274263,0.));
#5164=DIRECTION('',(-1.,0.,0.));
#5165=DIRECTION('',(0.171067015891402,0.985259395323897,0.));
#5166=DIRECTION('',(1.,0.,0.));
#5167=DIRECTION('',(0.384852434077273,-0.922978116742103,0.));
#5168=DIRECTION('',(0.171382191481452,0.985204620595648,0.));
#5169=DIRECTION('',(1.,0.,0.));
#5170=DIRECTION('',(0.999978216355158,0.00660051627957143,0.));
#5171=DIRECTION('',(-0.999994601570403,0.00328585301721028,0.));
#5172=DIRECTION('',(0.,-1.,0.));
#5173=DIRECTION('',(1.,0.,0.));
#5174=DIRECTION('',(0.,-1.,0.));
#5175=DIRECTION('',(1.,0.,0.));
#5176=DIRECTION('',(0.,-1.,0.));
#5177=DIRECTION('',(1.,0.,0.));
#5178=DIRECTION('',(0.,-1.,0.));
#5179=DIRECTION('',(1.,0.,0.));
#5180=DIRECTION('',(-1.,0.,0.));
#5181=DIRECTION('',(0.,-1.,0.));
#5182=DIRECTION('',(0.,-1.,0.));
#5183=DIRECTION('',(1.,0.,0.));
#5184=DIRECTION('',(1.,0.,0.));
#5185=DIRECTION('',(0.,1.,0.));
#5186=DIRECTION('',(0.,1.,0.));
#5187=DIRECTION('',(-1.,0.,0.));
#5188=DIRECTION('',(0.,-1.,0.));
#5189=DIRECTION('',(0.,0.,-1.));
#5190=DIRECTION('',(1.,0.,0.));
#5191=DIRECTION('',(0.,0.,1.));
#5192=DIRECTION('',(1.,0.,0.));
#5193=DIRECTION('',(0.,0.,1.));
#5194=DIRECTION('',(-1.,0.,0.));
#5195=DIRECTION('',(0.,0.,1.));
#5196=DIRECTION('',(0.,0.,1.));
#5197=DIRECTION('',(0.,-1.,0.));
#5198=DIRECTION('',(0.,0.,1.));
#5199=DIRECTION('',(0.,-1.,0.));
#5200=DIRECTION('',(1.19636101791504E-16,1.,0.));
#5201=DIRECTION('',(-1.,1.19636101791504E-16,0.));
#5202=DIRECTION('',(-1.,1.19636101791504E-16,0.));
#5203=DIRECTION('',(0.,0.,1.));
#5204=DIRECTION('',(-1.,1.19636101791504E-16,0.));
#5205=DIRECTION('',(0.,0.,1.));
#5206=DIRECTION('',(-1.,0.,0.));
#5207=DIRECTION('',(0.,0.,1.));
#5208=DIRECTION('',(0.,0.,1.));
#5209=DIRECTION('',(0.,-1.,0.));
#5210=DIRECTION('',(0.,0.,1.));
#5211=DIRECTION('',(0.,-1.,0.));
#5212=DIRECTION('',(0.,0.,1.));
#5213=DIRECTION('',(1.,0.,0.));
#5214=DIRECTION('',(1.,0.,0.));
#5215=DIRECTION('',(0.,-1.,0.));
#5216=DIRECTION('',(1.,0.,0.));
#5217=DIRECTION('',(0.,-1.,0.));
#5218=DIRECTION('',(1.,0.,0.));
#5219=DIRECTION('',(0.,-1.,0.));
#5220=DIRECTION('',(1.,0.,0.));
#5221=DIRECTION('',(0.,-1.,0.));
#5222=DIRECTION('',(1.,0.,0.));
#5223=DIRECTION('',(0.,-1.,0.));
#5224=DIRECTION('',(1.,0.,0.));
#5225=DIRECTION('',(0.,-1.,0.));
#5226=DIRECTION('',(0.,0.,1.));
#5227=DIRECTION('',(1.,0.,0.));
#5228=DIRECTION('',(0.,0.,1.));
#5229=DIRECTION('',(1.,0.,0.));
#5230=DIRECTION('',(1.,0.,0.));
#5231=DIRECTION('',(0.,-1.,0.));
#5232=DIRECTION('',(1.,0.,0.));
#5233=DIRECTION('',(0.,-1.,0.));
#5234=DIRECTION('',(0.,1.,0.));
#5235=DIRECTION('',(-1.,0.,0.));
#5236=DIRECTION('',(-1.,0.,0.));
#5237=DIRECTION('',(0.,-1.,0.));
#5238=DIRECTION('',(0.,-1.,0.));
#5239=DIRECTION('',(1.,0.,0.));
#5240=DIRECTION('',(1.,0.,0.));
#5241=DIRECTION('',(0.,1.,0.));
#5242=DIRECTION('',(0.,0.,1.));
#5243=DIRECTION('',(1.,0.,0.));
#5244=DIRECTION('',(0.,0.,1.));
#5245=DIRECTION('',(1.,0.,0.));
#5246=DIRECTION('',(0.,0.,1.));
#5247=DIRECTION('',(1.,0.,0.));
#5248=DIRECTION('',(0.,0.,1.));
#5249=DIRECTION('',(1.,0.,0.));
#5250=DIRECTION('',(0.,0.,1.));
#5251=DIRECTION('',(1.,0.,0.));
#5252=DIRECTION('',(0.,0.,1.));
#5253=DIRECTION('',(1.,0.,0.));
#5254=DIRECTION('',(0.,-1.,0.));
#5255=DIRECTION('',(0.,0.,-1.));
#5256=DIRECTION('',(0.,0.,1.));
#5257=DIRECTION('',(0.,0.,1.));
#5258=DIRECTION('',(-1.,0.,0.));
#5259=DIRECTION('',(0.,0.,1.));
#5260=DIRECTION('',(0.,0.,1.));
#5261=DIRECTION('',(0.,-1.,0.));
#5262=DIRECTION('',(0.,0.,-1.));
#5263=DIRECTION('',(0.,0.,1.));
#5264=DIRECTION('',(-1.,0.,0.));
#5265=DIRECTION('',(0.,0.,1.));
#5266=DIRECTION('',(-0.680357392188714,0.732880494278687,0.));
#5267=DIRECTION('',(-0.732880494278687,-0.680357392188714,0.));
#5268=DIRECTION('',(0.,0.,1.));
#5269=DIRECTION('',(-0.732880494278687,-0.680357392188714,0.));
#5270=DIRECTION('',(0.,0.,1.));
#5271=DIRECTION('',(0.912709754629845,0.40860849697911,0.));
#5272=DIRECTION('',(-0.40860849697911,0.912709754629845,0.));
#5273=DIRECTION('',(0.,0.,1.));
#5274=DIRECTION('',(-0.40860849697911,0.912709754629845,0.));
#5275=DIRECTION('',(0.,1.,0.));
#5276=DIRECTION('',(0.,0.,1.));
#5277=DIRECTION('',(0.,0.,1.));
#5278=DIRECTION('',(-1.,0.,0.));
#5279=DIRECTION('',(-0.904190004986979,-0.427130465878573,0.));
#5280=DIRECTION('',(0.427130465878573,-0.904190004986979,0.));
#5281=DIRECTION('',(0.,0.,1.));
#5282=DIRECTION('',(0.427130465878573,-0.904190004986979,0.));
#5283=DIRECTION('',(-0.724920698638113,0.688832331330368,0.));
#5284=DIRECTION('',(-0.688832331330368,-0.724920698638113,0.));
#5285=DIRECTION('',(0.,0.,1.));
#5286=DIRECTION('',(-0.688832331330368,-0.724920698638113,0.));
#5287=DIRECTION('',(0.,-1.,0.));
#5288=DIRECTION('',(0.,0.,-1.));
#5289=DIRECTION('',(0.,0.,1.));
#5290=DIRECTION('',(1.,0.,0.));
#5291=DIRECTION('',(0.73457521159554,-0.67852727175064,0.));
#5292=DIRECTION('',(0.67852727175064,0.73457521159554,0.));
#5293=DIRECTION('',(0.,0.,1.));
#5294=DIRECTION('',(0.67852727175064,0.73457521159554,0.));
#5295=DIRECTION('',(0.747880700498391,-0.66383315510905,0.));
#5296=DIRECTION('',(0.66383315510905,0.747880700498391,0.));
#5297=DIRECTION('',(0.,0.,1.));
#5298=DIRECTION('',(0.66383315510905,0.747880700498391,0.));
#5299=DIRECTION('',(-0.985117895699999,0.171879991772185,0.));
#5300=DIRECTION('',(-0.171879991772185,-0.985117895699999,0.));
#5301=DIRECTION('',(0.,0.,1.));
#5302=DIRECTION('',(-0.171879991772185,-0.985117895699999,0.));
#5303=DIRECTION('',(0.,-1.,0.));
#5304=DIRECTION('',(0.,0.,-1.));
#5305=DIRECTION('',(0.,0.,1.));
#5306=DIRECTION('',(1.,0.,0.));
#5307=DIRECTION('',(0.985259395323897,-0.171067015891401,0.));
#5308=DIRECTION('',(0.171067015891401,0.985259395323897,0.));
#5309=DIRECTION('',(0.,0.,1.));
#5310=DIRECTION('',(0.171067015891401,0.985259395323897,0.));
#5311=DIRECTION('',(0.,1.,0.));
#5312=DIRECTION('',(0.,0.,1.));
#5313=DIRECTION('',(0.,0.,1.));
#5314=DIRECTION('',(-1.,0.,0.));
#5315=DIRECTION('',(-0.985206010922421,0.17137419888166,0.));
#5316=DIRECTION('',(-0.17137419888166,-0.985206010922421,0.));
#5317=DIRECTION('',(-0.17137419888166,-0.985206010922421,0.));
#5318=DIRECTION('',(0.,0.,1.));
#5319=DIRECTION('',(1.,0.,0.));
#5320=DIRECTION('',(0.,0.,1.));
#5321=DIRECTION('',(0.,0.,1.));
#5322=DIRECTION('',(0.00660051627957189,-0.999978216355158,0.));
#5323=DIRECTION('',(0.999978216355158,0.00660051627957189,0.));
#5324=DIRECTION('',(0.,0.,1.));
#5325=DIRECTION('',(0.999978216355158,0.00660051627957189,0.));
#5326=DIRECTION('',(0.,0.,1.));
#5327=DIRECTION('',(0.,0.,1.));
#5328=DIRECTION('',(0.,0.,1.));
#5329=DIRECTION('',(0.,0.,1.));
#5330=DIRECTION('',(0.,0.,1.));
#5331=DIRECTION('',(0.,0.,1.));
#5332=DIRECTION('',(0.,0.,1.));
#5333=DIRECTION('',(0.,0.,1.));
#5334=DIRECTION('',(0.,0.,1.));
#5335=DIRECTION('',(0.00328585301720916,0.999994601570403,0.));
#5336=DIRECTION('',(-0.999994601570403,0.00328585301720916,0.));
#5337=DIRECTION('',(0.,0.,1.));
#5338=DIRECTION('',(-0.999994601570403,0.00328585301720916,0.));
#5339=DIRECTION('',(0.,0.,1.));
#5340=DIRECTION('',(0.,0.,1.));
#5341=DIRECTION('',(0.,0.,1.));
#5342=DIRECTION('',(0.,0.,1.));
#5343=DIRECTION('',(0.,0.,1.));
#5344=DIRECTION('',(0.,0.,1.));
#5345=DIRECTION('',(0.,0.,1.));
#5346=DIRECTION('',(0.,0.,1.));
#5347=DIRECTION('',(0.,0.,1.));
#5348=DIRECTION('',(0.,0.,1.));
#5349=DIRECTION('',(0.,0.,1.));
#5350=DIRECTION('',(1.,0.,0.));
#5351=DIRECTION('',(0.,-1.,0.));
#5352=DIRECTION('',(0.,0.,-1.));
#5353=DIRECTION('',(0.,0.,1.));
#5354=DIRECTION('',(1.,0.,0.));
#5355=DIRECTION('',(0.,0.,1.));
#5356=DIRECTION('',(-0.985270735492999,0.17100168941003,0.));
#5357=DIRECTION('',(-0.17100168941003,-0.985270735492999,0.));
#5358=DIRECTION('',(0.,0.,1.));
#5359=DIRECTION('',(-0.17100168941003,-0.985270735492999,0.));
#5360=DIRECTION('',(0.,-1.,0.));
#5361=DIRECTION('',(0.,0.,-1.));
#5362=DIRECTION('',(0.,0.,1.));
#5363=DIRECTION('',(1.,0.,0.));
#5364=DIRECTION('',(0.985259395323897,-0.171067015891402,0.));
#5365=DIRECTION('',(0.171067015891402,0.985259395323897,0.));
#5366=DIRECTION('',(0.,0.,1.));
#5367=DIRECTION('',(0.171067015891402,0.985259395323897,0.));
#5368=DIRECTION('',(0.,1.,0.));
#5369=DIRECTION('',(0.,0.,1.));
#5370=DIRECTION('',(0.,0.,1.));
#5371=DIRECTION('',(-1.,0.,0.));
#5372=DIRECTION('',(-0.985202150561295,0.171396390071085,0.));
#5373=DIRECTION('',(-0.171396390071085,-0.985202150561295,0.));
#5374=DIRECTION('',(-0.171396390071085,-0.985202150561295,0.));
#5375=DIRECTION('',(0.,0.,1.));
#5376=DIRECTION('',(1.,0.,0.));
#5377=DIRECTION('',(0.,1.,0.));
#5378=DIRECTION('',(0.,0.,1.));
#5379=DIRECTION('',(0.,0.,1.));
#5380=DIRECTION('',(-1.,0.,0.));
#5381=DIRECTION('',(0.,0.,1.));
#5382=DIRECTION('',(-0.985368696334565,0.170436299783583,0.));
#5383=DIRECTION('',(-0.170436299783583,-0.985368696334565,0.));
#5384=DIRECTION('',(0.,0.,1.));
#5385=DIRECTION('',(-0.170436299783583,-0.985368696334565,0.));
#5386=DIRECTION('',(0.,-1.,0.));
#5387=DIRECTION('',(0.,0.,-1.));
#5388=DIRECTION('',(0.,0.,1.));
#5389=DIRECTION('',(1.,0.,0.));
#5390=DIRECTION('',(0.985204620595648,-0.171382191481452,0.));
#5391=DIRECTION('',(0.171382191481452,0.985204620595648,0.));
#5392=DIRECTION('',(0.,0.,1.));
#5393=DIRECTION('',(0.171382191481452,0.985204620595648,0.));
#5394=DIRECTION('',(-0.922978116742103,-0.384852434077273,0.));
#5395=DIRECTION('',(0.384852434077273,-0.922978116742103,0.));
#5396=DIRECTION('',(0.,0.,1.));
#5397=DIRECTION('',(0.384852434077273,-0.922978116742103,0.));
#5398=DIRECTION('',(0.,-1.,0.));
#5399=DIRECTION('',(0.,0.,-1.));
#5400=DIRECTION('',(0.,0.,1.));
#5401=DIRECTION('',(1.,0.,0.));
#5402=DIRECTION('',(0.985259395323897,-0.171067015891402,0.));
#5403=DIRECTION('',(0.171067015891402,0.985259395323897,0.));
#5404=DIRECTION('',(0.,0.,1.));
#5405=DIRECTION('',(0.171067015891402,0.985259395323897,0.));
#5406=DIRECTION('',(0.,1.,0.));
#5407=DIRECTION('',(0.,0.,1.));
#5408=DIRECTION('',(0.,0.,1.));
#5409=DIRECTION('',(-1.,0.,0.));
#5410=DIRECTION('',(-0.985192682742631,0.171450803061341,0.));
#5411=DIRECTION('',(-0.171450803061341,-0.985192682742631,0.));
#5412=DIRECTION('',(0.,0.,1.));
#5413=DIRECTION('',(-0.171450803061341,-0.98519268274263,0.));
#5414=DIRECTION('',(0.922878814504278,0.385090500712727,0.));
#5415=DIRECTION('',(-0.385090500712727,0.922878814504278,0.));
#5416=DIRECTION('',(-0.385090500712727,0.922878814504278,0.));
#5417=DIRECTION('',(0.,0.,1.));
#5418=DIRECTION('',(1.,0.,0.));
#5419=DIRECTION('',(0.,-1.,0.));
#5420=DIRECTION('',(0.,0.,-1.));
#5421=DIRECTION('',(0.,0.,1.));
#5422=DIRECTION('',(1.,0.,0.));
#5423=DIRECTION('',(0.,0.,1.));
#5424=DIRECTION('',(-0.985270735492999,0.17100168941003,0.));
#5425=DIRECTION('',(-0.17100168941003,-0.985270735492999,0.));
#5426=DIRECTION('',(0.,0.,1.));
#5427=DIRECTION('',(-0.17100168941003,-0.985270735492999,0.));
#5428=DIRECTION('',(0.,-1.,0.));
#5429=DIRECTION('',(0.,0.,-1.));
#5430=DIRECTION('',(0.,0.,1.));
#5431=DIRECTION('',(1.,0.,0.));
#5432=DIRECTION('',(0.985259395323897,-0.171067015891402,0.));
#5433=DIRECTION('',(0.171067015891402,0.985259395323897,0.));
#5434=DIRECTION('',(0.,0.,1.));
#5435=DIRECTION('',(0.171067015891402,0.985259395323897,0.));
#5436=DIRECTION('',(0.,1.,0.));
#5437=DIRECTION('',(0.,0.,1.));
#5438=DIRECTION('',(0.,0.,1.));
#5439=DIRECTION('',(-1.,0.,0.));
#5440=DIRECTION('',(-0.985202150561294,0.171396390071091,0.));
#5441=DIRECTION('',(-0.171396390071091,-0.985202150561294,0.));
#5442=DIRECTION('',(-0.171396390071091,-0.985202150561294,0.));
#5443=DIRECTION('',(0.,0.,1.));
#5444=DIRECTION('',(1.,0.,0.));
#5445=DIRECTION('',(0.,0.,1.));
#5446=DIRECTION('',(0.,0.,1.));
#5447=DIRECTION('',(0.00660051627957143,-0.999978216355158,0.));
#5448=DIRECTION('',(0.999978216355158,0.00660051627957143,0.));
#5449=DIRECTION('',(0.,0.,1.));
#5450=DIRECTION('',(0.999978216355158,0.00660051627957143,0.));
#5451=DIRECTION('',(0.,0.,1.));
#5452=DIRECTION('',(0.,0.,1.));
#5453=DIRECTION('',(0.,0.,1.));
#5454=DIRECTION('',(0.,0.,1.));
#5455=DIRECTION('',(0.,0.,1.));
#5456=DIRECTION('',(0.,0.,1.));
#5457=DIRECTION('',(0.,0.,1.));
#5458=DIRECTION('',(0.,0.,1.));
#5459=DIRECTION('',(0.,0.,1.));
#5460=DIRECTION('',(0.00328585301721028,0.999994601570403,0.));
#5461=DIRECTION('',(-0.999994601570403,0.00328585301721028,0.));
#5462=DIRECTION('',(0.,0.,1.));
#5463=DIRECTION('',(-0.999994601570403,0.00328585301721028,0.));
#5464=DIRECTION('',(0.,0.,1.));
#5465=DIRECTION('',(0.,0.,1.));
#5466=DIRECTION('',(0.,0.,1.));
#5467=DIRECTION('',(0.,0.,1.));
#5468=DIRECTION('',(0.,0.,1.));
#5469=DIRECTION('',(0.,0.,1.));
#5470=DIRECTION('',(0.,0.,1.));
#5471=DIRECTION('',(0.,0.,1.));
#5472=DIRECTION('',(0.,0.,1.));
#5473=DIRECTION('',(0.,0.,1.));
#5474=DIRECTION('',(0.,0.,1.));
#5475=DIRECTION('',(1.,0.,0.));
#5476=DIRECTION('',(-0.680357392188714,0.732880494278687,0.));
#5477=DIRECTION('',(-0.732880494278687,-0.680357392188714,0.));
#5478=DIRECTION('',(0.,0.,1.));
#5479=DIRECTION('',(-0.732880494278687,-0.680357392188714,0.));
#5480=DIRECTION('',(0.,0.,1.));
#5481=DIRECTION('',(0.912709754629846,0.40860849697911,0.));
#5482=DIRECTION('',(-0.40860849697911,0.912709754629846,0.));
#5483=DIRECTION('',(0.,0.,1.));
#5484=DIRECTION('',(-0.40860849697911,0.912709754629846,0.));
#5485=DIRECTION('',(0.,1.,0.));
#5486=DIRECTION('',(0.,0.,1.));
#5487=DIRECTION('',(0.,0.,1.));
#5488=DIRECTION('',(-1.,0.,0.));
#5489=DIRECTION('',(-0.904190004986979,-0.427130465878574,0.));
#5490=DIRECTION('',(0.427130465878574,-0.904190004986979,0.));
#5491=DIRECTION('',(0.,0.,1.));
#5492=DIRECTION('',(0.427130465878574,-0.904190004986979,0.));
#5493=DIRECTION('',(-0.724920698638114,0.688832331330367,0.));
#5494=DIRECTION('',(-0.688832331330367,-0.724920698638114,0.));
#5495=DIRECTION('',(0.,0.,1.));
#5496=DIRECTION('',(-0.688832331330367,-0.724920698638114,0.));
#5497=DIRECTION('',(0.,-1.,0.));
#5498=DIRECTION('',(0.,0.,-1.));
#5499=DIRECTION('',(0.,0.,1.));
#5500=DIRECTION('',(1.,0.,0.));
#5501=DIRECTION('',(0.73457521159554,-0.678527271750641,0.));
#5502=DIRECTION('',(0.678527271750641,0.73457521159554,0.));
#5503=DIRECTION('',(0.,0.,1.));
#5504=DIRECTION('',(0.678527271750641,0.73457521159554,0.));
#5505=DIRECTION('',(0.74788070049839,-0.663833155109051,0.));
#5506=DIRECTION('',(0.663833155109051,0.74788070049839,0.));
#5507=DIRECTION('',(0.,0.,1.));
#5508=DIRECTION('',(0.663833155109051,0.74788070049839,0.));
#5509=DIRECTION('',(-0.985117895699999,0.171879991772185,0.));
#5510=DIRECTION('',(-0.171879991772185,-0.985117895699999,0.));
#5511=DIRECTION('',(0.,0.,1.));
#5512=DIRECTION('',(-0.171879991772185,-0.985117895699999,0.));
#5513=DIRECTION('',(0.,-1.,0.));
#5514=DIRECTION('',(0.,0.,-1.));
#5515=DIRECTION('',(0.,0.,1.));
#5516=DIRECTION('',(1.,0.,0.));
#5517=DIRECTION('',(0.985259395323897,-0.171067015891402,0.));
#5518=DIRECTION('',(0.171067015891402,0.985259395323897,0.));
#5519=DIRECTION('',(0.,0.,1.));
#5520=DIRECTION('',(0.171067015891402,0.985259395323897,0.));
#5521=DIRECTION('',(0.,1.,0.));
#5522=DIRECTION('',(0.,0.,1.));
#5523=DIRECTION('',(0.,0.,1.));
#5524=DIRECTION('',(-1.,0.,0.));
#5525=DIRECTION('',(-0.985206010922421,0.17137419888166,0.));
#5526=DIRECTION('',(-0.17137419888166,-0.985206010922421,0.));
#5527=DIRECTION('',(-0.17137419888166,-0.985206010922421,0.));
#5528=DIRECTION('',(0.,0.,1.));
#5529=DIRECTION('',(1.,0.,0.));
#5530=DIRECTION('',(0.,1.,0.));
#5531=DIRECTION('',(0.,0.,1.));
#5532=DIRECTION('',(0.,0.,1.));
#5533=DIRECTION('',(-1.,0.,0.));
#5534=DIRECTION('',(0.,0.,1.));
#5535=DIRECTION('',(-0.985368696334565,0.170436299783583,0.));
#5536=DIRECTION('',(-0.170436299783583,-0.985368696334565,0.));
#5537=DIRECTION('',(0.,0.,1.));
#5538=DIRECTION('',(-0.170436299783583,-0.985368696334565,0.));
#5539=DIRECTION('',(0.,-1.,0.));
#5540=DIRECTION('',(0.,0.,-1.));
#5541=DIRECTION('',(0.,0.,1.));
#5542=DIRECTION('',(1.,0.,0.));
#5543=DIRECTION('',(0.985332304831496,-0.170646561803784,0.));
#5544=DIRECTION('',(0.170646561803784,0.985332304831496,0.));
#5545=DIRECTION('',(0.170646561803784,0.985332304831496,0.));
#5546=DIRECTION('',(0.,0.,1.));
#5547=DIRECTION('',(1.,0.,0.));
#5548=DIRECTION('',(0.,1.,0.));
#5549=DIRECTION('',(0.,0.,1.));
#5550=DIRECTION('',(0.,0.,1.));
#5551=DIRECTION('',(-1.,0.,0.));
#5552=DIRECTION('',(0.,0.,1.));
#5553=DIRECTION('',(-0.985368696334565,0.170436299783583,0.));
#5554=DIRECTION('',(-0.170436299783583,-0.985368696334565,0.));
#5555=DIRECTION('',(0.,0.,1.));
#5556=DIRECTION('',(-0.170436299783583,-0.985368696334565,0.));
#5557=DIRECTION('',(0.,-1.,0.));
#5558=DIRECTION('',(0.,0.,-1.));
#5559=DIRECTION('',(0.,0.,1.));
#5560=DIRECTION('',(1.,0.,0.));
#5561=DIRECTION('',(0.985332304831496,-0.170646561803784,0.));
#5562=DIRECTION('',(0.170646561803784,0.985332304831496,0.));
#5563=DIRECTION('',(0.170646561803784,0.985332304831496,0.));
#5564=DIRECTION('',(0.,0.,1.));
#5565=DIRECTION('',(1.,0.,0.));
#5566=DIRECTION('',(0.,1.,0.));
#5567=DIRECTION('',(0.,0.,1.));
#5568=DIRECTION('',(0.,0.,1.));
#5569=DIRECTION('',(-1.,0.,0.));
#5570=DIRECTION('',(0.,0.,1.));
#5571=DIRECTION('',(-0.985368696334565,0.170436299783583,0.));
#5572=DIRECTION('',(-0.170436299783583,-0.985368696334565,0.));
#5573=DIRECTION('',(0.,0.,1.));
#5574=DIRECTION('',(-0.170436299783583,-0.985368696334565,0.));
#5575=DIRECTION('',(0.,-1.,0.));
#5576=DIRECTION('',(0.,0.,-1.));
#5577=DIRECTION('',(0.,0.,1.));
#5578=DIRECTION('',(1.,0.,0.));
#5579=DIRECTION('',(0.985204620595648,-0.171382191481452,0.));
#5580=DIRECTION('',(0.171382191481452,0.985204620595648,0.));
#5581=DIRECTION('',(0.,0.,1.));
#5582=DIRECTION('',(0.171382191481452,0.985204620595648,0.));
#5583=DIRECTION('',(-0.922978116742103,-0.384852434077273,0.));
#5584=DIRECTION('',(0.384852434077273,-0.922978116742103,0.));
#5585=DIRECTION('',(0.,0.,1.));
#5586=DIRECTION('',(0.384852434077273,-0.922978116742103,0.));
#5587=DIRECTION('',(0.,-1.,0.));
#5588=DIRECTION('',(0.,0.,-1.));
#5589=DIRECTION('',(0.,0.,1.));
#5590=DIRECTION('',(1.,0.,0.));
#5591=DIRECTION('',(0.985259395323897,-0.171067015891402,0.));
#5592=DIRECTION('',(0.171067015891402,0.985259395323897,0.));
#5593=DIRECTION('',(0.,0.,1.));
#5594=DIRECTION('',(0.171067015891402,0.985259395323897,0.));
#5595=DIRECTION('',(0.,1.,0.));
#5596=DIRECTION('',(0.,0.,1.));
#5597=DIRECTION('',(0.,0.,1.));
#5598=DIRECTION('',(-1.,0.,0.));
#5599=DIRECTION('',(-0.985192682742631,0.171450803061341,0.));
#5600=DIRECTION('',(-0.171450803061341,-0.985192682742631,0.));
#5601=DIRECTION('',(0.,0.,1.));
#5602=DIRECTION('',(-0.171450803061341,-0.98519268274263,0.));
#5603=DIRECTION('',(0.922878814504278,0.385090500712727,0.));
#5604=DIRECTION('',(-0.385090500712727,0.922878814504278,0.));
#5605=DIRECTION('',(-0.385090500712727,0.922878814504278,0.));
#5606=DIRECTION('',(0.,0.,1.));
#5607=DIRECTION('',(1.,0.,0.));
#5608=DIRECTION('',(0.996475993449119,-0.0838784506270347,0.));
#5609=DIRECTION('',(0.0838784506270347,0.996475993449119,0.));
#5610=DIRECTION('',(0.0838784506270347,0.996475993449119,0.));
#5611=DIRECTION('',(0.,0.,1.));
#5612=DIRECTION('',(0.0838784506270347,0.996475993449119,0.));
#5613=DIRECTION('',(0.,0.,1.));
#5614=DIRECTION('',(0.99163309870359,-0.129088332375613,0.));
#5615=DIRECTION('',(0.129088332375613,0.99163309870359,0.));
#5616=DIRECTION('',(0.129088332375613,0.99163309870359,0.));
#5617=DIRECTION('',(0.,0.,1.));
#5618=DIRECTION('',(0.129088332375613,0.99163309870359,0.));
#5619=DIRECTION('',(0.,0.,1.));
#5620=DIRECTION('',(0.,0.,1.));
#5621=DIRECTION('',(0.,0.,1.));
#5622=DIRECTION('',(0.,0.,1.));
#5623=DIRECTION('',(0.,0.,1.));
#5624=DIRECTION('',(0.,0.,1.));
#5625=DIRECTION('',(0.,0.,1.));
#5626=DIRECTION('',(0.,0.,1.));
#5627=DIRECTION('',(0.,0.,1.));
#5628=DIRECTION('',(0.,0.,1.));
#5629=DIRECTION('',(0.218428720874704,-0.975852905871085,0.));
#5630=DIRECTION('',(0.,0.,1.));
#5631=DIRECTION('',(0.,0.,1.));
#5632=DIRECTION('',(1.,0.,0.));
#5633=DIRECTION('',(0.,0.,1.));
#5634=DIRECTION('',(0.,0.,1.));
#5635=DIRECTION('',(0.,0.,1.));
#5636=DIRECTION('',(0.,0.,1.));
#5637=DIRECTION('',(0.,0.,1.));
#5638=DIRECTION('',(0.,0.,1.));
#5639=DIRECTION('',(0.,0.,1.));
#5640=DIRECTION('',(-0.221761682712757,0.975100895333609,0.));
#5641=DIRECTION('',(0.,0.,1.));
#5642=DIRECTION('',(0.,0.,1.));
#5643=DIRECTION('',(1.,0.,0.));
#5644=DIRECTION('',(0.,0.,1.));
#5645=DIRECTION('',(0.,0.,1.));
#5646=DIRECTION('',(0.,0.,1.));
#5647=DIRECTION('',(0.,0.,1.));
#5648=DIRECTION('',(0.,0.,1.));
#5649=DIRECTION('',(1.,0.,0.));
#5650=DIRECTION('',(0.996475993449118,-0.0838784506270404,0.));
#5651=DIRECTION('',(0.0838784506270404,0.996475993449118,0.));
#5652=DIRECTION('',(0.0838784506270404,0.996475993449118,0.));
#5653=DIRECTION('',(0.,0.,1.));
#5654=DIRECTION('',(0.0838784506270404,0.996475993449118,0.));
#5655=DIRECTION('',(0.,0.,1.));
#5656=DIRECTION('',(0.99163309870359,-0.12908833237561,0.));
#5657=DIRECTION('',(0.12908833237561,0.99163309870359,0.));
#5658=DIRECTION('',(0.12908833237561,0.99163309870359,0.));
#5659=DIRECTION('',(0.,0.,1.));
#5660=DIRECTION('',(0.12908833237561,0.99163309870359,0.));
#5661=DIRECTION('',(0.,0.,1.));
#5662=DIRECTION('',(0.,0.,1.));
#5663=DIRECTION('',(0.,0.,1.));
#5664=DIRECTION('',(0.,0.,1.));
#5665=DIRECTION('',(0.,0.,1.));
#5666=DIRECTION('',(0.,0.,1.));
#5667=DIRECTION('',(0.,0.,1.));
#5668=DIRECTION('',(0.,0.,1.));
#5669=DIRECTION('',(0.,0.,1.));
#5670=DIRECTION('',(0.,0.,1.));
#5671=DIRECTION('',(0.,0.,1.));
#5672=DIRECTION('',(0.,0.,1.));
#5673=DIRECTION('',(0.,0.,1.));
#5674=DIRECTION('',(0.,0.,1.));
#5675=DIRECTION('',(0.,0.,1.));
#5676=DIRECTION('',(0.,0.,1.));
#5677=DIRECTION('',(0.,0.,1.));
#5678=DIRECTION('',(0.,0.,1.));
#5679=DIRECTION('',(0.,0.,1.));
#5680=DIRECTION('',(0.,0.,1.));
#5681=DIRECTION('',(0.,0.,1.));
#5682=DIRECTION('',(0.,0.,1.));
#5683=DIRECTION('',(1.,0.,0.));
#5684=DIRECTION('',(0.,0.,1.));
#5685=DIRECTION('',(0.,0.,1.));
#5686=DIRECTION('',(0.00660051627957143,-0.999978216355158,0.));
#5687=DIRECTION('',(0.999978216355158,0.00660051627957143,0.));
#5688=DIRECTION('',(0.,0.,1.));
#5689=DIRECTION('',(0.999978216355158,0.00660051627957143,0.));
#5690=DIRECTION('',(0.,0.,1.));
#5691=DIRECTION('',(0.,0.,1.));
#5692=DIRECTION('',(0.,0.,1.));
#5693=DIRECTION('',(0.,0.,1.));
#5694=DIRECTION('',(0.,0.,1.));
#5695=DIRECTION('',(0.,0.,1.));
#5696=DIRECTION('',(0.,0.,1.));
#5697=DIRECTION('',(0.,0.,1.));
#5698=DIRECTION('',(0.,0.,1.));
#5699=DIRECTION('',(0.00328585301721028,0.999994601570403,0.));
#5700=DIRECTION('',(-0.999994601570403,0.00328585301721028,0.));
#5701=DIRECTION('',(0.,0.,1.));
#5702=DIRECTION('',(-0.999994601570403,0.00328585301721028,0.));
#5703=DIRECTION('',(0.,0.,1.));
#5704=DIRECTION('',(0.,0.,1.));
#5705=DIRECTION('',(0.,0.,1.));
#5706=DIRECTION('',(0.,0.,1.));
#5707=DIRECTION('',(0.,0.,1.));
#5708=DIRECTION('',(0.,0.,1.));
#5709=DIRECTION('',(0.,0.,1.));
#5710=DIRECTION('',(0.,0.,1.));
#5711=DIRECTION('',(0.,0.,1.));
#5712=DIRECTION('',(0.,0.,1.));
#5713=DIRECTION('',(0.,0.,1.));
#5714=DIRECTION('',(1.,0.,0.));
#5715=DIRECTION('',(0.,0.,1.));
#5716=DIRECTION('',(1.,0.,0.));
#5717=DIRECTION('',(0.,0.,1.));
#5718=DIRECTION('',(1.,0.,0.));
#5719=DIRECTION('',(0.,-1.,0.));
#5720=DIRECTION('',(0.,0.,-1.));
#5721=DIRECTION('',(0.,0.,1.));
#5722=DIRECTION('',(1.,0.,0.));
#5723=DIRECTION('',(0.,0.,1.));
#5724=DIRECTION('',(-1.,0.,0.));
#5725=DIRECTION('',(0.,0.,1.));
#5726=DIRECTION('',(0.,-1.,0.));
#5727=DIRECTION('',(0.,0.,1.));
#5728=DIRECTION('',(0.,-1.,0.));
#5729=DIRECTION('',(0.,0.,-1.));
#5730=DIRECTION('',(1.,0.,0.));
#5731=DIRECTION('',(0.,0.,1.));
#5732=DIRECTION('',(-1.,0.,0.));
#5733=DIRECTION('',(0.,0.,1.));
#5734=DIRECTION('',(0.,-1.,0.));
#5735=DIRECTION('',(0.,1.,0.));
#5736=DIRECTION('',(0.,0.,1.));
#5737=DIRECTION('',(-0.707106781186548,0.707106781186548,0.));
#5738=DIRECTION('',(-0.707106781186548,-0.707106781186548,0.));
#5739=DIRECTION('',(0.707106781186548,0.707106781186548,0.));
#5740=DIRECTION('',(-0.707106781186548,0.707106781186548,0.));
#5741=DIRECTION('',(1.,0.,0.));
#5742=DIRECTION('',(0.,0.,-1.));
#5743=DIRECTION('',(0.707106781186548,-0.707106781186548,0.));
#5744=DIRECTION('',(-0.707106781186548,-0.707106781186548,0.));
#5745=DIRECTION('',(-1.,0.,0.));
#5746=DIRECTION('',(0.,0.,1.));
#5747=DIRECTION('',(-0.707106781186548,-0.707106781186548,0.));
#5748=DIRECTION('',(0.707106781186548,-0.707106781186548,0.));
#5749=DIRECTION('',(0.,-1.,0.));
#5750=DIRECTION('',(0.,0.,-1.));
#5751=DIRECTION('',(0.,0.,1.));
#5752=DIRECTION('',(1.,0.,0.));
#5753=DIRECTION('',(0.,0.,1.));
#5754=DIRECTION('',(1.,0.,0.));
#5755=DIRECTION('',(0.,-1.,0.));
#5756=DIRECTION('',(0.,0.,-1.));
#5757=DIRECTION('',(0.,0.,1.));
#5758=DIRECTION('',(0.,0.,1.));
#5759=DIRECTION('',(-1.,0.,0.));
#5760=DIRECTION('',(0.,0.,1.));
#5761=DIRECTION('',(0.,0.,1.));
#5762=DIRECTION('',(0.,-1.,0.));
#5763=DIRECTION('',(0.,0.,-1.));
#5764=DIRECTION('',(0.,0.,1.));
#5765=DIRECTION('',(-1.,0.,0.));
#5766=DIRECTION('',(0.,0.,1.));
#5767=DIRECTION('',(0.,-1.,0.));
#5768=DIRECTION('',(0.,0.,-1.));
#5769=DIRECTION('',(0.,0.,1.));
#5770=DIRECTION('',(0.,0.,1.));
#5771=DIRECTION('',(-1.,0.,0.));
#5772=DIRECTION('',(0.,0.,1.));
#5773=DIRECTION('',(0.,0.,1.));
#5774=DIRECTION('',(0.,-1.,0.));
#5775=DIRECTION('',(0.,0.,-1.));
#5776=DIRECTION('',(0.,0.,1.));
#5777=DIRECTION('',(-1.,0.,0.));
#5778=DIRECTION('',(0.,0.,1.));
#5779=DIRECTION('',(0.,0.,-1.));
#5780=DIRECTION('',(1.,0.,0.));
#5781=DIRECTION('',(0.,0.,1.));
#5782=DIRECTION('',(1.,0.,0.));
#5783=DIRECTION('',(0.,0.,1.));
#5784=DIRECTION('',(1.,0.,0.));
#5785=DIRECTION('',(0.,1.,0.));
#5786=DIRECTION('',(0.,1.,0.));
#5787=DIRECTION('',(1.,0.,0.));
#5788=DIRECTION('',(1.,0.,0.));
#5789=DIRECTION('',(0.,-1.,0.));
#5790=DIRECTION('',(0.,-1.,0.));
#5791=DIRECTION('',(-1.,0.,0.));
#5792=DIRECTION('',(-1.,0.,0.));
#5793=DIRECTION('',(0.,0.,1.));
#5794=DIRECTION('',(1.,0.,0.));
#5795=DIRECTION('',(0.,0.,1.));
#5796=DIRECTION('',(1.,0.,0.));
#5797=DIRECTION('',(0.,0.,1.));
#5798=DIRECTION('',(1.,0.,0.));
#5799=DIRECTION('',(0.,0.,1.));
#5800=DIRECTION('',(1.,0.,0.));
#5801=DIRECTION('',(1.,0.,0.));
#5802=DIRECTION('',(0.,0.,-1.));
#5803=DIRECTION('',(0.,0.,1.));
#5804=DIRECTION('',(0.,-1.,0.));
#5805=DIRECTION('',(0.,0.,-1.));
#5806=DIRECTION('',(0.,-1.,0.));
#5807=DIRECTION('',(0.,0.,-1.));
#5808=DIRECTION('',(0.,0.,1.));
#5809=DIRECTION('',(-1.,0.,0.));
#5810=DIRECTION('',(0.,0.,1.));
#5811=DIRECTION('',(0.,1.,0.));
#5812=DIRECTION('',(0.,0.,1.));
#5813=DIRECTION('',(0.,0.,1.));
#5814=DIRECTION('',(-1.,0.,0.));
#5815=DIRECTION('',(0.,0.,1.));
#5816=DIRECTION('',(0.,1.,0.));
#5817=DIRECTION('',(0.,0.,1.));
#5818=DIRECTION('',(0.,0.,1.));
#5819=DIRECTION('',(1.,0.,0.));
#5820=DIRECTION('',(0.,0.,-1.));
#5821=DIRECTION('',(0.,1.,0.));
#5822=DIRECTION('',(0.,0.,1.));
#5823=DIRECTION('',(0.,0.,1.));
#5824=DIRECTION('',(-1.,0.,0.));
#5825=DIRECTION('',(1.,0.,0.));
#5826=DIRECTION('',(0.,0.,-1.));
#5827=DIRECTION('',(0.,1.,0.));
#5828=DIRECTION('',(0.,0.,1.));
#5829=DIRECTION('',(1.,0.,0.));
#5830=DIRECTION('',(0.,-1.,0.));
#5831=DIRECTION('',(0.,0.,-1.));
#5832=DIRECTION('',(0.,0.,1.));
#5833=DIRECTION('',(1.,0.,0.));
#5834=DIRECTION('',(-1.,0.,0.));
#5835=DIRECTION('',(0.,0.,1.));
#5836=DIRECTION('',(0.,-1.,0.));
#5837=DIRECTION('',(0.,0.,1.));
#5838=DIRECTION('',(1.,0.,0.));
#5839=DIRECTION('',(0.,1.,0.));
#5840=DIRECTION('',(0.,0.,1.));
#5841=DIRECTION('',(-1.,0.,0.));
#5842=DIRECTION('',(0.,0.,1.));
#5843=DIRECTION('',(-1.,0.,0.));
#5844=DIRECTION('',(0.,0.,1.));
#5845=DIRECTION('',(0.,-1.,0.));
#5846=DIRECTION('',(0.,0.,1.));
#5847=DIRECTION('',(1.,0.,0.));
#5848=DIRECTION('',(0.,-1.,0.));
#5849=DIRECTION('',(0.,0.,-1.));
#5850=DIRECTION('',(1.,0.,0.));
#5851=DIRECTION('',(0.,0.,1.));
#5852=DIRECTION('',(1.,0.,0.));
#5853=DIRECTION('',(0.,0.,-1.));
#5854=DIRECTION('',(0.,1.,0.));
#5855=DIRECTION('',(0.,0.,1.));
#5856=DIRECTION('',(1.,0.,0.));
#5857=CARTESIAN_POINT('',(0.,0.,0.));
#5858=CARTESIAN_POINT('',(0.065,-0.005,0.002));
#5859=CARTESIAN_POINT('',(0.065,-0.005,-0.008));
#5860=CARTESIAN_POINT('',(0.065,0.03,-0.008));
#5861=CARTESIAN_POINT('',(0.065,0.023,-0.008));
#5862=CARTESIAN_POINT('',(0.065,0.023,-0.008));
#5863=CARTESIAN_POINT('',(0.065,0.023,0.002));
#5864=CARTESIAN_POINT('',(0.065,-0.005,0.002));
#5865=CARTESIAN_POINT('',(0.065,-0.033,0.002));
#5866=CARTESIAN_POINT('',(0.065,-0.033,-0.008));
#5867=CARTESIAN_POINT('',(0.065,-0.033,-0.008));
#5868=CARTESIAN_POINT('',(0.065,-0.005,-0.008));
#5869=CARTESIAN_POINT('',(0.065,-0.04,-0.008));
#5870=CARTESIAN_POINT('',(0.065,-0.04,0.002));
#5871=CARTESIAN_POINT('',(0.065,-0.04,-0.03));
#5872=CARTESIAN_POINT('',(0.065,-0.005,-0.03));
#5873=CARTESIAN_POINT('',(0.065,0.03,-0.03));
#5874=CARTESIAN_POINT('',(0.065,0.03,0.002));
#5875=CARTESIAN_POINT('',(0.,0.03,0.002));
#5876=CARTESIAN_POINT('',(0.058,0.03,-0.008));
#5877=CARTESIAN_POINT('',(0.058,0.03,-0.008));
#5878=CARTESIAN_POINT('',(0.058,0.03,0.002));
#5879=CARTESIAN_POINT('',(0.,0.03,-0.008));
#5880=CARTESIAN_POINT('',(0.,0.03,-0.03));
#5881=CARTESIAN_POINT('',(-0.065,0.03,-0.03));
#5882=CARTESIAN_POINT('',(-0.065,0.03,0.002));
#5883=CARTESIAN_POINT('',(-0.065,0.03,-0.008));
#5884=CARTESIAN_POINT('',(0.,0.03,-0.008));
#5885=CARTESIAN_POINT('',(-0.058,0.03,-0.008));
#5886=CARTESIAN_POINT('',(-0.058,0.03,-0.008));
#5887=CARTESIAN_POINT('',(-0.058,0.03,0.002));
#5888=CARTESIAN_POINT('',(0.,0.03,0.002));
#5889=CARTESIAN_POINT('',(-0.065,-0.005,0.002));
#5890=CARTESIAN_POINT('',(-0.065,-0.005,-0.008));
#5891=CARTESIAN_POINT('',(-0.065,-0.033,-0.008));
#5892=CARTESIAN_POINT('',(-0.065,-0.04,-0.008));
#5893=CARTESIAN_POINT('',(-0.065,-0.033,-0.008));
#5894=CARTESIAN_POINT('',(-0.065,-0.033,0.002));
#5895=CARTESIAN_POINT('',(-0.065,-0.005,0.002));
#5896=CARTESIAN_POINT('',(-0.065,0.023,0.002));
#5897=CARTESIAN_POINT('',(-0.065,0.023,-0.008));
#5898=CARTESIAN_POINT('',(-0.065,0.023,-0.008));
#5899=CARTESIAN_POINT('',(-0.065,-0.005,-0.008));
#5900=CARTESIAN_POINT('',(-0.065,-0.005,-0.03));
#5901=CARTESIAN_POINT('',(-0.065,-0.04,-0.03));
#5902=CARTESIAN_POINT('',(-0.065,-0.04,0.002));
#5903=CARTESIAN_POINT('',(0.,-0.04,0.002));
#5904=CARTESIAN_POINT('',(0.,-0.04,-0.008));
#5905=CARTESIAN_POINT('',(-0.058,-0.04,-0.008));
#5906=CARTESIAN_POINT('',(0.,-0.04,-0.03));
#5907=CARTESIAN_POINT('',(0.,-0.04,-0.008));
#5908=CARTESIAN_POINT('',(0.058,-0.04,-0.008));
#5909=CARTESIAN_POINT('',(0.058,-0.04,-0.008));
#5910=CARTESIAN_POINT('',(0.058,-0.04,0.002));
#5911=CARTESIAN_POINT('',(0.,-0.04,0.002));
#5912=CARTESIAN_POINT('',(-0.058,-0.04,0.002));
#5913=CARTESIAN_POINT('',(-0.058,-0.04,-0.008));
#5914=CARTESIAN_POINT('',(0.,-0.005,0.002));
#5915=CARTESIAN_POINT('',(0.015,-0.0147,0.002));
#5916=CARTESIAN_POINT('',(0.01775,-0.0147,0.002));
#5917=CARTESIAN_POINT('',(-0.015,-0.0147,0.002));
#5918=CARTESIAN_POINT('',(-0.01225,-0.0147,0.002));
#5919=CARTESIAN_POINT('',(0.,-0.029,0.002));
#5920=CARTESIAN_POINT('',(-0.04,-0.029,0.002));
#5921=CARTESIAN_POINT('',(0.04,-0.029,0.002));
#5922=CARTESIAN_POINT('',(0.04,-0.005,0.002));
#5923=CARTESIAN_POINT('',(0.04,-0.033,0.002));
#5924=CARTESIAN_POINT('',(-0.039,-0.033,0.002));
#5925=CARTESIAN_POINT('',(-0.04,-0.033,0.002));
#5926=CARTESIAN_POINT('',(-0.04,-0.03,0.002));
#5927=CARTESIAN_POINT('',(-0.0478521802304809,0.0153124396582926,0.002));
#5928=CARTESIAN_POINT('',(-0.0463757772957339,0.0123549650518197,0.002));
#5929=CARTESIAN_POINT('',(-0.0479449987948903,0.0120067245119306,0.002));
#5930=CARTESIAN_POINT('',(-0.0479449987948903,0.0120067245119306,0.002));
#5931=CARTESIAN_POINT('',(-0.0487201976379851,0.0120238370691733,0.002));
#5932=CARTESIAN_POINT('',(-0.0493114364907207,0.0123737888647867,0.002));
#5933=CARTESIAN_POINT('',(-0.0493114364907207,0.0123737888647867,0.002));
#5934=CARTESIAN_POINT('',(-0.0493114364907207,0.0123737888647867,0.002));
#5935=CARTESIAN_POINT('',(-0.0499026753434563,0.0127237406604001,0.002));
#5936=CARTESIAN_POINT('',(-0.0502474933718968,0.0133842853699687,0.002));
#5937=CARTESIAN_POINT('',(-0.0502474933718968,0.0133842853699687,0.002));
#5938=CARTESIAN_POINT('',(-0.0502474933718968,0.0133842853699687,0.002));
#5939=CARTESIAN_POINT('',(-0.0505923114003374,0.0140448300795372,0.002));
#5940=CARTESIAN_POINT('',(-0.0506453603277898,0.0149004579416727,0.002));
#5941=CARTESIAN_POINT('',(-0.0506453603277898,0.0149004579416727,0.002));
#5942=CARTESIAN_POINT('',(-0.0506453603277898,0.0149004579416727,0.002));
#5943=CARTESIAN_POINT('',(-0.0507052542781393,0.0157783321282236,0.002));
#5944=CARTESIAN_POINT('',(-0.0504588334538443,0.0167725717040251,0.002));
#5945=CARTESIAN_POINT('',(-0.0504588334538443,0.0167725717040251,0.002));
#5946=CARTESIAN_POINT('',(-0.0504588334538443,0.0167725717040251,0.002));
#5947=CARTESIAN_POINT('',(-0.0502124126295493,0.0177668112798264,0.002));
#5948=CARTESIAN_POINT('',(-0.049667377681369,0.0185206194263678,0.002));
#5949=CARTESIAN_POINT('',(-0.049667377681369,0.0185206194263678,0.002));
#5950=CARTESIAN_POINT('',(-0.049667377681369,0.0185206194263678,0.002));
#5951=CARTESIAN_POINT('',(-0.0491223427331887,0.0192744275729091,0.002));
#5952=CARTESIAN_POINT('',(-0.0483865027717522,0.0196491925765245,0.002));
#5953=CARTESIAN_POINT('',(-0.0483865027717522,0.0196491925765245,0.002));
#5954=CARTESIAN_POINT('',(-0.0468848063542595,0.0166905729812298,0.002));
#5955=CARTESIAN_POINT('',(-0.0467950349481803,0.0200085562786213,0.002));
#5956=CARTESIAN_POINT('',(-0.0467950349481803,0.0200085562786213,0.002));
#5957=CARTESIAN_POINT('',(-0.0460095685707399,0.0199914437213787,0.002));
#5958=CARTESIAN_POINT('',(-0.0454208966015907,0.0196363581585924,0.002));
#5959=CARTESIAN_POINT('',(-0.0454208966015907,0.0196363581585924,0.002));
#5960=CARTESIAN_POINT('',(-0.0454208966015907,0.0196363581585924,0.002));
#5961=CARTESIAN_POINT('',(-0.0448322246324415,0.0192812725958062,0.002));
#5962=CARTESIAN_POINT('',(-0.0444959628826223,0.0186147384912027,0.002));
#5963=CARTESIAN_POINT('',(-0.0444959628826223,0.0186147384912027,0.002));
#5964=CARTESIAN_POINT('',(-0.0444959628826223,0.0186147384912027,0.002));
#5965=CARTESIAN_POINT('',(-0.0441597011328031,0.0179482043865991,0.002));
#5966=CARTESIAN_POINT('',(-0.0441117859725235,0.0171045553145336,0.002));
#5967=CARTESIAN_POINT('',(-0.0441117859725235,0.0171045553145336,0.002));
#5968=CARTESIAN_POINT('',(-0.0441117859725235,0.0171045553145336,0.002));
#5969=CARTESIAN_POINT('',(-0.0440570257893469,0.0161633646661846,0.002));
#5970=CARTESIAN_POINT('',(-0.0443137141479874,0.0151682694625211,0.002));
#5971=CARTESIAN_POINT('',(-0.0443137141479874,0.0151682694625211,0.002));
#5972=CARTESIAN_POINT('',(-0.0443137141479874,0.0151682694625211,0.002));
#5973=CARTESIAN_POINT('',(-0.0445704025066281,0.0141731742588575,0.002));
#5974=CARTESIAN_POINT('',(-0.0451111593154977,0.0134458905760424,0.002));
#5975=CARTESIAN_POINT('',(-0.0451111593154977,0.0134458905760424,0.002));
#5976=CARTESIAN_POINT('',(-0.0451111593154977,0.0134458905760424,0.002));
#5977=CARTESIAN_POINT('',(-0.0456519161243673,0.0127186068932273,0.002));
#5978=CARTESIAN_POINT('',(-0.0463757772957339,0.0123549650518197,0.002));
#5979=CARTESIAN_POINT('',(-0.02709,0.00765,0.002));
#5980=CARTESIAN_POINT('',(-0.02709,0.017,0.002));
#5981=CARTESIAN_POINT('',(-0.02709,-0.0017,0.002));
#5982=CARTESIAN_POINT('',(0.,0.017,0.002));
#5983=CARTESIAN_POINT('',(0.02709,0.017,0.002));
#5984=CARTESIAN_POINT('',(0.02709,0.00765,0.002));
#5985=CARTESIAN_POINT('',(0.02709,-0.0017,0.002));
#5986=CARTESIAN_POINT('',(0.,-0.0017,0.002));
#5987=CARTESIAN_POINT('',(0.0579668392288751,0.0121115848897964,0.002));
#5988=CARTESIAN_POINT('',(0.0588334988889556,0.0101757251816708,0.002));
#5989=CARTESIAN_POINT('',(0.0571001795687947,0.014047444597922,0.002));
#5990=CARTESIAN_POINT('',(0.056460578343643,0.0134536814605729,0.002));
#5991=CARTESIAN_POINT('',(0.0558209771184914,0.0128599183232238,0.002));
#5992=CARTESIAN_POINT('',(0.055587522671311,0.0115178217524473,0.002));
#5993=CARTESIAN_POINT('',(0.0553540682241307,0.0101757251816708,0.002));
#5994=CARTESIAN_POINT('',(0.0543786763557744,0.0101757251816708,0.002));
#5995=CARTESIAN_POINT('',(0.0534032844874182,0.0101757251816708,0.002));
#5996=CARTESIAN_POINT('',(0.0542454261005345,0.015026034472404,0.002));
#5997=CARTESIAN_POINT('',(0.0550875677136508,0.0198763437631374,0.002));
#5998=CARTESIAN_POINT('',(0.056064025584049,0.0198763437631374,0.002));
#5999=CARTESIAN_POINT('',(0.0570404834544472,0.0198763437631374,0.002));
#6000=CARTESIAN_POINT('',(0.0566673827397754,0.0177379436670471,0.002));
#6001=CARTESIAN_POINT('',(0.0562942820251036,0.0155995435709567,0.002));
#6002=CARTESIAN_POINT('',(0.056791038976638,0.0161591946429644,0.002));
#6003=CARTESIAN_POINT('',(0.0572877959281725,0.0167188457149721,0.002));
#6004=CARTESIAN_POINT('',(0.0587460867215182,0.0182975947390547,0.002));
#6005=CARTESIAN_POINT('',(0.060204377514864,0.0198763437631374,0.002));
#6006=CARTESIAN_POINT('',(0.0614771839529157,0.0198763437631374,0.002));
#6007=CARTESIAN_POINT('',(0.0627499903909675,0.0198763437631374,0.002));
#6008=CARTESIAN_POINT('',(0.0606542303765539,0.0176707855384061,0.002));
#6009=CARTESIAN_POINT('',(0.0585584703621404,0.0154652273136748,0.002));
#6010=CARTESIAN_POINT('',(0.0598078247552699,0.0128204762476728,0.002));
#6011=CARTESIAN_POINT('',(0.0610571791483995,0.0101757251816708,0.002));
#6012=CARTESIAN_POINT('',(0.0599453390186776,0.0101757251816708,0.002));
#6013=CARTESIAN_POINT('',(0.0516134670590355,0.0134078433727704,0.002));
#6014=CARTESIAN_POINT('',(0.0506444712029308,0.0134014473605189,0.002));
#6015=CARTESIAN_POINT('',(0.0525824629151402,0.0134142393850219,0.002));
#6016=CARTESIAN_POINT('',(0.0525824629151402,0.0134142393850219,0.002));
#6017=CARTESIAN_POINT('',(0.0524694666986968,0.01240793345745,0.002));
#6018=CARTESIAN_POINT('',(0.0518959576001441,0.0116318839709327,0.002));
#6019=CARTESIAN_POINT('',(0.0518959576001441,0.0116318839709327,0.002));
#6020=CARTESIAN_POINT('',(0.0518959576001441,0.0116318839709327,0.002));
#6021=CARTESIAN_POINT('',(0.0513224485015915,0.0108558344844153,0.002));
#6022=CARTESIAN_POINT('',(0.050403554741457,0.0104390276860249,0.002));
#6023=CARTESIAN_POINT('',(0.050403554741457,0.0104390276860249,0.002));
#6024=CARTESIAN_POINT('',(0.050403554741457,0.0104390276860249,0.002));
#6025=CARTESIAN_POINT('',(0.0494846609813224,0.0100222208876344,0.002));
#6026=CARTESIAN_POINT('',(0.048418658939403,0.0100414089243889,0.002));
#6027=CARTESIAN_POINT('',(0.048418658939403,0.0100414089243889,0.002));
#6028=CARTESIAN_POINT('',(0.048418658939403,0.0100414089243889,0.002));
#6029=CARTESIAN_POINT('',(0.0474592571016756,0.0100627289652273,0.002));
#6030=CARTESIAN_POINT('',(0.0467461017356315,0.0104859317758693,0.002));
#6031=CARTESIAN_POINT('',(0.0467461017356315,0.0104859317758693,0.002));
#6032=CARTESIAN_POINT('',(0.0467461017356315,0.0104859317758693,0.002));
#6033=CARTESIAN_POINT('',(0.0460329463695874,0.0109091345865113,0.002));
#6034=CARTESIAN_POINT('',(0.0456236015854904,0.0117118341240766,0.002));
#6035=CARTESIAN_POINT('',(0.0456236015854904,0.0117118341240766,0.002));
#6036=CARTESIAN_POINT('',(0.0456236015854904,0.0117118341240766,0.002));
#6037=CARTESIAN_POINT('',(0.0452142568013933,0.0125145336616419,0.002));
#6038=CARTESIAN_POINT('',(0.0451609566992973,0.0135613476668068,0.002));
#6039=CARTESIAN_POINT('',(0.0451609566992973,0.0135613476668068,0.002));
#6040=CARTESIAN_POINT('',(0.0451609566992973,0.0135613476668068,0.002));
#6041=CARTESIAN_POINT('',(0.0451140526094529,0.0143800372350009,0.002));
#6042=CARTESIAN_POINT('',(0.0453304510239625,0.0155995435709567,0.002));
#6043=CARTESIAN_POINT('',(0.0453304510239625,0.0155995435709567,0.002));
#6044=CARTESIAN_POINT('',(0.0453304510239625,0.0155995435709567,0.002));
#6045=CARTESIAN_POINT('',(0.0455468494384722,0.0168190499069125,0.002));
#6046=CARTESIAN_POINT('',(0.0461033025043541,0.017764593718095,0.002));
#6047=CARTESIAN_POINT('',(0.0461033025043541,0.017764593718095,0.002));
#6048=CARTESIAN_POINT('',(0.0461033025043541,0.017764593718095,0.002));
#6049=CARTESIAN_POINT('',(0.046659755570236,0.0187101375292775,0.002));
#6050=CARTESIAN_POINT('',(0.0474251450363342,0.0192644585910756,0.002));
#6051=CARTESIAN_POINT('',(0.0474251450363342,0.0192644585910756,0.002));
#6052=CARTESIAN_POINT('',(0.0474251450363342,0.0192644585910756,0.002));
#6053=CARTESIAN_POINT('',(0.0485060711068404,0.0200362440694252,0.002));
#6054=CARTESIAN_POINT('',(0.0498918737613357,0.0200106600204192,0.002));
#6055=CARTESIAN_POINT('',(0.0498918737613357,0.0200106600204192,0.002));
#6056=CARTESIAN_POINT('',(0.0498918737613357,0.0200106600204192,0.002));
#6057=CARTESIAN_POINT('',(0.0513970686445259,0.0199829439673293,0.002));
#6058=CARTESIAN_POINT('',(0.0522797183352351,0.0190800402378236,0.002));
#6059=CARTESIAN_POINT('',(0.0522797183352351,0.0190800402378236,0.002));
#6060=CARTESIAN_POINT('',(0.0522797183352351,0.0190800402378236,0.002));
#6061=CARTESIAN_POINT('',(0.0531623680259444,0.0181771365083178,0.002));
#6062=CARTESIAN_POINT('',(0.0532497801933818,0.0165717374331872,0.002));
#6063=CARTESIAN_POINT('',(0.0532497801933818,0.0165717374331872,0.002));
#6064=CARTESIAN_POINT('',(0.0522765203291094,0.0165749354393129,0.002));
#6065=CARTESIAN_POINT('',(0.0513032604648369,0.0165781334454387,0.002));
#6066=CARTESIAN_POINT('',(0.0513032604648369,0.0165781334454387,0.002));
#6067=CARTESIAN_POINT('',(0.0513032604648369,0.0174970272055733,0.002));
#6068=CARTESIAN_POINT('',(0.0509365557624167,0.017923428022341,0.002));
#6069=CARTESIAN_POINT('',(0.0509365557624167,0.017923428022341,0.002));
#6070=CARTESIAN_POINT('',(0.0509365557624167,0.017923428022341,0.002));
#6071=CARTESIAN_POINT('',(0.0505698510599964,0.0183498288391087,0.002));
#6072=CARTESIAN_POINT('',(0.0497980655816467,0.0183775448921987,0.002));
#6073=CARTESIAN_POINT('',(0.0497980655816467,0.0183775448921987,0.002));
#6074=CARTESIAN_POINT('',(0.0497980655816467,0.0183775448921987,0.002));
#6075=CARTESIAN_POINT('',(0.0487981556663263,0.0184116569575401,0.002));
#6076=CARTESIAN_POINT('',(0.0481553564350489,0.0176654555281965,0.002));
#6077=CARTESIAN_POINT('',(0.0481553564350489,0.0176654555281965,0.002));
#6078=CARTESIAN_POINT('',(0.0481553564350489,0.0176654555281965,0.002));
#6079=CARTESIAN_POINT('',(0.0475125572037715,0.0169192540988529,0.002));
#6080=CARTESIAN_POINT('',(0.0472929607831361,0.0154865473545132,0.002));
#6081=CARTESIAN_POINT('',(0.0472929607831361,0.0154865473545132,0.002));
#6082=CARTESIAN_POINT('',(0.0472929607831361,0.0154865473545132,0.002));
#6083=CARTESIAN_POINT('',(0.0470797603747523,0.0140943486877665,0.002));
#6084=CARTESIAN_POINT('',(0.0471053444237583,0.0134014473605189,0.002));
#6085=CARTESIAN_POINT('',(0.0471053444237583,0.0134014473605189,0.002));
#6086=CARTESIAN_POINT('',(0.0471053444237583,0.0134014473605189,0.002));
#6087=CARTESIAN_POINT('',(0.0471394564890997,0.0125209296738935,0.002));
#6088=CARTESIAN_POINT('',(0.0474986991772266,0.012104122875503,0.002));
#6089=CARTESIAN_POINT('',(0.0474986991772266,0.012104122875503,0.002));
#6090=CARTESIAN_POINT('',(0.0474986991772266,0.012104122875503,0.002));
#6091=CARTESIAN_POINT('',(0.0478579418653534,0.0116873160771125,0.002));
#6092=CARTESIAN_POINT('',(0.0485060711068404,0.0116681280403579,0.002));
#6093=CARTESIAN_POINT('',(0.0485060711068404,0.0116681280403579,0.002));
#6094=CARTESIAN_POINT('',(0.0485060711068404,0.0116681280403579,0.002));
#6095=CARTESIAN_POINT('',(0.0493972488138851,0.0116340159750165,0.002));
#6096=CARTESIAN_POINT('',(0.0499334478409705,0.0120913308509999,0.002));
#6097=CARTESIAN_POINT('',(0.0499334478409705,0.0120913308509999,0.002));
#6098=CARTESIAN_POINT('',(0.0499334478409705,0.0120913308509999,0.002));
#6099=CARTESIAN_POINT('',(0.050469646868056,0.0125486457269834,0.002));
#6100=CARTESIAN_POINT('',(0.0506444712029308,0.0134014473605189,0.002));
#6101=CARTESIAN_POINT('',(0.0311654158909375,0.0158287340099694,0.002));
#6102=CARTESIAN_POINT('',(0.0318679112365624,0.0198763437631374,0.002));
#6103=CARTESIAN_POINT('',(0.0304629205453126,0.0117811242568014,0.002));
#6104=CARTESIAN_POINT('',(0.0325213704882589,0.0117811242568014,0.002));
#6105=CARTESIAN_POINT('',(0.0345798204312054,0.0117811242568014,0.002));
#6106=CARTESIAN_POINT('',(0.0344401741637139,0.0109784247192361,0.002));
#6107=CARTESIAN_POINT('',(0.0343005278962224,0.0101757251816708,0.002));
#6108=CARTESIAN_POINT('',(0.0312656200828779,0.0101757251816708,0.002));
#6109=CARTESIAN_POINT('',(0.0282307122695334,0.0101757251816708,0.002));
#6110=CARTESIAN_POINT('',(0.0290728538826497,0.015026034472404,0.002));
#6111=CARTESIAN_POINT('',(0.029914995495766,0.0198763437631374,0.002));
#6112=CARTESIAN_POINT('',(0.0308914533661642,0.0198763437631374,0.002));
#6113=CARTESIAN_POINT('',(-0.0386060209424084,0.00313472808778029,0.002));
#6114=CARTESIAN_POINT('',(-0.0374287584143605,0.00994101081029337,0.002));
#6115=CARTESIAN_POINT('',(-0.0397832834704563,-0.0036715546347328,0.002));
#6116=CARTESIAN_POINT('',(-0.0411116305160808,-0.0036715546347328,0.002));
#6117=CARTESIAN_POINT('',(-0.0424399775617053,-0.0036715546347328,0.002));
#6118=CARTESIAN_POINT('',(-0.0443337696335079,0.000866964437817684,0.002));
#6119=CARTESIAN_POINT('',(-0.0462275617053104,0.00540548351036817,0.002));
#6120=CARTESIAN_POINT('',(-0.0470173896783844,0.000866964437817683,0.002));
#6121=CARTESIAN_POINT('',(-0.0478072176514585,-0.0036715546347328,0.002));
#6122=CARTESIAN_POINT('',(-0.0491759536275243,-0.0036715546347328,0.002));
#6123=CARTESIAN_POINT('',(-0.0505446896035901,-0.0036715546347328,0.002));
#6124=CARTESIAN_POINT('',(-0.0493629394166043,0.00313472808778029,0.002));
#6125=CARTESIAN_POINT('',(-0.0481811892296186,0.00994101081029337,0.002));
#6126=CARTESIAN_POINT('',(-0.0468573298429319,0.00994101081029337,0.002));
#6127=CARTESIAN_POINT('',(-0.0455334704562453,0.00994101081029337,0.002));
#6128=CARTESIAN_POINT('',(-0.0436366866118175,0.00539202053355441,0.002));
#6129=CARTESIAN_POINT('',(-0.0417399027673897,0.00084303025681544,0.002));
#6130=CARTESIAN_POINT('',(-0.040948578908003,0.00539202053355441,0.002));
#6131=CARTESIAN_POINT('',(-0.0401572550486163,0.00994101081029337,0.002));
#6132=CARTESIAN_POINT('',(-0.0387930067314884,0.00994101081029337,0.002));
#6133=CARTESIAN_POINT('',(-0.0545256326825741,0.0166519281754639,0.002));
#6134=CARTESIAN_POINT('',(-0.0539617739214269,0.0199007471679923,0.002));
#6135=CARTESIAN_POINT('',(-0.0550894914437214,0.0134031091829356,0.002));
#6136=CARTESIAN_POINT('',(-0.0534372740419378,0.0134031091829356,0.002));
#6137=CARTESIAN_POINT('',(-0.0517850566401543,0.0134031091829356,0.002));
#6138=CARTESIAN_POINT('',(-0.051897143890094,0.0127588214027476,0.002));
#6139=CARTESIAN_POINT('',(-0.0520092311400337,0.0121145336225596,0.002));
#6140=CARTESIAN_POINT('',(-0.0544452036635334,0.0121145336225596,0.002));
#6141=CARTESIAN_POINT('',(-0.056881176187033,0.0121145336225596,0.002));
#6142=CARTESIAN_POINT('',(-0.056205230175946,0.016007640395276,0.002));
#6143=CARTESIAN_POINT('',(-0.055529284164859,0.0199007471679923,0.002));
#6144=CARTESIAN_POINT('',(-0.0547455290431429,0.0199007471679923,0.002));
#6145=CARTESIAN_POINT('',(-0.0381129790310918,0.0147087973005543,0.002));
#6146=CARTESIAN_POINT('',(-0.038890744757773,0.0147036635333815,0.002));
#6147=CARTESIAN_POINT('',(-0.0373352133044107,0.0147139310677271,0.002));
#6148=CARTESIAN_POINT('',(-0.0373352133044107,0.0147139310677271,0.002));
#6149=CARTESIAN_POINT('',(-0.037425909857797,0.0139062183658713,0.002));
#6150=CARTESIAN_POINT('',(-0.0378862376476259,0.0132833212822367,0.002));
#6151=CARTESIAN_POINT('',(-0.0378862376476259,0.0132833212822367,0.002));
#6152=CARTESIAN_POINT('',(-0.0378862376476259,0.0132833212822367,0.002));
#6153=CARTESIAN_POINT('',(-0.0383465654374548,0.0126604241986021,0.002));
#6154=CARTESIAN_POINT('',(-0.0390841166546156,0.0123258737045071,0.002));
#6155=CARTESIAN_POINT('',(-0.0390841166546156,0.0123258737045071,0.002));
#6156=CARTESIAN_POINT('',(-0.0390841166546156,0.0123258737045071,0.002));
#6157=CARTESIAN_POINT('',(-0.0398216678717764,0.0119913232104121,0.002));
#6158=CARTESIAN_POINT('',(-0.0406772957339118,0.0120067245119306,0.002));
#6159=CARTESIAN_POINT('',(-0.0406772957339118,0.0120067245119306,0.002));
#6160=CARTESIAN_POINT('',(-0.0406772957339118,0.0120067245119306,0.002));
#6161=CARTESIAN_POINT('',(-0.0414473608098337,0.0120238370691733,0.002));
#6162=CARTESIAN_POINT('',(-0.0420197758496023,0.0123635213304411,0.002));
#6163=CARTESIAN_POINT('',(-0.0420197758496023,0.0123635213304411,0.002));
#6164=CARTESIAN_POINT('',(-0.0420197758496023,0.0123635213304411,0.002));
#6165=CARTESIAN_POINT('',(-0.0425921908893709,0.0127032055917088,0.002));
#6166=CARTESIAN_POINT('',(-0.0429207519884309,0.0133474933718968,0.002));
#6167=CARTESIAN_POINT('',(-0.0429207519884309,0.0133474933718968,0.002));
#6168=CARTESIAN_POINT('',(-0.0429207519884309,0.0133474933718968,0.002));
#6169=CARTESIAN_POINT('',(-0.0432493130874909,0.0139917811520848,0.002));
#6170=CARTESIAN_POINT('',(-0.0432920944805978,0.0148320077127018,0.002));
#6171=CARTESIAN_POINT('',(-0.0432920944805978,0.0148320077127018,0.002));
#6172=CARTESIAN_POINT('',(-0.0432920944805978,0.0148320077127018,0.002));
#6173=CARTESIAN_POINT('',(-0.0433297421065317,0.0154891299108219,0.002));
#6174=CARTESIAN_POINT('',(-0.0431560496505182,0.0164679681851049,0.002));
#6175=CARTESIAN_POINT('',(-0.0431560496505182,0.0164679681851049,0.002));
#6176=CARTESIAN_POINT('',(-0.0431560496505182,0.0164679681851049,0.002));
#6177=CARTESIAN_POINT('',(-0.0429823571945047,0.0174468064593878,0.002));
#6178=CARTESIAN_POINT('',(-0.04253571945047,0.0182057483731019,0.002));
#6179=CARTESIAN_POINT('',(-0.04253571945047,0.0182057483731019,0.002));
#6180=CARTESIAN_POINT('',(-0.04253571945047,0.0182057483731019,0.002));
#6181=CARTESIAN_POINT('',(-0.0420890817064353,0.0189646902868161,0.002));
#6182=CARTESIAN_POINT('',(-0.0414747409014221,0.0194096167751265,0.002));
#6183=CARTESIAN_POINT('',(-0.0414747409014221,0.0194096167751265,0.002));
#6184=CARTESIAN_POINT('',(-0.0414747409014221,0.0194096167751265,0.002));
#6185=CARTESIAN_POINT('',(-0.0406071342492167,0.0200290913473126,0.002));
#6186=CARTESIAN_POINT('',(-0.0394948180284406,0.0200085562786213,0.002));
#6187=CARTESIAN_POINT('',(-0.0394948180284406,0.0200085562786213,0.002));
#6188=CARTESIAN_POINT('',(-0.0394948180284406,0.0200085562786213,0.002));
#6189=CARTESIAN_POINT('',(-0.0382866714871054,0.0199863099542059,0.002));
#6190=CARTESIAN_POINT('',(-0.0375782116172571,0.0192615931549771,0.002));
#6191=CARTESIAN_POINT('',(-0.0375782116172571,0.0192615931549771,0.002));
#6192=CARTESIAN_POINT('',(-0.0375782116172571,0.0192615931549771,0.002));
#6193=CARTESIAN_POINT('',(-0.036869751747409,0.0185368763557483,0.002));
#6194=CARTESIAN_POINT('',(-0.0367995902627139,0.0172483007953723,0.002));
#6195=CARTESIAN_POINT('',(-0.0367995902627139,0.0172483007953723,0.002));
#6196=CARTESIAN_POINT('',(-0.0375807785008435,0.0172508676789588,0.002));
#6197=CARTESIAN_POINT('',(-0.0383619667389732,0.0172534345625452,0.002));
#6198=CARTESIAN_POINT('',(-0.0383619667389732,0.0172534345625452,0.002));
#6199=CARTESIAN_POINT('',(-0.0383619667389732,0.017990985779706,0.002));
#6200=CARTESIAN_POINT('',(-0.0386563027235479,0.0183332369245601,0.002));
#6201=CARTESIAN_POINT('',(-0.0386563027235479,0.0183332369245601,0.002));
#6202=CARTESIAN_POINT('',(-0.0386563027235479,0.0183332369245601,0.002));
#6203=CARTESIAN_POINT('',(-0.0389506387081224,0.0186754880694143,0.002));
#6204=CARTESIAN_POINT('',(-0.0395701132803085,0.0186977343938299,0.002));
#6205=CARTESIAN_POINT('',(-0.0395701132803085,0.0186977343938299,0.002));
#6206=CARTESIAN_POINT('',(-0.0395701132803085,0.0186977343938299,0.002));
#6207=CARTESIAN_POINT('',(-0.0403726922149915,0.0187251144854181,0.002));
#6208=CARTESIAN_POINT('',(-0.0408886358158593,0.0181261749819234,0.002));
#6209=CARTESIAN_POINT('',(-0.0408886358158593,0.0181261749819234,0.002));
#6210=CARTESIAN_POINT('',(-0.0408886358158593,0.0181261749819234,0.002));
#6211=CARTESIAN_POINT('',(-0.0414045794167269,0.0175272354784285,0.002));
#6212=CARTESIAN_POINT('',(-0.0415808387563268,0.0163772716317185,0.002));
#6213=CARTESIAN_POINT('',(-0.0415808387563268,0.0163772716317185,0.002));
#6214=CARTESIAN_POINT('',(-0.0415808387563268,0.0163772716317185,0.002));
#6215=CARTESIAN_POINT('',(-0.0417519643287539,0.0152598216437696,0.002));
#6216=CARTESIAN_POINT('',(-0.0417314292600627,0.0147036635333815,0.002));
#6217=CARTESIAN_POINT('',(-0.0417314292600627,0.0147036635333815,0.002));
#6218=CARTESIAN_POINT('',(-0.0417314292600627,0.0147036635333815,0.002));
#6219=CARTESIAN_POINT('',(-0.0417040491684744,0.0139969149192576,0.002));
#6220=CARTESIAN_POINT('',(-0.0414157025789347,0.0136623644251627,0.002));
#6221=CARTESIAN_POINT('',(-0.0414157025789347,0.0136623644251627,0.002));
#6222=CARTESIAN_POINT('',(-0.0414157025789347,0.0136623644251627,0.002));
#6223=CARTESIAN_POINT('',(-0.041127355989395,0.0133278139310677,0.002));
#6224=CARTESIAN_POINT('',(-0.0406071342492167,0.0133124126295493,0.002));
#6225=CARTESIAN_POINT('',(-0.0406071342492167,0.0133124126295493,0.002));
#6226=CARTESIAN_POINT('',(-0.0406071342492167,0.0133124126295493,0.002));
#6227=CARTESIAN_POINT('',(-0.0398918293564715,0.0132850325379609,0.002));
#6228=CARTESIAN_POINT('',(-0.0394614485418173,0.0136520968908171,0.002));
#6229=CARTESIAN_POINT('',(-0.0394614485418173,0.0136520968908171,0.002));
#6230=CARTESIAN_POINT('',(-0.0394614485418173,0.0136520968908171,0.002));
#6231=CARTESIAN_POINT('',(-0.0390310677271631,0.0140191612436732,0.002));
#6232=CARTESIAN_POINT('',(-0.038890744757773,0.0147036635333815,0.002));
#6233=CARTESIAN_POINT('',(-0.0330134369727645,0.0136683538201976,0.002));
#6234=CARTESIAN_POINT('',(-0.0323178115208484,0.0121145336225596,0.002));
#6235=CARTESIAN_POINT('',(-0.0337090624246807,0.0152221740178356,0.002));
#6236=CARTESIAN_POINT('',(-0.0342224391419619,0.0147455892986262,0.002));
#6237=CARTESIAN_POINT('',(-0.0347358158592432,0.0142690045794167,0.002));
#6238=CARTESIAN_POINT('',(-0.0349231983610509,0.0131917691009882,0.002));
#6239=CARTESIAN_POINT('',(-0.0351105808628585,0.0121145336225596,0.002));
#6240=CARTESIAN_POINT('',(-0.0358934803567124,0.0121145336225596,0.002));
#6241=CARTESIAN_POINT('',(-0.0366763798505664,0.0121145336225596,0.002));
#6242=CARTESIAN_POINT('',(-0.0360004338394794,0.016007640395276,0.002));
#6243=CARTESIAN_POINT('',(-0.0353244878283923,0.0199007471679923,0.002));
#6244=CARTESIAN_POINT('',(-0.0345407327066763,0.0199007471679923,0.002));
#6245=CARTESIAN_POINT('',(-0.0337569775849602,0.0199007471679923,0.002));
#6246=CARTESIAN_POINT('',(-0.0340564473367077,0.0181843576765486,0.002));
#6247=CARTESIAN_POINT('',(-0.034355917088455,0.0164679681851049,0.002));
#6248=CARTESIAN_POINT('',(-0.0339571945046999,0.016917172812726,0.002));
#6249=CARTESIAN_POINT('',(-0.0335584719209448,0.017366377440347,0.002));
#6250=CARTESIAN_POINT('',(-0.0323879730055435,0.0186335623041697,0.002));
#6251=CARTESIAN_POINT('',(-0.0312174740901422,0.0199007471679923,0.002));
#6252=CARTESIAN_POINT('',(-0.0301958544227524,0.0199007471679923,0.002));
#6253=CARTESIAN_POINT('',(-0.0291742347553627,0.0199007471679923,0.002));
#6254=CARTESIAN_POINT('',(-0.030856399132321,0.0181304531212341,0.002));
#6255=CARTESIAN_POINT('',(-0.0325385635092793,0.0163601590744758,0.002));
#6256=CARTESIAN_POINT('',(-0.0315357676548566,0.0142373463485177,0.002));
#6257=CARTESIAN_POINT('',(-0.0305329718004339,0.0121145336225596,0.002));
#6258=CARTESIAN_POINT('',(-0.0314253916606411,0.0121145336225596,0.002));
#6259=CARTESIAN_POINT('',(-0.0519583021690351,0.00313472808778029,0.002));
#6260=CARTESIAN_POINT('',(-0.0507810396409873,0.00994101081029337,0.002));
#6261=CARTESIAN_POINT('',(-0.053135564697083,-0.0036715546347328,0.002));
#6262=CARTESIAN_POINT('',(-0.0545057965594615,-0.0036715546347328,0.002));
#6263=CARTESIAN_POINT('',(-0.0558760284218399,-0.0036715546347328,0.002));
#6264=CARTESIAN_POINT('',(-0.0546972700074794,0.00313472808778029,0.002));
#6265=CARTESIAN_POINT('',(-0.0535185115931189,0.00994101081029337,0.002));
#6266=CARTESIAN_POINT('',(-0.0521497756170531,0.00994101081029337,0.002));
#6267=CARTESIAN_POINT('',(0.0401316978309648,0.00119591964689142,0.002));
#6268=CARTESIAN_POINT('',(0.0413089603590127,0.00800220236940451,0.002));
#6269=CARTESIAN_POINT('',(0.038954435302917,-0.00561036307562167,0.002));
#6270=CARTESIAN_POINT('',(0.0375842034405385,-0.00561036307562167,0.002));
#6271=CARTESIAN_POINT('',(0.03621397157816,-0.00561036307562167,0.002));
#6272=CARTESIAN_POINT('',(0.0373927299925205,0.00119591964689142,0.002));
#6273=CARTESIAN_POINT('',(0.0385714884068811,0.00800220236940451,0.002));
#6274=CARTESIAN_POINT('',(0.0399402243829469,0.00800220236940451,0.002));
#6275=CARTESIAN_POINT('',(0.0534839790575916,0.00119591964689142,0.002));
#6276=CARTESIAN_POINT('',(0.0546612415856395,0.00800220236940451,0.002));
#6277=CARTESIAN_POINT('',(0.0523067165295438,-0.00561036307562167,0.002));
#6278=CARTESIAN_POINT('',(0.0509783694839192,-0.00561036307562167,0.002));
#6279=CARTESIAN_POINT('',(0.0496500224382947,-0.00561036307562168,0.002));
#6280=CARTESIAN_POINT('',(0.0477562303664921,-0.00107184400307118,0.002));
#6281=CARTESIAN_POINT('',(0.0458624382946896,0.0034666750694793,0.002));
#6282=CARTESIAN_POINT('',(0.0450726103216156,-0.00107184400307118,0.002));
#6283=CARTESIAN_POINT('',(0.0442827823485415,-0.00561036307562167,0.002));
#6284=CARTESIAN_POINT('',(0.0429140463724757,-0.00561036307562167,0.002));
#6285=CARTESIAN_POINT('',(0.0415453103964099,-0.00561036307562168,0.002));
#6286=CARTESIAN_POINT('',(0.0427270605833956,0.00119591964689142,0.002));
#6287=CARTESIAN_POINT('',(0.0439088107703815,0.00800220236940451,0.002));
#6288=CARTESIAN_POINT('',(0.0452326701570681,0.00800220236940451,0.002));
#6289=CARTESIAN_POINT('',(0.0465565295437547,0.00800220236940451,0.002));
#6290=CARTESIAN_POINT('',(0.0484533133881825,0.00345321209266554,0.002));
#6291=CARTESIAN_POINT('',(0.0503500972326103,-0.00109577818407343,0.002));
#6292=CARTESIAN_POINT('',(0.051141421091997,0.00345321209266554,0.002));
#6293=CARTESIAN_POINT('',(0.0519327449513837,0.00800220236940451,0.002));
#6294=CARTESIAN_POINT('',(0.0532969932685116,0.00800220236940451,0.002));
#6295=CARTESIAN_POINT('',(0.0413190853402198,0.0104752717554501,0.002));
#6296=CARTESIAN_POINT('',(0.040417247612756,0.0100222208876344,0.002));
#6297=CARTESIAN_POINT('',(0.0393640375953396,0.0100414089243889,0.002));
#6298=CARTESIAN_POINT('',(0.0413190853402198,0.0104752717554501,0.002));
#6299=CARTESIAN_POINT('',(0.0393640375953396,0.0100414089243889,0.002));
#6300=CARTESIAN_POINT('',(0.0393640375953396,0.0100414089243889,0.002));
#6301=CARTESIAN_POINT('',(0.0383982397453607,0.0100627289652273,0.002));
#6302=CARTESIAN_POINT('',(0.0376616323343943,0.0104987238003723,0.002));
#6303=CARTESIAN_POINT('',(0.0376616323343943,0.0104987238003723,0.002));
#6304=CARTESIAN_POINT('',(0.0376616323343943,0.0104987238003723,0.002));
#6305=CARTESIAN_POINT('',(0.036925024923428,0.0109347186355174,0.002));
#6306=CARTESIAN_POINT('',(0.0364954261005345,0.0117576722118792,0.002));
#6307=CARTESIAN_POINT('',(0.0364954261005345,0.0117576722118792,0.002));
#6308=CARTESIAN_POINT('',(0.0364954261005345,0.0117576722118792,0.002));
#6309=CARTESIAN_POINT('',(0.036065827277641,0.0125806257882409,0.002));
#6310=CARTESIAN_POINT('',(0.035999735151042,0.0136466278301603,0.002));
#6311=CARTESIAN_POINT('',(0.035999735151042,0.0136466278301603,0.002));
#6312=CARTESIAN_POINT('',(0.035999735151042,0.0136466278301603,0.002));
#6313=CARTESIAN_POINT('',(0.0359251150081076,0.0147403459251697,0.002));
#6314=CARTESIAN_POINT('',(0.0362321235961804,0.01597904029788,0.002));
#6315=CARTESIAN_POINT('',(0.0362321235961804,0.01597904029788,0.002));
#6316=CARTESIAN_POINT('',(0.0362321235961804,0.01597904029788,0.002));
#6317=CARTESIAN_POINT('',(0.0365391321842532,0.0172177346705903,0.002));
#6318=CARTESIAN_POINT('',(0.0372181754849558,0.0181568824695213,0.002));
#6319=CARTESIAN_POINT('',(0.0372181754849558,0.0181568824695213,0.002));
#6320=CARTESIAN_POINT('',(0.0372181754849558,0.0181568824695213,0.002));
#6321=CARTESIAN_POINT('',(0.0378972187856585,0.0190960302684524,0.002));
#6322=CARTESIAN_POINT('',(0.0388139805417092,0.019562939162813,0.002));
#6323=CARTESIAN_POINT('',(0.0388139805417092,0.019562939162813,0.002));
#6324=CARTESIAN_POINT('',(0.0388139805417092,0.019562939162813,0.002));
#6325=CARTESIAN_POINT('',(0.0397307422977599,0.0200298480571738,0.002));
#6326=CARTESIAN_POINT('',(0.0407967443396793,0.0200106600204192,0.002));
#6327=CARTESIAN_POINT('',(0.0407967443396793,0.0200106600204192,0.002));
#6328=CARTESIAN_POINT('',(0.0407967443396793,0.0200106600204192,0.002));
#6329=CARTESIAN_POINT('',(0.0417753342141613,0.0199893399795808,0.002));
#6330=CARTESIAN_POINT('',(0.0425087436190019,0.0195469491321843,0.002));
#6331=CARTESIAN_POINT('',(0.0425087436190019,0.0195469491321843,0.002));
#6332=CARTESIAN_POINT('',(0.0425087436190019,0.0195469491321843,0.002));
#6333=CARTESIAN_POINT('',(0.0432421530238424,0.0191045582847877,0.002));
#6334=CARTESIAN_POINT('',(0.0436610918263168,0.0182741426941325,0.002));
#6335=CARTESIAN_POINT('',(0.0436610918263168,0.0182741426941325,0.002));
#6336=CARTESIAN_POINT('',(0.0436610918263168,0.0182741426941325,0.002));
#6337=CARTESIAN_POINT('',(0.0440800306287911,0.0174437271034773,0.002));
#6338=CARTESIAN_POINT('',(0.0441397267431385,0.0163926490901447,0.002));
#6339=CARTESIAN_POINT('',(0.0441397267431385,0.0163926490901447,0.002));
#6340=CARTESIAN_POINT('',(0.0441397267431385,0.0163926490901447,0.002));
#6341=CARTESIAN_POINT('',(0.0442079508738214,0.0152200468440334,0.002));
#6342=CARTESIAN_POINT('',(0.0438881502612456,0.0139802864692811,0.002));
#6343=CARTESIAN_POINT('',(0.0438881502612456,0.0139802864692811,0.002));
#6344=CARTESIAN_POINT('',(0.0438881502612456,0.0139802864692811,0.002));
#6345=CARTESIAN_POINT('',(0.0435683496486697,0.0127405260945289,0.002));
#6346=CARTESIAN_POINT('',(0.0428946363581767,0.0118344243588974,0.002));
#6347=CARTESIAN_POINT('',(0.0428946363581767,0.0118344243588974,0.002));
#6348=CARTESIAN_POINT('',(0.0428946363581767,0.0118344243588974,0.002));
#6349=CARTESIAN_POINT('',(0.0422209230676836,0.0109283226232659,0.002));
#6350=CARTESIAN_POINT('',(0.0413190853402198,0.0104752717554501,0.002));
#6351=CARTESIAN_POINT('',(-0.0583177753675584,0.0147087973005543,0.002));
#6352=CARTESIAN_POINT('',(-0.0590955410942396,0.0147036635333815,0.002));
#6353=CARTESIAN_POINT('',(-0.0575400096408773,0.0147139310677271,0.002));
#6354=CARTESIAN_POINT('',(-0.0575400096408773,0.0147139310677271,0.002));
#6355=CARTESIAN_POINT('',(-0.0576307061942637,0.0139062183658713,0.002));
#6356=CARTESIAN_POINT('',(-0.0580910339840926,0.0132833212822367,0.002));
#6357=CARTESIAN_POINT('',(-0.0580910339840926,0.0132833212822367,0.002));
#6358=CARTESIAN_POINT('',(-0.0580910339840926,0.0132833212822367,0.002));
#6359=CARTESIAN_POINT('',(-0.0585513617739214,0.0126604241986021,0.002));
#6360=CARTESIAN_POINT('',(-0.0592889129910822,0.0123258737045071,0.002));
#6361=CARTESIAN_POINT('',(-0.0592889129910822,0.0123258737045071,0.002));
#6362=CARTESIAN_POINT('',(-0.0592889129910822,0.0123258737045071,0.002));
#6363=CARTESIAN_POINT('',(-0.060026464208243,0.0119913232104121,0.002));
#6364=CARTESIAN_POINT('',(-0.0608820920703784,0.0120067245119306,0.002));
#6365=CARTESIAN_POINT('',(-0.0608820920703784,0.0120067245119306,0.002));
#6366=CARTESIAN_POINT('',(-0.0608820920703784,0.0120067245119306,0.002));
#6367=CARTESIAN_POINT('',(-0.0616521571463003,0.0120238370691733,0.002));
#6368=CARTESIAN_POINT('',(-0.0622245721860689,0.0123635213304411,0.002));
#6369=CARTESIAN_POINT('',(-0.0622245721860689,0.0123635213304411,0.002));
#6370=CARTESIAN_POINT('',(-0.0622245721860689,0.0123635213304411,0.002));
#6371=CARTESIAN_POINT('',(-0.0627969872258376,0.0127032055917088,0.002));
#6372=CARTESIAN_POINT('',(-0.0631255483248976,0.0133474933718968,0.002));
#6373=CARTESIAN_POINT('',(-0.0631255483248976,0.0133474933718968,0.002));
#6374=CARTESIAN_POINT('',(-0.0631255483248976,0.0133474933718968,0.002));
#6375=CARTESIAN_POINT('',(-0.0634541094239576,0.0139917811520848,0.002));
#6376=CARTESIAN_POINT('',(-0.0634968908170644,0.0148320077127018,0.002));
#6377=CARTESIAN_POINT('',(-0.0634968908170644,0.0148320077127018,0.002));
#6378=CARTESIAN_POINT('',(-0.0634968908170644,0.0148320077127018,0.002));
#6379=CARTESIAN_POINT('',(-0.0635345384429983,0.0154891299108219,0.002));
#6380=CARTESIAN_POINT('',(-0.0633608459869848,0.0164679681851049,0.002));
#6381=CARTESIAN_POINT('',(-0.0633608459869848,0.0164679681851049,0.002));
#6382=CARTESIAN_POINT('',(-0.0633608459869848,0.0164679681851049,0.002));
#6383=CARTESIAN_POINT('',(-0.0631871535309713,0.0174468064593878,0.002));
#6384=CARTESIAN_POINT('',(-0.0627405157869366,0.0182057483731019,0.002));
#6385=CARTESIAN_POINT('',(-0.0627405157869366,0.0182057483731019,0.002));
#6386=CARTESIAN_POINT('',(-0.0627405157869366,0.0182057483731019,0.002));
#6387=CARTESIAN_POINT('',(-0.0622938780429019,0.0189646902868161,0.002));
#6388=CARTESIAN_POINT('',(-0.0616795372378887,0.0194096167751265,0.002));
#6389=CARTESIAN_POINT('',(-0.0616795372378887,0.0194096167751265,0.002));
#6390=CARTESIAN_POINT('',(-0.0616795372378887,0.0194096167751265,0.002));
#6391=CARTESIAN_POINT('',(-0.0608119305856833,0.0200290913473126,0.002));
#6392=CARTESIAN_POINT('',(-0.0596996143649072,0.0200085562786213,0.002));
#6393=CARTESIAN_POINT('',(-0.0596996143649072,0.0200085562786213,0.002));
#6394=CARTESIAN_POINT('',(-0.0596996143649072,0.0200085562786213,0.002));
#6395=CARTESIAN_POINT('',(-0.058491467823572,0.0199863099542059,0.002));
#6396=CARTESIAN_POINT('',(-0.0577830079537238,0.0192615931549771,0.002));
#6397=CARTESIAN_POINT('',(-0.0577830079537238,0.0192615931549771,0.002));
#6398=CARTESIAN_POINT('',(-0.0577830079537238,0.0192615931549771,0.002));
#6399=CARTESIAN_POINT('',(-0.0570745480838756,0.0185368763557483,0.002));
#6400=CARTESIAN_POINT('',(-0.0570043865991805,0.0172483007953723,0.002));
#6401=CARTESIAN_POINT('',(-0.0570043865991805,0.0172483007953723,0.002));
#6402=CARTESIAN_POINT('',(-0.0577855748373102,0.0172508676789588,0.002));
#6403=CARTESIAN_POINT('',(-0.0585667630754399,0.0172534345625452,0.002));
#6404=CARTESIAN_POINT('',(-0.0585667630754399,0.0172534345625452,0.002));
#6405=CARTESIAN_POINT('',(-0.0585667630754399,0.017990985779706,0.002));
#6406=CARTESIAN_POINT('',(-0.0588610990600145,0.0183332369245601,0.002));
#6407=CARTESIAN_POINT('',(-0.0588610990600145,0.0183332369245601,0.002));
#6408=CARTESIAN_POINT('',(-0.0588610990600145,0.0183332369245601,0.002));
#6409=CARTESIAN_POINT('',(-0.0591554350445891,0.0186754880694143,0.002));
#6410=CARTESIAN_POINT('',(-0.0597749096167751,0.0186977343938299,0.002));
#6411=CARTESIAN_POINT('',(-0.0597749096167751,0.0186977343938299,0.002));
#6412=CARTESIAN_POINT('',(-0.0597749096167751,0.0186977343938299,0.002));
#6413=CARTESIAN_POINT('',(-0.0605774885514582,0.0187251144854181,0.002));
#6414=CARTESIAN_POINT('',(-0.0610934321523259,0.0181261749819234,0.002));
#6415=CARTESIAN_POINT('',(-0.0610934321523259,0.0181261749819234,0.002));
#6416=CARTESIAN_POINT('',(-0.0610934321523259,0.0181261749819234,0.002));
#6417=CARTESIAN_POINT('',(-0.0616093757531935,0.0175272354784285,0.002));
#6418=CARTESIAN_POINT('',(-0.0617856350927935,0.0163772716317185,0.002));
#6419=CARTESIAN_POINT('',(-0.0617856350927935,0.0163772716317185,0.002));
#6420=CARTESIAN_POINT('',(-0.0617856350927935,0.0163772716317185,0.002));
#6421=CARTESIAN_POINT('',(-0.0619567606652205,0.0152598216437696,0.002));
#6422=CARTESIAN_POINT('',(-0.0619362255965293,0.0147036635333815,0.002));
#6423=CARTESIAN_POINT('',(-0.0619362255965293,0.0147036635333815,0.002));
#6424=CARTESIAN_POINT('',(-0.0619362255965293,0.0147036635333815,0.002));
#6425=CARTESIAN_POINT('',(-0.061908845504941,0.0139969149192576,0.002));
#6426=CARTESIAN_POINT('',(-0.0616204989154013,0.0136623644251627,0.002));
#6427=CARTESIAN_POINT('',(-0.0616204989154013,0.0136623644251627,0.002));
#6428=CARTESIAN_POINT('',(-0.0616204989154013,0.0136623644251627,0.002));
#6429=CARTESIAN_POINT('',(-0.0613321523258617,0.0133278139310677,0.002));
#6430=CARTESIAN_POINT('',(-0.0608119305856833,0.0133124126295493,0.002));
#6431=CARTESIAN_POINT('',(-0.0608119305856833,0.0133124126295493,0.002));
#6432=CARTESIAN_POINT('',(-0.0608119305856833,0.0133124126295493,0.002));
#6433=CARTESIAN_POINT('',(-0.0600966256929381,0.0132850325379609,0.002));
#6434=CARTESIAN_POINT('',(-0.0596662448782839,0.0136520968908171,0.002));
#6435=CARTESIAN_POINT('',(-0.0596662448782839,0.0136520968908171,0.002));
#6436=CARTESIAN_POINT('',(-0.0596662448782839,0.0136520968908171,0.002));
#6437=CARTESIAN_POINT('',(-0.0592358640636298,0.0140191612436732,0.002));
#6438=CARTESIAN_POINT('',(-0.0590955410942396,0.0147036635333815,0.002));
#6439=CARTESIAN_POINT('',(-0.05,-0.0147,0.002));
#6440=CARTESIAN_POINT('',(-0.05,-0.01155,0.002));
#6441=CARTESIAN_POINT('',(-0.05,-0.01785,0.002));
#6442=CARTESIAN_POINT('',(-0.04685,-0.01155,0.002));
#6443=CARTESIAN_POINT('',(-0.0437,-0.01155,0.002));
#6444=CARTESIAN_POINT('',(-0.0437,-0.0147,0.002));
#6445=CARTESIAN_POINT('',(-0.0437,-0.01785,0.002));
#6446=CARTESIAN_POINT('',(-0.04685,-0.01785,0.002));
#6447=CARTESIAN_POINT('',(0.0437,-0.0147,0.002));
#6448=CARTESIAN_POINT('',(0.0437,-0.01155,0.002));
#6449=CARTESIAN_POINT('',(0.0437,-0.01785,0.002));
#6450=CARTESIAN_POINT('',(0.04685,-0.01155,0.002));
#6451=CARTESIAN_POINT('',(0.05,-0.01155,0.002));
#6452=CARTESIAN_POINT('',(0.05,-0.0147,0.002));
#6453=CARTESIAN_POINT('',(0.05,-0.01785,0.002));
#6454=CARTESIAN_POINT('',(0.04685,-0.01785,0.002));
#6455=CARTESIAN_POINT('',(0.0615,0.023,0.002));
#6456=CARTESIAN_POINT('',(0.058,0.023,0.002));
#6457=CARTESIAN_POINT('',(0.058,0.0265,0.002));
#6458=CARTESIAN_POINT('',(-0.058,0.0265,0.002));
#6459=CARTESIAN_POINT('',(-0.058,0.023,0.002));
#6460=CARTESIAN_POINT('',(-0.0615,0.023,0.002));
#6461=CARTESIAN_POINT('',(-0.0615,-0.033,0.002));
#6462=CARTESIAN_POINT('',(-0.058,-0.033,0.002));
#6463=CARTESIAN_POINT('',(-0.058,-0.0365,0.002));
#6464=CARTESIAN_POINT('',(0.058,-0.0365,0.002));
#6465=CARTESIAN_POINT('',(0.058,-0.033,0.002));
#6466=CARTESIAN_POINT('',(0.0615,-0.033,0.002));
#6467=CARTESIAN_POINT('',(6.93889390390723E-18,0.028,-0.03));
#6468=CARTESIAN_POINT('',(6.93889390390723E-18,0.028,-0.03));
#6469=CARTESIAN_POINT('',(-0.054,0.028,-0.03));
#6470=CARTESIAN_POINT('',(0.054,0.028,-0.03));
#6471=CARTESIAN_POINT('',(0.054,0.028,-0.03));
#6472=CARTESIAN_POINT('',(0.054,0.028,0.));
#6473=CARTESIAN_POINT('',(6.93889390390723E-18,0.028,0.));
#6474=CARTESIAN_POINT('',(-0.054,0.028,0.));
#6475=CARTESIAN_POINT('',(-0.054,0.028,-0.03));
#6476=CARTESIAN_POINT('',(0.063,-0.005,-0.03));
#6477=CARTESIAN_POINT('',(0.063,0.019,-0.03));
#6478=CARTESIAN_POINT('',(0.063,0.019,-0.03));
#6479=CARTESIAN_POINT('',(0.063,0.019,0.));
#6480=CARTESIAN_POINT('',(0.063,-0.005,-0.03));
#6481=CARTESIAN_POINT('',(0.063,-0.029,-0.03));
#6482=CARTESIAN_POINT('',(0.063,-0.029,-0.03));
#6483=CARTESIAN_POINT('',(0.063,-0.029,0.));
#6484=CARTESIAN_POINT('',(0.063,-0.005,0.));
#6485=CARTESIAN_POINT('',(0.,-0.038,-0.03));
#6486=CARTESIAN_POINT('',(0.,-0.038,-0.03));
#6487=CARTESIAN_POINT('',(0.054,-0.038,-0.03));
#6488=CARTESIAN_POINT('',(-0.054,-0.038,-0.03));
#6489=CARTESIAN_POINT('',(-0.054,-0.038,-0.03));
#6490=CARTESIAN_POINT('',(-0.054,-0.038,0.));
#6491=CARTESIAN_POINT('',(0.,-0.038,0.));
#6492=CARTESIAN_POINT('',(0.054,-0.038,0.));
#6493=CARTESIAN_POINT('',(0.054,-0.038,-0.03));
#6494=CARTESIAN_POINT('',(-0.063,-0.005,-0.03));
#6495=CARTESIAN_POINT('',(-0.063,-0.029,-0.03));
#6496=CARTESIAN_POINT('',(-0.063,-0.029,-0.03));
#6497=CARTESIAN_POINT('',(-0.063,-0.029,0.));
#6498=CARTESIAN_POINT('',(-0.063,-0.005,-0.03));
#6499=CARTESIAN_POINT('',(-0.063,0.019,-0.03));
#6500=CARTESIAN_POINT('',(-0.063,0.019,-0.03));
#6501=CARTESIAN_POINT('',(-0.063,0.019,0.));
#6502=CARTESIAN_POINT('',(-0.063,-0.005,0.));
#6503=CARTESIAN_POINT('',(0.,-0.005,0.));
#6504=CARTESIAN_POINT('',(0.,-0.01155,0.));
#6505=CARTESIAN_POINT('',(0.0437,-0.01155,0.));
#6506=CARTESIAN_POINT('',(0.05,-0.01155,0.));
#6507=CARTESIAN_POINT('',(0.0437,-0.005,0.));
#6508=CARTESIAN_POINT('',(0.0437,-0.01785,0.));
#6509=CARTESIAN_POINT('',(0.,-0.01785,0.));
#6510=CARTESIAN_POINT('',(0.05,-0.01785,0.));
#6511=CARTESIAN_POINT('',(0.05,-0.005,0.));
#6512=CARTESIAN_POINT('',(0.,-0.03,0.));
#6513=CARTESIAN_POINT('',(-0.039,-0.03,0.));
#6514=CARTESIAN_POINT('',(0.039,-0.03,0.));
#6515=CARTESIAN_POINT('',(-0.039,-0.005,0.));
#6516=CARTESIAN_POINT('',(-0.039,-0.032,0.));
#6517=CARTESIAN_POINT('',(0.,-0.032,0.));
#6518=CARTESIAN_POINT('',(0.039,-0.032,0.));
#6519=CARTESIAN_POINT('',(0.039,-0.005,0.));
#6520=CARTESIAN_POINT('',(0.,0.017,0.));
#6521=CARTESIAN_POINT('',(-0.02709,0.017,0.));
#6522=CARTESIAN_POINT('',(0.02709,0.017,0.));
#6523=CARTESIAN_POINT('',(-0.02709,-0.005,0.));
#6524=CARTESIAN_POINT('',(-0.02709,-0.0017,0.));
#6525=CARTESIAN_POINT('',(0.,-0.0017,0.));
#6526=CARTESIAN_POINT('',(0.02709,-0.0017,0.));
#6527=CARTESIAN_POINT('',(0.02709,-0.005,0.));
#6528=CARTESIAN_POINT('',(-0.015,-0.0147,0.));
#6529=CARTESIAN_POINT('',(-0.01225,-0.0147,0.));
#6530=CARTESIAN_POINT('',(0.015,-0.0147,0.));
#6531=CARTESIAN_POINT('',(0.01775,-0.0147,0.));
#6532=CARTESIAN_POINT('',(0.,-0.01155,0.));
#6533=CARTESIAN_POINT('',(-0.05,-0.01155,0.));
#6534=CARTESIAN_POINT('',(-0.0437,-0.01155,0.));
#6535=CARTESIAN_POINT('',(-0.05,-0.005,0.));
#6536=CARTESIAN_POINT('',(-0.05,-0.01785,0.));
#6537=CARTESIAN_POINT('',(0.,-0.01785,0.));
#6538=CARTESIAN_POINT('',(-0.0437,-0.01785,0.));
#6539=CARTESIAN_POINT('',(-0.0437,-0.005,0.));
#6540=CARTESIAN_POINT('',(0.054,0.0235,0.));
#6541=CARTESIAN_POINT('',(0.054,0.019,0.));
#6542=CARTESIAN_POINT('',(0.0585,0.019,0.));
#6543=CARTESIAN_POINT('',(0.0585,-0.029,0.));
#6544=CARTESIAN_POINT('',(0.054,-0.029,0.));
#6545=CARTESIAN_POINT('',(0.054,-0.0335,0.));
#6546=CARTESIAN_POINT('',(-0.054,-0.0335,0.));
#6547=CARTESIAN_POINT('',(-0.054,-0.029,0.));
#6548=CARTESIAN_POINT('',(-0.0585,-0.029,0.));
#6549=CARTESIAN_POINT('',(-0.0585,0.019,0.));
#6550=CARTESIAN_POINT('',(-0.054,0.019,0.));
#6551=CARTESIAN_POINT('',(-0.054,0.0235,0.));
#6552=CARTESIAN_POINT('',(-0.0615,0.0265,-0.03));
#6553=CARTESIAN_POINT('',(-0.0615,0.0265,-0.03));
#6554=CARTESIAN_POINT('',(-0.0598,0.0265,-0.03));
#6555=CARTESIAN_POINT('',(-0.0615,0.0265,-0.008));
#6556=CARTESIAN_POINT('',(-0.0598,0.0265,-0.008));
#6557=CARTESIAN_POINT('',(0.0615,-0.0365,-0.03));
#6558=CARTESIAN_POINT('',(0.0615,-0.0365,-0.008));
#6559=CARTESIAN_POINT('',(0.0632,-0.0365,-0.008));
#6560=CARTESIAN_POINT('',(0.0615,-0.0365,-0.03));
#6561=CARTESIAN_POINT('',(0.0632,-0.0365,-0.03));
#6562=CARTESIAN_POINT('',(0.,0.017,-0.023));
#6563=CARTESIAN_POINT('',(0.02709,0.017,-0.023));
#6564=CARTESIAN_POINT('',(-0.02709,0.017,-0.023));
#6565=CARTESIAN_POINT('',(-0.02709,0.00765,-0.023));
#6566=CARTESIAN_POINT('',(-0.02709,-0.0017,-0.023));
#6567=CARTESIAN_POINT('',(0.,-0.0017,-0.023));
#6568=CARTESIAN_POINT('',(0.02709,-0.0017,-0.023));
#6569=CARTESIAN_POINT('',(0.02709,0.00765,-0.023));
#6570=CARTESIAN_POINT('',(0.056460578343643,0.0134536814605729,0.0015));
#6571=CARTESIAN_POINT('',(0.0571001795687947,0.014047444597922,0.0015));
#6572=CARTESIAN_POINT('',(0.0571001795687947,0.014047444597922,0.0015));
#6573=CARTESIAN_POINT('',(0.056460578343643,0.0134536814605729,0.0015));
#6574=CARTESIAN_POINT('',(0.0558209771184914,0.0128599183232238,0.0015));
#6575=CARTESIAN_POINT('',(0.0558209771184914,0.0128599183232238,0.0015));
#6576=CARTESIAN_POINT('',(0.0579668392288751,0.0121115848897964,0.0015));
#6577=CARTESIAN_POINT('',(0.0588334988889556,0.0101757251816708,0.0015));
#6578=CARTESIAN_POINT('',(0.0588334988889556,0.0101757251816708,0.0015));
#6579=CARTESIAN_POINT('',(0.0579668392288751,0.0121115848897964,0.0015));
#6580=CARTESIAN_POINT('',(0.0599453390186776,0.0101757251816708,0.0015));
#6581=CARTESIAN_POINT('',(0.0610571791483995,0.0101757251816708,0.0015));
#6582=CARTESIAN_POINT('',(0.0610571791483995,0.0101757251816708,0.0015));
#6583=CARTESIAN_POINT('',(0.0599453390186776,0.0101757251816708,0.0015));
#6584=CARTESIAN_POINT('',(0.0598078247552699,0.0128204762476728,0.0015));
#6585=CARTESIAN_POINT('',(0.0585584703621404,0.0154652273136748,0.0015));
#6586=CARTESIAN_POINT('',(0.0585584703621404,0.0154652273136748,0.0015));
#6587=CARTESIAN_POINT('',(0.0598078247552699,0.0128204762476728,0.0015));
#6588=CARTESIAN_POINT('',(0.0606542303765539,0.0176707855384061,0.0015));
#6589=CARTESIAN_POINT('',(0.0627499903909675,0.0198763437631374,0.0015));
#6590=CARTESIAN_POINT('',(0.0627499903909675,0.0198763437631374,0.0015));
#6591=CARTESIAN_POINT('',(0.0606542303765539,0.0176707855384061,0.0015));
#6592=CARTESIAN_POINT('',(0.0614771839529157,0.0198763437631374,0.0015));
#6593=CARTESIAN_POINT('',(0.060204377514864,0.0198763437631374,0.0015));
#6594=CARTESIAN_POINT('',(0.060204377514864,0.0198763437631374,0.0015));
#6595=CARTESIAN_POINT('',(0.0614771839529157,0.0198763437631374,0.0015));
#6596=CARTESIAN_POINT('',(0.0587460867215182,0.0182975947390547,0.0015));
#6597=CARTESIAN_POINT('',(0.0572877959281725,0.0167188457149721,0.0015));
#6598=CARTESIAN_POINT('',(0.0572877959281725,0.0167188457149721,0.0015));
#6599=CARTESIAN_POINT('',(0.0587460867215182,0.0182975947390547,0.0015));
#6600=CARTESIAN_POINT('',(0.056791038976638,0.0161591946429644,0.0015));
#6601=CARTESIAN_POINT('',(0.0562942820251036,0.0155995435709567,0.0015));
#6602=CARTESIAN_POINT('',(0.0562942820251036,0.0155995435709567,0.0015));
#6603=CARTESIAN_POINT('',(0.056791038976638,0.0161591946429644,0.0015));
#6604=CARTESIAN_POINT('',(0.0566673827397754,0.0177379436670471,0.0015));
#6605=CARTESIAN_POINT('',(0.0570404834544472,0.0198763437631374,0.0015));
#6606=CARTESIAN_POINT('',(0.0570404834544472,0.0198763437631374,0.0015));
#6607=CARTESIAN_POINT('',(0.0566673827397754,0.0177379436670471,0.0015));
#6608=CARTESIAN_POINT('',(0.056064025584049,0.0198763437631374,0.0015));
#6609=CARTESIAN_POINT('',(0.0550875677136508,0.0198763437631374,0.0015));
#6610=CARTESIAN_POINT('',(0.0550875677136508,0.0198763437631374,0.0015));
#6611=CARTESIAN_POINT('',(0.056064025584049,0.0198763437631374,0.0015));
#6612=CARTESIAN_POINT('',(0.0542454261005345,0.015026034472404,0.0015));
#6613=CARTESIAN_POINT('',(0.0534032844874182,0.0101757251816708,0.0015));
#6614=CARTESIAN_POINT('',(0.0534032844874182,0.0101757251816708,0.0015));
#6615=CARTESIAN_POINT('',(0.0542454261005345,0.015026034472404,0.0015));
#6616=CARTESIAN_POINT('',(0.0543786763557744,0.0101757251816708,0.0015));
#6617=CARTESIAN_POINT('',(0.0553540682241307,0.0101757251816708,0.0015));
#6618=CARTESIAN_POINT('',(0.0553540682241307,0.0101757251816708,0.0015));
#6619=CARTESIAN_POINT('',(0.0543786763557744,0.0101757251816708,0.0015));
#6620=CARTESIAN_POINT('',(0.055587522671311,0.0115178217524473,0.0015));
#6621=CARTESIAN_POINT('',(0.055587522671311,0.0115178217524473,0.0015));
#6622=CARTESIAN_POINT('',(0.,-0.005,0.0015));
#6623=CARTESIAN_POINT('',(0.0525824629151402,0.0134142393850219,0.0015));
#6624=CARTESIAN_POINT('',(0.0525824629151402,0.0134142393850219,0.002));
#6625=CARTESIAN_POINT('',(0.0525071321041779,0.0127433687666406,0.0015));
#6626=CARTESIAN_POINT('',(0.0525071321041779,0.0127433687666406,0.002));
#6627=CARTESIAN_POINT('',(0.0522782969991792,0.0121492502952776,0.0015));
#6628=CARTESIAN_POINT('',(0.0522782969991792,0.0121492502952776,0.002));
#6629=CARTESIAN_POINT('',(0.0518959576001441,0.0116318839709327,0.0015));
#6630=CARTESIAN_POINT('',(0.0518959576001441,0.0116318839709327,0.002));
#6631=CARTESIAN_POINT('',(0.0525824629151402,0.0134142393850219,0.0015));
#6632=CARTESIAN_POINT('',(0.0525824629151402,0.0134142393850219,0.0015));
#6633=CARTESIAN_POINT('',(0.0525824629151402,0.0134142393850219,0.0015));
#6634=CARTESIAN_POINT('',(0.0524694666986968,0.01240793345745,0.0015));
#6635=CARTESIAN_POINT('',(0.0518959576001441,0.0116318839709327,0.0015));
#6636=CARTESIAN_POINT('',(0.0518959576001441,0.0116318839709327,0.0015));
#6637=CARTESIAN_POINT('',(0.0518959576001441,0.0116318839709327,0.0015));
#6638=CARTESIAN_POINT('',(0.0516134670590355,0.0134078433727704,0.0015));
#6639=CARTESIAN_POINT('',(0.0506444712029308,0.0134014473605189,0.0015));
#6640=CARTESIAN_POINT('',(0.0506444712029308,0.0134014473605189,0.0015));
#6641=CARTESIAN_POINT('',(0.0516134670590355,0.0134078433727704,0.0015));
#6642=CARTESIAN_POINT('',(0.0499334478409705,0.0120913308509999,0.0015));
#6643=CARTESIAN_POINT('',(0.0499334478409705,0.0120913308509999,0.002));
#6644=CARTESIAN_POINT('',(0.0502909138590275,0.0123962074349889,0.0015));
#6645=CARTESIAN_POINT('',(0.0502909138590275,0.0123962074349889,0.002));
#6646=CARTESIAN_POINT('',(0.0505279216463476,0.0128329129381619,0.0015));
#6647=CARTESIAN_POINT('',(0.0505279216463476,0.0128329129381619,0.002));
#6648=CARTESIAN_POINT('',(0.0506444712029308,0.0134014473605189,0.0015));
#6649=CARTESIAN_POINT('',(0.0506444712029308,0.0134014473605189,0.002));
#6650=CARTESIAN_POINT('',(0.0499334478409705,0.0120913308509999,0.0015));
#6651=CARTESIAN_POINT('',(0.0499334478409705,0.0120913308509999,0.0015));
#6652=CARTESIAN_POINT('',(0.0499334478409705,0.0120913308509999,0.0015));
#6653=CARTESIAN_POINT('',(0.050469646868056,0.0125486457269834,0.0015));
#6654=CARTESIAN_POINT('',(0.0506444712029308,0.0134014473605189,0.0015));
#6655=CARTESIAN_POINT('',(0.0485060711068404,0.0116681280403579,0.0015));
#6656=CARTESIAN_POINT('',(0.0485060711068404,0.0116681280403579,0.002));
#6657=CARTESIAN_POINT('',(0.0491001895782035,0.0116453866634637,0.0015));
#6658=CARTESIAN_POINT('',(0.0491001895782035,0.0116453866634637,0.002));
#6659=CARTESIAN_POINT('',(0.0495759818229136,0.011786454267011,0.0015));
#6660=CARTESIAN_POINT('',(0.0495759818229136,0.011786454267011,0.002));
#6661=CARTESIAN_POINT('',(0.0499334478409705,0.0120913308509999,0.0015));
#6662=CARTESIAN_POINT('',(0.0499334478409705,0.0120913308509999,0.002));
#6663=CARTESIAN_POINT('',(0.0485060711068404,0.0116681280403579,0.0015));
#6664=CARTESIAN_POINT('',(0.0485060711068404,0.0116681280403579,0.0015));
#6665=CARTESIAN_POINT('',(0.0485060711068404,0.0116681280403579,0.0015));
#6666=CARTESIAN_POINT('',(0.0493972488138851,0.0116340159750165,0.0015));
#6667=CARTESIAN_POINT('',(0.0499334478409705,0.0120913308509999,0.0015));
#6668=CARTESIAN_POINT('',(0.0474986991772266,0.012104122875503,0.0015));
#6669=CARTESIAN_POINT('',(0.0474986991772266,0.012104122875503,0.002));
#6670=CARTESIAN_POINT('',(0.0477381943026445,0.011826251676576,0.0015));
#6671=CARTESIAN_POINT('',(0.0477381943026445,0.011826251676576,0.002));
#6672=CARTESIAN_POINT('',(0.0480739849458491,0.011680920064861,0.0015));
#6673=CARTESIAN_POINT('',(0.0480739849458491,0.011680920064861,0.002));
#6674=CARTESIAN_POINT('',(0.0485060711068404,0.0116681280403579,0.0015));
#6675=CARTESIAN_POINT('',(0.0485060711068404,0.0116681280403579,0.002));
#6676=CARTESIAN_POINT('',(0.0474986991772266,0.012104122875503,0.0015));
#6677=CARTESIAN_POINT('',(0.0474986991772266,0.012104122875503,0.0015));
#6678=CARTESIAN_POINT('',(0.0474986991772266,0.012104122875503,0.0015));
#6679=CARTESIAN_POINT('',(0.0478579418653534,0.0116873160771125,0.0015));
#6680=CARTESIAN_POINT('',(0.0485060711068404,0.0116681280403579,0.0015));
#6681=CARTESIAN_POINT('',(0.0471053444237583,0.0134014473605189,0.0015));
#6682=CARTESIAN_POINT('',(0.0471053444237583,0.0134014473605189,0.002));
#6683=CARTESIAN_POINT('',(0.0471280858006526,0.0128144355694353,0.0015));
#6684=CARTESIAN_POINT('',(0.0471280858006526,0.0128144355694353,0.002));
#6685=CARTESIAN_POINT('',(0.0472592040518087,0.01238199407443,0.0015));
#6686=CARTESIAN_POINT('',(0.0472592040518087,0.01238199407443,0.002));
#6687=CARTESIAN_POINT('',(0.0474986991772266,0.012104122875503,0.0015));
#6688=CARTESIAN_POINT('',(0.0474986991772266,0.012104122875503,0.002));
#6689=CARTESIAN_POINT('',(0.0471053444237583,0.0134014473605189,0.0015));
#6690=CARTESIAN_POINT('',(0.0471053444237583,0.0134014473605189,0.0015));
#6691=CARTESIAN_POINT('',(0.0471053444237583,0.0134014473605189,0.0015));
#6692=CARTESIAN_POINT('',(0.0471394564890997,0.0125209296738935,0.0015));
#6693=CARTESIAN_POINT('',(0.0474986991772266,0.012104122875503,0.0015));
#6694=CARTESIAN_POINT('',(0.0472929607831361,0.0154865473545132,0.0015));
#6695=CARTESIAN_POINT('',(0.0472929607831361,0.0154865473545132,0.002));
#6696=CARTESIAN_POINT('',(0.0471508271775469,0.0145584149100154,0.0015));
#6697=CARTESIAN_POINT('',(0.0471508271775469,0.0145584149100154,0.002));
#6698=CARTESIAN_POINT('',(0.0470882883910876,0.013863381578684,0.0015));
#6699=CARTESIAN_POINT('',(0.0470882883910876,0.013863381578684,0.002));
#6700=CARTESIAN_POINT('',(0.0471053444237583,0.0134014473605189,0.0015));
#6701=CARTESIAN_POINT('',(0.0471053444237583,0.0134014473605189,0.002));
#6702=CARTESIAN_POINT('',(0.0472929607831361,0.0154865473545132,0.0015));
#6703=CARTESIAN_POINT('',(0.0472929607831361,0.0154865473545132,0.0015));
#6704=CARTESIAN_POINT('',(0.0472929607831361,0.0154865473545132,0.0015));
#6705=CARTESIAN_POINT('',(0.0470797603747523,0.0140943486877665,0.0015));
#6706=CARTESIAN_POINT('',(0.0471053444237583,0.0134014473605189,0.0015));
#6707=CARTESIAN_POINT('',(0.0481553564350489,0.0176654555281965,0.0015));
#6708=CARTESIAN_POINT('',(0.0481553564350489,0.0176654555281965,0.002));
#6709=CARTESIAN_POINT('',(0.0477268236141973,0.0171679879086341,0.0015));
#6710=CARTESIAN_POINT('',(0.0477268236141973,0.0171679879086341,0.002));
#6711=CARTESIAN_POINT('',(0.047439358396893,0.016441685184073,0.0015));
#6712=CARTESIAN_POINT('',(0.047439358396893,0.016441685184073,0.002));
#6713=CARTESIAN_POINT('',(0.0472929607831361,0.0154865473545132,0.0015));
#6714=CARTESIAN_POINT('',(0.0472929607831361,0.0154865473545132,0.002));
#6715=CARTESIAN_POINT('',(0.0481553564350489,0.0176654555281965,0.0015));
#6716=CARTESIAN_POINT('',(0.0481553564350489,0.0176654555281965,0.0015));
#6717=CARTESIAN_POINT('',(0.0481553564350489,0.0176654555281965,0.0015));
#6718=CARTESIAN_POINT('',(0.0475125572037715,0.0169192540988529,0.0015));
#6719=CARTESIAN_POINT('',(0.0472929607831361,0.0154865473545132,0.0015));
#6720=CARTESIAN_POINT('',(0.0497980655816467,0.0183775448921987,0.0015));
#6721=CARTESIAN_POINT('',(0.0497980655816467,0.0183775448921987,0.002));
#6722=CARTESIAN_POINT('',(0.0491314589714331,0.018400286269093,0.0015));
#6723=CARTESIAN_POINT('',(0.0491314589714331,0.018400286269093,0.002));
#6724=CARTESIAN_POINT('',(0.0485838892559005,0.0181629231477589,0.0015));
#6725=CARTESIAN_POINT('',(0.0485838892559005,0.0181629231477589,0.002));
#6726=CARTESIAN_POINT('',(0.0481553564350489,0.0176654555281965,0.0015));
#6727=CARTESIAN_POINT('',(0.0481553564350489,0.0176654555281965,0.002));
#6728=CARTESIAN_POINT('',(0.0497980655816467,0.0183775448921987,0.0015));
#6729=CARTESIAN_POINT('',(0.0497980655816467,0.0183775448921987,0.0015));
#6730=CARTESIAN_POINT('',(0.0497980655816467,0.0183775448921987,0.0015));
#6731=CARTESIAN_POINT('',(0.0487981556663263,0.0184116569575401,0.0015));
#6732=CARTESIAN_POINT('',(0.0481553564350489,0.0176654555281965,0.0015));
#6733=CARTESIAN_POINT('',(0.0509365557624167,0.017923428022341,0.0015));
#6734=CARTESIAN_POINT('',(0.0509365557624167,0.017923428022341,0.002));
#6735=CARTESIAN_POINT('',(0.0506920859608032,0.0182076952335195,0.0015));
#6736=CARTESIAN_POINT('',(0.0506920859608032,0.0182076952335195,0.002));
#6737=CARTESIAN_POINT('',(0.0503125892338798,0.0183590675234721,0.0015));
#6738=CARTESIAN_POINT('',(0.0503125892338798,0.0183590675234721,0.002));
#6739=CARTESIAN_POINT('',(0.0497980655816467,0.0183775448921987,0.0015));
#6740=CARTESIAN_POINT('',(0.0497980655816467,0.0183775448921987,0.002));
#6741=CARTESIAN_POINT('',(0.0509365557624167,0.017923428022341,0.0015));
#6742=CARTESIAN_POINT('',(0.0509365557624167,0.017923428022341,0.0015));
#6743=CARTESIAN_POINT('',(0.0509365557624167,0.017923428022341,0.0015));
#6744=CARTESIAN_POINT('',(0.0505698510599964,0.0183498288391087,0.0015));
#6745=CARTESIAN_POINT('',(0.0497980655816467,0.0183775448921987,0.0015));
#6746=CARTESIAN_POINT('',(0.0513032604648369,0.0165781334454387,0.0015));
#6747=CARTESIAN_POINT('',(0.0513032604648369,0.0165781334454387,0.002));
#6748=CARTESIAN_POINT('',(0.0513032604648369,0.0171907292855284,0.0015));
#6749=CARTESIAN_POINT('',(0.0513032604648369,0.0171907292855284,0.002));
#6750=CARTESIAN_POINT('',(0.0511810255640302,0.0176391608111625,0.0015));
#6751=CARTESIAN_POINT('',(0.0511810255640302,0.0176391608111625,0.002));
#6752=CARTESIAN_POINT('',(0.0509365557624167,0.017923428022341,0.0015));
#6753=CARTESIAN_POINT('',(0.0509365557624167,0.017923428022341,0.002));
#6754=CARTESIAN_POINT('',(0.0513032604648369,0.0165781334454387,0.0015));
#6755=CARTESIAN_POINT('',(0.0513032604648369,0.0165781334454387,0.0015));
#6756=CARTESIAN_POINT('',(0.0513032604648369,0.0165781334454387,0.0015));
#6757=CARTESIAN_POINT('',(0.0513032604648369,0.0174970272055733,0.0015));
#6758=CARTESIAN_POINT('',(0.0509365557624167,0.017923428022341,0.0015));
#6759=CARTESIAN_POINT('',(0.0522765203291094,0.0165749354393129,0.0015));
#6760=CARTESIAN_POINT('',(0.0532497801933818,0.0165717374331872,0.0015));
#6761=CARTESIAN_POINT('',(0.0532497801933818,0.0165717374331872,0.0015));
#6762=CARTESIAN_POINT('',(0.0522765203291094,0.0165749354393129,0.0015));
#6763=CARTESIAN_POINT('',(0.0522797183352351,0.0190800402378236,0.0015));
#6764=CARTESIAN_POINT('',(0.0522797183352351,0.0190800402378236,0.002));
#6765=CARTESIAN_POINT('',(0.0528681514623746,0.0184781044181531,0.0015));
#6766=CARTESIAN_POINT('',(0.0528681514623746,0.0184781044181531,0.002));
#6767=CARTESIAN_POINT('',(0.0531915054150902,0.0176420034832743,0.0015));
#6768=CARTESIAN_POINT('',(0.0531915054150902,0.0176420034832743,0.002));
#6769=CARTESIAN_POINT('',(0.0532497801933818,0.0165717374331872,0.0015));
#6770=CARTESIAN_POINT('',(0.0532497801933818,0.0165717374331872,0.002));
#6771=CARTESIAN_POINT('',(0.0522797183352351,0.0190800402378236,0.0015));
#6772=CARTESIAN_POINT('',(0.0522797183352351,0.0190800402378236,0.0015));
#6773=CARTESIAN_POINT('',(0.0522797183352351,0.0190800402378236,0.0015));
#6774=CARTESIAN_POINT('',(0.0531623680259444,0.0181771365083178,0.0015));
#6775=CARTESIAN_POINT('',(0.0532497801933818,0.0165717374331872,0.0015));
#6776=CARTESIAN_POINT('',(0.0498918737613357,0.0200106600204192,0.0015));
#6777=CARTESIAN_POINT('',(0.0498918737613357,0.0200106600204192,0.002));
#6778=CARTESIAN_POINT('',(0.0508953370167958,0.0199921826516926,0.0015));
#6779=CARTESIAN_POINT('',(0.0508953370167958,0.0199921826516926,0.002));
#6780=CARTESIAN_POINT('',(0.0516912852080956,0.0196819760574941,0.0015));
#6781=CARTESIAN_POINT('',(0.0516912852080956,0.0196819760574941,0.002));
#6782=CARTESIAN_POINT('',(0.0522797183352351,0.0190800402378236,0.0015));
#6783=CARTESIAN_POINT('',(0.0522797183352351,0.0190800402378236,0.002));
#6784=CARTESIAN_POINT('',(0.0498918737613357,0.0200106600204192,0.0015));
#6785=CARTESIAN_POINT('',(0.0498918737613357,0.0200106600204192,0.0015));
#6786=CARTESIAN_POINT('',(0.0498918737613357,0.0200106600204192,0.0015));
#6787=CARTESIAN_POINT('',(0.0513970686445259,0.0199829439673293,0.0015));
#6788=CARTESIAN_POINT('',(0.0522797183352351,0.0190800402378236,0.0015));
#6789=CARTESIAN_POINT('',(0.0474251450363342,0.0192644585910756,0.0015));
#6790=CARTESIAN_POINT('',(0.0474251450363342,0.0192644585910756,0.002));
#6791=CARTESIAN_POINT('',(0.0481457624166717,0.0197789822433087,0.0015));
#6792=CARTESIAN_POINT('',(0.0481457624166717,0.0197789822433087,0.002));
#6793=CARTESIAN_POINT('',(0.0489680053250055,0.0200277160530899,0.0015));
#6794=CARTESIAN_POINT('',(0.0489680053250055,0.0200277160530899,0.002));
#6795=CARTESIAN_POINT('',(0.0498918737613357,0.0200106600204192,0.0015));
#6796=CARTESIAN_POINT('',(0.0498918737613357,0.0200106600204192,0.002));
#6797=CARTESIAN_POINT('',(0.0474251450363342,0.0192644585910756,0.0015));
#6798=CARTESIAN_POINT('',(0.0474251450363342,0.0192644585910756,0.0015));
#6799=CARTESIAN_POINT('',(0.0474251450363342,0.0192644585910756,0.0015));
#6800=CARTESIAN_POINT('',(0.0485060711068404,0.0200362440694252,0.0015));
#6801=CARTESIAN_POINT('',(0.0498918737613357,0.0200106600204192,0.0015));
#6802=CARTESIAN_POINT('',(0.0461033025043541,0.017764593718095,0.0015));
#6803=CARTESIAN_POINT('',(0.0461033025043541,0.017764593718095,0.002));
#6804=CARTESIAN_POINT('',(0.046474271214942,0.0183949562588833,0.0015));
#6805=CARTESIAN_POINT('',(0.046474271214942,0.0183949562588833,0.002));
#6806=CARTESIAN_POINT('',(0.0469148853922687,0.0188949112165435,0.0015));
#6807=CARTESIAN_POINT('',(0.0469148853922687,0.0188949112165435,0.002));
#6808=CARTESIAN_POINT('',(0.0474251450363342,0.0192644585910756,0.0015));
#6809=CARTESIAN_POINT('',(0.0474251450363342,0.0192644585910756,0.002));
#6810=CARTESIAN_POINT('',(0.0461033025043541,0.017764593718095,0.0015));
#6811=CARTESIAN_POINT('',(0.0461033025043541,0.017764593718095,0.0015));
#6812=CARTESIAN_POINT('',(0.0461033025043541,0.017764593718095,0.0015));
#6813=CARTESIAN_POINT('',(0.046659755570236,0.0187101375292775,0.0015));
#6814=CARTESIAN_POINT('',(0.0474251450363342,0.0192644585910756,0.0015));
#6815=CARTESIAN_POINT('',(0.0453304510239625,0.0155995435709567,0.0015));
#6816=CARTESIAN_POINT('',(0.0453304510239625,0.0155995435709567,0.002));
#6817=CARTESIAN_POINT('',(0.0454747166336356,0.0164125477949272,0.0015));
#6818=CARTESIAN_POINT('',(0.0454747166336356,0.0164125477949272,0.002));
#6819=CARTESIAN_POINT('',(0.0457323337937662,0.0171342311773067,0.0015));
#6820=CARTESIAN_POINT('',(0.0457323337937662,0.0171342311773067,0.002));
#6821=CARTESIAN_POINT('',(0.0461033025043541,0.017764593718095,0.0015));
#6822=CARTESIAN_POINT('',(0.0461033025043541,0.017764593718095,0.002));
#6823=CARTESIAN_POINT('',(0.0453304510239625,0.0155995435709567,0.0015));
#6824=CARTESIAN_POINT('',(0.0453304510239625,0.0155995435709567,0.0015));
#6825=CARTESIAN_POINT('',(0.0453304510239625,0.0155995435709567,0.0015));
#6826=CARTESIAN_POINT('',(0.0455468494384722,0.0168190499069125,0.0015));
#6827=CARTESIAN_POINT('',(0.0461033025043541,0.017764593718095,0.0015));
#6828=CARTESIAN_POINT('',(0.0451609566992973,0.0135613476668068,0.0015));
#6829=CARTESIAN_POINT('',(0.0451609566992973,0.0135613476668068,0.002));
#6830=CARTESIAN_POINT('',(0.0451296873060677,0.0141071407122695,0.0015));
#6831=CARTESIAN_POINT('',(0.0451296873060677,0.0141071407122695,0.002));
#6832=CARTESIAN_POINT('',(0.0451861854142894,0.0147865393469862,0.0015));
#6833=CARTESIAN_POINT('',(0.0451861854142894,0.0147865393469862,0.002));
#6834=CARTESIAN_POINT('',(0.0453304510239625,0.0155995435709567,0.0015));
#6835=CARTESIAN_POINT('',(0.0453304510239625,0.0155995435709567,0.002));
#6836=CARTESIAN_POINT('',(0.0451609566992973,0.0135613476668068,0.0015));
#6837=CARTESIAN_POINT('',(0.0451609566992973,0.0135613476668068,0.0015));
#6838=CARTESIAN_POINT('',(0.0451609566992973,0.0135613476668068,0.0015));
#6839=CARTESIAN_POINT('',(0.0451140526094529,0.0143800372350009,0.0015));
#6840=CARTESIAN_POINT('',(0.0453304510239625,0.0155995435709567,0.0015));
#6841=CARTESIAN_POINT('',(0.0456236015854904,0.0117118341240766,0.0015));
#6842=CARTESIAN_POINT('',(0.0456236015854904,0.0117118341240766,0.002));
#6843=CARTESIAN_POINT('',(0.045350705062759,0.0122469671491202,0.0015));
#6844=CARTESIAN_POINT('',(0.045350705062759,0.0122469671491202,0.002));
#6845=CARTESIAN_POINT('',(0.0451964901006946,0.0128634716633636,0.0015));
#6846=CARTESIAN_POINT('',(0.0451964901006946,0.0128634716633636,0.002));
#6847=CARTESIAN_POINT('',(0.0451609566992973,0.0135613476668068,0.0015));
#6848=CARTESIAN_POINT('',(0.0451609566992973,0.0135613476668068,0.002));
#6849=CARTESIAN_POINT('',(0.0456236015854904,0.0117118341240766,0.0015));
#6850=CARTESIAN_POINT('',(0.0456236015854904,0.0117118341240766,0.0015));
#6851=CARTESIAN_POINT('',(0.0456236015854904,0.0117118341240766,0.0015));
#6852=CARTESIAN_POINT('',(0.0452142568013933,0.0125145336616419,0.0015));
#6853=CARTESIAN_POINT('',(0.0451609566992973,0.0135613476668068,0.0015));
#6854=CARTESIAN_POINT('',(0.0467461017356315,0.0104859317758693,0.0015));
#6855=CARTESIAN_POINT('',(0.0467461017356315,0.0104859317758693,0.002));
#6856=CARTESIAN_POINT('',(0.0462706648249354,0.010768066982964,0.0015));
#6857=CARTESIAN_POINT('',(0.0462706648249354,0.010768066982964,0.002));
#6858=CARTESIAN_POINT('',(0.0458964981082217,0.0111767010990331,0.0015));
#6859=CARTESIAN_POINT('',(0.0458964981082217,0.0111767010990331,0.002));
#6860=CARTESIAN_POINT('',(0.0456236015854904,0.0117118341240766,0.0015));
#6861=CARTESIAN_POINT('',(0.0456236015854904,0.0117118341240766,0.002));
#6862=CARTESIAN_POINT('',(0.0467461017356315,0.0104859317758693,0.0015));
#6863=CARTESIAN_POINT('',(0.0467461017356315,0.0104859317758693,0.0015));
#6864=CARTESIAN_POINT('',(0.0467461017356315,0.0104859317758693,0.0015));
#6865=CARTESIAN_POINT('',(0.0460329463695874,0.0109091345865113,0.0015));
#6866=CARTESIAN_POINT('',(0.0456236015854904,0.0117118341240766,0.0015));
#6867=CARTESIAN_POINT('',(0.048418658939403,0.0100414089243889,0.0015));
#6868=CARTESIAN_POINT('',(0.048418658939403,0.0100414089243889,0.002));
#6869=CARTESIAN_POINT('',(0.0477790577142514,0.0100556222849479,0.0015));
#6870=CARTESIAN_POINT('',(0.0477790577142514,0.0100556222849479,0.002));
#6871=CARTESIAN_POINT('',(0.0472215386463276,0.0102037965687747,0.0015));
#6872=CARTESIAN_POINT('',(0.0472215386463276,0.0102037965687747,0.002));
#6873=CARTESIAN_POINT('',(0.0467461017356315,0.0104859317758693,0.0015));
#6874=CARTESIAN_POINT('',(0.0467461017356315,0.0104859317758693,0.002));
#6875=CARTESIAN_POINT('',(0.048418658939403,0.0100414089243889,0.0015));
#6876=CARTESIAN_POINT('',(0.048418658939403,0.0100414089243889,0.0015));
#6877=CARTESIAN_POINT('',(0.048418658939403,0.0100414089243889,0.0015));
#6878=CARTESIAN_POINT('',(0.0474592571016756,0.0100627289652273,0.0015));
#6879=CARTESIAN_POINT('',(0.0467461017356315,0.0104859317758693,0.0015));
#6880=CARTESIAN_POINT('',(0.050403554741457,0.0104390276860249,0.0015));
#6881=CARTESIAN_POINT('',(0.050403554741457,0.0104390276860249,0.002));
#6882=CARTESIAN_POINT('',(0.0497909589013673,0.0101611564870979,0.0015));
#6883=CARTESIAN_POINT('',(0.0497909589013673,0.0101611564870979,0.002));
#6884=CARTESIAN_POINT('',(0.0491293269673493,0.0100286168998859,0.0015));
#6885=CARTESIAN_POINT('',(0.0491293269673493,0.0100286168998859,0.002));
#6886=CARTESIAN_POINT('',(0.048418658939403,0.0100414089243889,0.0015));
#6887=CARTESIAN_POINT('',(0.048418658939403,0.0100414089243889,0.002));
#6888=CARTESIAN_POINT('',(0.050403554741457,0.0104390276860249,0.0015));
#6889=CARTESIAN_POINT('',(0.050403554741457,0.0104390276860249,0.0015));
#6890=CARTESIAN_POINT('',(0.050403554741457,0.0104390276860249,0.0015));
#6891=CARTESIAN_POINT('',(0.0494846609813224,0.0100222208876344,0.0015));
#6892=CARTESIAN_POINT('',(0.048418658939403,0.0100414089243889,0.0015));
#6893=CARTESIAN_POINT('',(0.0518959576001441,0.0116318839709327,0.0015));
#6894=CARTESIAN_POINT('',(0.0518959576001441,0.0116318839709327,0.002));
#6895=CARTESIAN_POINT('',(0.051513618201109,0.0111145176465878,0.0015));
#6896=CARTESIAN_POINT('',(0.051513618201109,0.0111145176465878,0.002));
#6897=CARTESIAN_POINT('',(0.0510161505815467,0.0107168988849518,0.0015));
#6898=CARTESIAN_POINT('',(0.0510161505815467,0.0107168988849518,0.002));
#6899=CARTESIAN_POINT('',(0.050403554741457,0.0104390276860249,0.0015));
#6900=CARTESIAN_POINT('',(0.050403554741457,0.0104390276860249,0.002));
#6901=CARTESIAN_POINT('',(0.0518959576001441,0.0116318839709327,0.0015));
#6902=CARTESIAN_POINT('',(0.0513224485015915,0.0108558344844153,0.0015));
#6903=CARTESIAN_POINT('',(0.050403554741457,0.0104390276860249,0.0015));
#6904=CARTESIAN_POINT('',(0.,-0.005,0.0015));
#6905=CARTESIAN_POINT('',(0.0325213704882589,0.0117811242568014,0.0015));
#6906=CARTESIAN_POINT('',(0.0304629205453126,0.0117811242568014,0.0015));
#6907=CARTESIAN_POINT('',(0.0304629205453126,0.0117811242568014,0.0015));
#6908=CARTESIAN_POINT('',(0.0325213704882589,0.0117811242568014,0.0015));
#6909=CARTESIAN_POINT('',(0.0345798204312054,0.0117811242568014,0.0015));
#6910=CARTESIAN_POINT('',(0.0345798204312054,0.0117811242568014,0.0015));
#6911=CARTESIAN_POINT('',(0.0311654158909375,0.0158287340099694,0.0015));
#6912=CARTESIAN_POINT('',(0.0318679112365624,0.0198763437631374,0.0015));
#6913=CARTESIAN_POINT('',(0.0318679112365624,0.0198763437631374,0.0015));
#6914=CARTESIAN_POINT('',(0.0311654158909375,0.0158287340099694,0.0015));
#6915=CARTESIAN_POINT('',(0.0308914533661642,0.0198763437631374,0.0015));
#6916=CARTESIAN_POINT('',(0.029914995495766,0.0198763437631374,0.0015));
#6917=CARTESIAN_POINT('',(0.029914995495766,0.0198763437631374,0.0015));
#6918=CARTESIAN_POINT('',(0.0308914533661642,0.0198763437631374,0.0015));
#6919=CARTESIAN_POINT('',(0.0290728538826497,0.015026034472404,0.0015));
#6920=CARTESIAN_POINT('',(0.0282307122695334,0.0101757251816708,0.0015));
#6921=CARTESIAN_POINT('',(0.0282307122695334,0.0101757251816708,0.0015));
#6922=CARTESIAN_POINT('',(0.0290728538826497,0.015026034472404,0.0015));
#6923=CARTESIAN_POINT('',(0.0312656200828779,0.0101757251816708,0.0015));
#6924=CARTESIAN_POINT('',(0.0343005278962224,0.0101757251816708,0.0015));
#6925=CARTESIAN_POINT('',(0.0343005278962224,0.0101757251816708,0.0015));
#6926=CARTESIAN_POINT('',(0.0312656200828779,0.0101757251816708,0.0015));
#6927=CARTESIAN_POINT('',(0.0344401741637139,0.0109784247192361,0.0015));
#6928=CARTESIAN_POINT('',(0.0344401741637139,0.0109784247192361,0.0015));
#6929=CARTESIAN_POINT('',(0.,-0.005,0.0015));
#6930=CARTESIAN_POINT('',(-0.0411116305160808,-0.0036715546347328,0.0015));
#6931=CARTESIAN_POINT('',(-0.0397832834704563,-0.0036715546347328,0.0015));
#6932=CARTESIAN_POINT('',(-0.0397832834704563,-0.0036715546347328,0.0015));
#6933=CARTESIAN_POINT('',(-0.0411116305160808,-0.0036715546347328,0.0015));
#6934=CARTESIAN_POINT('',(-0.0424399775617053,-0.0036715546347328,0.0015));
#6935=CARTESIAN_POINT('',(-0.0424399775617053,-0.0036715546347328,0.0015));
#6936=CARTESIAN_POINT('',(-0.0386060209424084,0.00313472808778029,0.0015));
#6937=CARTESIAN_POINT('',(-0.0374287584143605,0.00994101081029337,0.0015));
#6938=CARTESIAN_POINT('',(-0.0374287584143605,0.00994101081029337,0.0015));
#6939=CARTESIAN_POINT('',(-0.0386060209424084,0.00313472808778029,0.0015));
#6940=CARTESIAN_POINT('',(-0.0387930067314884,0.00994101081029337,0.0015));
#6941=CARTESIAN_POINT('',(-0.0401572550486163,0.00994101081029337,0.0015));
#6942=CARTESIAN_POINT('',(-0.0401572550486163,0.00994101081029337,0.0015));
#6943=CARTESIAN_POINT('',(-0.0387930067314884,0.00994101081029337,0.0015));
#6944=CARTESIAN_POINT('',(-0.040948578908003,0.00539202053355441,0.0015));
#6945=CARTESIAN_POINT('',(-0.0417399027673897,0.00084303025681544,0.0015));
#6946=CARTESIAN_POINT('',(-0.0417399027673897,0.00084303025681544,0.0015));
#6947=CARTESIAN_POINT('',(-0.040948578908003,0.00539202053355441,0.0015));
#6948=CARTESIAN_POINT('',(-0.0436366866118175,0.00539202053355441,0.0015));
#6949=CARTESIAN_POINT('',(-0.0455334704562453,0.00994101081029337,0.0015));
#6950=CARTESIAN_POINT('',(-0.0455334704562453,0.00994101081029337,0.0015));
#6951=CARTESIAN_POINT('',(-0.0436366866118175,0.00539202053355441,0.0015));
#6952=CARTESIAN_POINT('',(-0.0468573298429319,0.00994101081029337,0.0015));
#6953=CARTESIAN_POINT('',(-0.0481811892296186,0.00994101081029337,0.0015));
#6954=CARTESIAN_POINT('',(-0.0481811892296186,0.00994101081029337,0.0015));
#6955=CARTESIAN_POINT('',(-0.0468573298429319,0.00994101081029337,0.0015));
#6956=CARTESIAN_POINT('',(-0.0493629394166043,0.00313472808778029,0.0015));
#6957=CARTESIAN_POINT('',(-0.0505446896035901,-0.0036715546347328,0.0015));
#6958=CARTESIAN_POINT('',(-0.0505446896035901,-0.0036715546347328,0.0015));
#6959=CARTESIAN_POINT('',(-0.0493629394166043,0.00313472808778029,0.0015));
#6960=CARTESIAN_POINT('',(-0.0491759536275243,-0.0036715546347328,0.0015));
#6961=CARTESIAN_POINT('',(-0.0478072176514585,-0.0036715546347328,0.0015));
#6962=CARTESIAN_POINT('',(-0.0478072176514585,-0.0036715546347328,0.0015));
#6963=CARTESIAN_POINT('',(-0.0491759536275243,-0.0036715546347328,0.0015));
#6964=CARTESIAN_POINT('',(-0.0470173896783844,0.000866964437817683,0.0015));
#6965=CARTESIAN_POINT('',(-0.0462275617053104,0.00540548351036817,0.0015));
#6966=CARTESIAN_POINT('',(-0.0462275617053104,0.00540548351036817,0.0015));
#6967=CARTESIAN_POINT('',(-0.0470173896783844,0.000866964437817683,0.0015));
#6968=CARTESIAN_POINT('',(-0.0443337696335079,0.000866964437817684,0.0015));
#6969=CARTESIAN_POINT('',(-0.0443337696335079,0.000866964437817684,0.0015));
#6970=CARTESIAN_POINT('',(0.,-0.005,0.0015));
#6971=CARTESIAN_POINT('',(-0.0534372740419378,0.0134031091829356,0.0015));
#6972=CARTESIAN_POINT('',(-0.0550894914437214,0.0134031091829356,0.0015));
#6973=CARTESIAN_POINT('',(-0.0550894914437214,0.0134031091829356,0.0015));
#6974=CARTESIAN_POINT('',(-0.0534372740419378,0.0134031091829356,0.0015));
#6975=CARTESIAN_POINT('',(-0.0517850566401543,0.0134031091829356,0.0015));
#6976=CARTESIAN_POINT('',(-0.0517850566401543,0.0134031091829356,0.0015));
#6977=CARTESIAN_POINT('',(-0.0545256326825741,0.0166519281754639,0.0015));
#6978=CARTESIAN_POINT('',(-0.0539617739214269,0.0199007471679923,0.0015));
#6979=CARTESIAN_POINT('',(-0.0539617739214269,0.0199007471679923,0.0015));
#6980=CARTESIAN_POINT('',(-0.0545256326825741,0.0166519281754639,0.0015));
#6981=CARTESIAN_POINT('',(-0.0547455290431429,0.0199007471679923,0.0015));
#6982=CARTESIAN_POINT('',(-0.055529284164859,0.0199007471679923,0.0015));
#6983=CARTESIAN_POINT('',(-0.055529284164859,0.0199007471679923,0.0015));
#6984=CARTESIAN_POINT('',(-0.0547455290431429,0.0199007471679923,0.0015));
#6985=CARTESIAN_POINT('',(-0.056205230175946,0.016007640395276,0.0015));
#6986=CARTESIAN_POINT('',(-0.056881176187033,0.0121145336225596,0.0015));
#6987=CARTESIAN_POINT('',(-0.056881176187033,0.0121145336225596,0.0015));
#6988=CARTESIAN_POINT('',(-0.056205230175946,0.016007640395276,0.0015));
#6989=CARTESIAN_POINT('',(-0.0544452036635334,0.0121145336225596,0.0015));
#6990=CARTESIAN_POINT('',(-0.0520092311400337,0.0121145336225596,0.0015));
#6991=CARTESIAN_POINT('',(-0.0520092311400337,0.0121145336225596,0.0015));
#6992=CARTESIAN_POINT('',(-0.0544452036635334,0.0121145336225596,0.0015));
#6993=CARTESIAN_POINT('',(-0.051897143890094,0.0127588214027476,0.0015));
#6994=CARTESIAN_POINT('',(-0.051897143890094,0.0127588214027476,0.0015));
#6995=CARTESIAN_POINT('',(0.,-0.005,0.0015));
#6996=CARTESIAN_POINT('',(-0.0373352133044107,0.0147139310677271,0.0015));
#6997=CARTESIAN_POINT('',(-0.0373352133044107,0.0147139310677271,0.002));
#6998=CARTESIAN_POINT('',(-0.0373956776733349,0.0141754559331566,0.0015));
#6999=CARTESIAN_POINT('',(-0.0373956776733349,0.0141754559331566,0.002));
#7000=CARTESIAN_POINT('',(-0.0375793524544067,0.0136985860046598,0.0015));
#7001=CARTESIAN_POINT('',(-0.0375793524544067,0.0136985860046598,0.002));
#7002=CARTESIAN_POINT('',(-0.0378862376476259,0.0132833212822367,0.0015));
#7003=CARTESIAN_POINT('',(-0.0378862376476259,0.0132833212822367,0.002));
#7004=CARTESIAN_POINT('',(-0.0373352133044107,0.0147139310677271,0.0015));
#7005=CARTESIAN_POINT('',(-0.0373352133044107,0.0147139310677271,0.0015));
#7006=CARTESIAN_POINT('',(-0.0373352133044107,0.0147139310677271,0.0015));
#7007=CARTESIAN_POINT('',(-0.037425909857797,0.0139062183658713,0.0015));
#7008=CARTESIAN_POINT('',(-0.0378862376476259,0.0132833212822367,0.0015));
#7009=CARTESIAN_POINT('',(-0.0378862376476259,0.0132833212822367,0.0015));
#7010=CARTESIAN_POINT('',(-0.0378862376476259,0.0132833212822367,0.0015));
#7011=CARTESIAN_POINT('',(-0.0381129790310918,0.0147087973005543,0.0015));
#7012=CARTESIAN_POINT('',(-0.038890744757773,0.0147036635333815,0.0015));
#7013=CARTESIAN_POINT('',(-0.038890744757773,0.0147036635333815,0.0015));
#7014=CARTESIAN_POINT('',(-0.0381129790310918,0.0147087973005543,0.0015));
#7015=CARTESIAN_POINT('',(-0.0394614485418173,0.0136520968908171,0.0015));
#7016=CARTESIAN_POINT('',(-0.0394614485418173,0.0136520968908171,0.002));
#7017=CARTESIAN_POINT('',(-0.0391745279987145,0.0138968064593878,0.0015));
#7018=CARTESIAN_POINT('',(-0.0391745279987145,0.0138968064593878,0.002));
#7019=CARTESIAN_POINT('',(-0.0389842934040331,0.0142473286735759,0.0015));
#7020=CARTESIAN_POINT('',(-0.0389842934040331,0.0142473286735759,0.002));
#7021=CARTESIAN_POINT('',(-0.038890744757773,0.0147036635333815,0.0015));
#7022=CARTESIAN_POINT('',(-0.038890744757773,0.0147036635333815,0.002));
#7023=CARTESIAN_POINT('',(-0.0394614485418173,0.0136520968908171,0.0015));
#7024=CARTESIAN_POINT('',(-0.0394614485418173,0.0136520968908171,0.0015));
#7025=CARTESIAN_POINT('',(-0.0394614485418173,0.0136520968908171,0.0015));
#7026=CARTESIAN_POINT('',(-0.0390310677271631,0.0140191612436732,0.0015));
#7027=CARTESIAN_POINT('',(-0.038890744757773,0.0147036635333815,0.0015));
#7028=CARTESIAN_POINT('',(-0.0406071342492167,0.0133124126295493,0.0015));
#7029=CARTESIAN_POINT('',(-0.0406071342492167,0.0133124126295493,0.002));
#7030=CARTESIAN_POINT('',(-0.0401302643207199,0.0132941592351571,0.0015));
#7031=CARTESIAN_POINT('',(-0.0401302643207199,0.0132941592351571,0.002));
#7032=CARTESIAN_POINT('',(-0.0397483690849201,0.0134073873222463,0.0015));
#7033=CARTESIAN_POINT('',(-0.0397483690849201,0.0134073873222463,0.002));
#7034=CARTESIAN_POINT('',(-0.0394614485418173,0.0136520968908171,0.0015));
#7035=CARTESIAN_POINT('',(-0.0394614485418173,0.0136520968908171,0.002));
#7036=CARTESIAN_POINT('',(-0.0406071342492167,0.0133124126295493,0.0015));
#7037=CARTESIAN_POINT('',(-0.0406071342492167,0.0133124126295493,0.0015));
#7038=CARTESIAN_POINT('',(-0.0406071342492167,0.0133124126295493,0.0015));
#7039=CARTESIAN_POINT('',(-0.0398918293564715,0.0132850325379609,0.0015));
#7040=CARTESIAN_POINT('',(-0.0394614485418173,0.0136520968908171,0.0015));
#7041=CARTESIAN_POINT('',(-0.0414157025789347,0.0136623644251627,0.0015));
#7042=CARTESIAN_POINT('',(-0.0414157025789347,0.0136623644251627,0.002));
#7043=CARTESIAN_POINT('',(-0.0412234715192416,0.0134393307624327,0.0015));
#7044=CARTESIAN_POINT('',(-0.0412234715192416,0.0134393307624327,0.002));
#7045=CARTESIAN_POINT('',(-0.0409539487426689,0.0133226801638949,0.0015));
#7046=CARTESIAN_POINT('',(-0.0409539487426689,0.0133226801638949,0.002));
#7047=CARTESIAN_POINT('',(-0.0406071342492167,0.0133124126295493,0.0015));
#7048=CARTESIAN_POINT('',(-0.0406071342492167,0.0133124126295493,0.002));
#7049=CARTESIAN_POINT('',(-0.0414157025789347,0.0136623644251627,0.0015));
#7050=CARTESIAN_POINT('',(-0.0414157025789347,0.0136623644251627,0.0015));
#7051=CARTESIAN_POINT('',(-0.0414157025789347,0.0136623644251627,0.0015));
#7052=CARTESIAN_POINT('',(-0.041127355989395,0.0133278139310677,0.0015));
#7053=CARTESIAN_POINT('',(-0.0406071342492167,0.0133124126295493,0.0015));
#7054=CARTESIAN_POINT('',(-0.0417314292600627,0.0147036635333815,0.0015));
#7055=CARTESIAN_POINT('',(-0.0417314292600627,0.0147036635333815,0.002));
#7056=CARTESIAN_POINT('',(-0.0417131758656705,0.0142324977906323,0.0015));
#7057=CARTESIAN_POINT('',(-0.0417131758656705,0.0142324977906323,0.002));
#7058=CARTESIAN_POINT('',(-0.0416079336386278,0.0138853980878927,0.0015));
#7059=CARTESIAN_POINT('',(-0.0416079336386278,0.0138853980878927,0.002));
#7060=CARTESIAN_POINT('',(-0.0414157025789347,0.0136623644251627,0.0015));
#7061=CARTESIAN_POINT('',(-0.0414157025789347,0.0136623644251627,0.002));
#7062=CARTESIAN_POINT('',(-0.0417314292600627,0.0147036635333815,0.0015));
#7063=CARTESIAN_POINT('',(-0.0417314292600627,0.0147036635333815,0.0015));
#7064=CARTESIAN_POINT('',(-0.0417314292600627,0.0147036635333815,0.0015));
#7065=CARTESIAN_POINT('',(-0.0417040491684744,0.0139969149192576,0.0015));
#7066=CARTESIAN_POINT('',(-0.0414157025789347,0.0136623644251627,0.0015));
#7067=CARTESIAN_POINT('',(-0.0415808387563268,0.0163772716317185,0.0015));
#7068=CARTESIAN_POINT('',(-0.0415808387563268,0.0163772716317185,0.002));
#7069=CARTESIAN_POINT('',(-0.0416949224712782,0.0156323049730859,0.0015));
#7070=CARTESIAN_POINT('',(-0.0416949224712782,0.0156323049730859,0.002));
#7071=CARTESIAN_POINT('',(-0.0417451193058568,0.0150744356069736,0.0015));
#7072=CARTESIAN_POINT('',(-0.0417451193058568,0.0150744356069736,0.002));
#7073=CARTESIAN_POINT('',(-0.0417314292600627,0.0147036635333815,0.0015));
#7074=CARTESIAN_POINT('',(-0.0417314292600627,0.0147036635333815,0.002));
#7075=CARTESIAN_POINT('',(-0.0415808387563268,0.0163772716317185,0.0015));
#7076=CARTESIAN_POINT('',(-0.0415808387563268,0.0163772716317185,0.0015));
#7077=CARTESIAN_POINT('',(-0.0415808387563268,0.0163772716317185,0.0015));
#7078=CARTESIAN_POINT('',(-0.0417519643287539,0.0152598216437696,0.0015));
#7079=CARTESIAN_POINT('',(-0.0417314292600627,0.0147036635333815,0.0015));
#7080=CARTESIAN_POINT('',(-0.0408886358158593,0.0181261749819234,0.0015));
#7081=CARTESIAN_POINT('',(-0.0408886358158593,0.0181261749819234,0.002));
#7082=CARTESIAN_POINT('',(-0.0412325982164377,0.0177268819795935,0.0015));
#7083=CARTESIAN_POINT('',(-0.0412325982164377,0.0177268819795935,0.002));
#7084=CARTESIAN_POINT('',(-0.0414633325299269,0.0171439141961919,0.0015));
#7085=CARTESIAN_POINT('',(-0.0414633325299269,0.0171439141961919,0.002));
#7086=CARTESIAN_POINT('',(-0.0415808387563268,0.0163772716317185,0.0015));
#7087=CARTESIAN_POINT('',(-0.0415808387563268,0.0163772716317185,0.002));
#7088=CARTESIAN_POINT('',(-0.0408886358158593,0.0181261749819234,0.0015));
#7089=CARTESIAN_POINT('',(-0.0408886358158593,0.0181261749819234,0.0015));
#7090=CARTESIAN_POINT('',(-0.0408886358158593,0.0181261749819234,0.0015));
#7091=CARTESIAN_POINT('',(-0.0414045794167269,0.0175272354784285,0.0015));
#7092=CARTESIAN_POINT('',(-0.0415808387563268,0.0163772716317185,0.0015));
#7093=CARTESIAN_POINT('',(-0.0395701132803085,0.0186977343938299,0.0015));
#7094=CARTESIAN_POINT('',(-0.0395701132803085,0.0186977343938299,0.002));
#7095=CARTESIAN_POINT('',(-0.0401051659034305,0.0187159877882221,0.0015));
#7096=CARTESIAN_POINT('',(-0.0401051659034305,0.0187159877882221,0.002));
#7097=CARTESIAN_POINT('',(-0.0405446734152808,0.0185254679842532,0.0015));
#7098=CARTESIAN_POINT('',(-0.0405446734152808,0.0185254679842532,0.002));
#7099=CARTESIAN_POINT('',(-0.0408886358158593,0.0181261749819234,0.0015));
#7100=CARTESIAN_POINT('',(-0.0408886358158593,0.0181261749819234,0.002));
#7101=CARTESIAN_POINT('',(-0.0395701132803085,0.0186977343938299,0.0015));
#7102=CARTESIAN_POINT('',(-0.0395701132803085,0.0186977343938299,0.0015));
#7103=CARTESIAN_POINT('',(-0.0395701132803085,0.0186977343938299,0.0015));
#7104=CARTESIAN_POINT('',(-0.0403726922149915,0.0187251144854181,0.0015));
#7105=CARTESIAN_POINT('',(-0.0408886358158593,0.0181261749819234,0.0015));
#7106=CARTESIAN_POINT('',(-0.0386563027235479,0.0183332369245601,0.0015));
#7107=CARTESIAN_POINT('',(-0.0386563027235479,0.0183332369245601,0.002));
#7108=CARTESIAN_POINT('',(-0.0388525267132642,0.0185614043544629,0.0015));
#7109=CARTESIAN_POINT('',(-0.0388525267132642,0.0185614043544629,0.002));
#7110=CARTESIAN_POINT('',(-0.0391571302321845,0.0186829035108862,0.0015));
#7111=CARTESIAN_POINT('',(-0.0391571302321845,0.0186829035108862,0.002));
#7112=CARTESIAN_POINT('',(-0.0395701132803085,0.0186977343938299,0.0015));
#7113=CARTESIAN_POINT('',(-0.0395701132803085,0.0186977343938299,0.002));
#7114=CARTESIAN_POINT('',(-0.0386563027235479,0.0183332369245601,0.0015));
#7115=CARTESIAN_POINT('',(-0.0386563027235479,0.0183332369245601,0.0015));
#7116=CARTESIAN_POINT('',(-0.0386563027235479,0.0183332369245601,0.0015));
#7117=CARTESIAN_POINT('',(-0.0389506387081224,0.0186754880694143,0.0015));
#7118=CARTESIAN_POINT('',(-0.0395701132803085,0.0186977343938299,0.0015));
#7119=CARTESIAN_POINT('',(-0.0383619667389732,0.0172534345625452,0.0015));
#7120=CARTESIAN_POINT('',(-0.0383619667389732,0.0172534345625452,0.002));
#7121=CARTESIAN_POINT('',(-0.0383619667389732,0.0177451353739857,0.0015));
#7122=CARTESIAN_POINT('',(-0.0383619667389732,0.0177451353739857,0.002));
#7123=CARTESIAN_POINT('',(-0.0384600787338314,0.0181050694946573,0.0015));
#7124=CARTESIAN_POINT('',(-0.0384600787338314,0.0181050694946573,0.002));
#7125=CARTESIAN_POINT('',(-0.0386563027235479,0.0183332369245601,0.0015));
#7126=CARTESIAN_POINT('',(-0.0386563027235479,0.0183332369245601,0.002));
#7127=CARTESIAN_POINT('',(-0.0383619667389732,0.0172534345625452,0.0015));
#7128=CARTESIAN_POINT('',(-0.0383619667389732,0.0172534345625452,0.0015));
#7129=CARTESIAN_POINT('',(-0.0383619667389732,0.0172534345625452,0.0015));
#7130=CARTESIAN_POINT('',(-0.0383619667389732,0.017990985779706,0.0015));
#7131=CARTESIAN_POINT('',(-0.0386563027235479,0.0183332369245601,0.0015));
#7132=CARTESIAN_POINT('',(-0.0375807785008435,0.0172508676789588,0.0015));
#7133=CARTESIAN_POINT('',(-0.0367995902627139,0.0172483007953723,0.0015));
#7134=CARTESIAN_POINT('',(-0.0367995902627139,0.0172483007953723,0.0015));
#7135=CARTESIAN_POINT('',(-0.0375807785008435,0.0172508676789588,0.0015));
#7136=CARTESIAN_POINT('',(-0.0375782116172571,0.0192615931549771,0.0015));
#7137=CARTESIAN_POINT('',(-0.0375782116172571,0.0192615931549771,0.002));
#7138=CARTESIAN_POINT('',(-0.0371059050373584,0.0187784486221579,0.0015));
#7139=CARTESIAN_POINT('',(-0.0371059050373584,0.0187784486221579,0.002));
#7140=CARTESIAN_POINT('',(-0.036846364585844,0.0181073511689563,0.0015));
#7141=CARTESIAN_POINT('',(-0.036846364585844,0.0181073511689563,0.002));
#7142=CARTESIAN_POINT('',(-0.0367995902627139,0.0172483007953723,0.0015));
#7143=CARTESIAN_POINT('',(-0.0367995902627139,0.0172483007953723,0.002));
#7144=CARTESIAN_POINT('',(-0.0375782116172571,0.0192615931549771,0.0015));
#7145=CARTESIAN_POINT('',(-0.0375782116172571,0.0192615931549771,0.0015));
#7146=CARTESIAN_POINT('',(-0.0375782116172571,0.0192615931549771,0.0015));
#7147=CARTESIAN_POINT('',(-0.036869751747409,0.0185368763557483,0.0015));
#7148=CARTESIAN_POINT('',(-0.0367995902627139,0.0172483007953723,0.0015));
#7149=CARTESIAN_POINT('',(-0.0394948180284406,0.0200085562786213,0.0015));
#7150=CARTESIAN_POINT('',(-0.0394948180284406,0.0200085562786213,0.002));
#7151=CARTESIAN_POINT('',(-0.0386893870008838,0.0199937253956777,0.0015));
#7152=CARTESIAN_POINT('',(-0.0386893870008838,0.0199937253956777,0.002));
#7153=CARTESIAN_POINT('',(-0.0380505181971559,0.0197447376877963,0.0015));
#7154=CARTESIAN_POINT('',(-0.0380505181971559,0.0197447376877963,0.002));
#7155=CARTESIAN_POINT('',(-0.0375782116172571,0.0192615931549771,0.0015));
#7156=CARTESIAN_POINT('',(-0.0375782116172571,0.0192615931549771,0.002));
#7157=CARTESIAN_POINT('',(-0.0394948180284406,0.0200085562786213,0.0015));
#7158=CARTESIAN_POINT('',(-0.0394948180284406,0.0200085562786213,0.0015));
#7159=CARTESIAN_POINT('',(-0.0394948180284406,0.0200085562786213,0.0015));
#7160=CARTESIAN_POINT('',(-0.0382866714871054,0.0199863099542059,0.0015));
#7161=CARTESIAN_POINT('',(-0.0375782116172571,0.0192615931549771,0.0015));
#7162=CARTESIAN_POINT('',(-0.0414747409014221,0.0194096167751265,0.0015));
#7163=CARTESIAN_POINT('',(-0.0414747409014221,0.0194096167751265,0.002));
#7164=CARTESIAN_POINT('',(-0.0408963364666185,0.0198225998232506,0.0015));
#7165=CARTESIAN_POINT('',(-0.0408963364666185,0.0198225998232506,0.002));
#7166=CARTESIAN_POINT('',(-0.0402363621756246,0.0200222463244155,0.0015));
#7167=CARTESIAN_POINT('',(-0.0402363621756246,0.0200222463244155,0.002));
#7168=CARTESIAN_POINT('',(-0.0394948180284406,0.0200085562786213,0.0015));
#7169=CARTESIAN_POINT('',(-0.0394948180284406,0.0200085562786213,0.002));
#7170=CARTESIAN_POINT('',(-0.0414747409014221,0.0194096167751265,0.0015));
#7171=CARTESIAN_POINT('',(-0.0414747409014221,0.0194096167751265,0.0015));
#7172=CARTESIAN_POINT('',(-0.0414747409014221,0.0194096167751265,0.0015));
#7173=CARTESIAN_POINT('',(-0.0406071342492167,0.0200290913473126,0.0015));
#7174=CARTESIAN_POINT('',(-0.0394948180284406,0.0200085562786213,0.0015));
#7175=CARTESIAN_POINT('',(-0.04253571945047,0.0182057483731019,0.0015));
#7176=CARTESIAN_POINT('',(-0.04253571945047,0.0182057483731019,0.002));
#7177=CARTESIAN_POINT('',(-0.0422379609544469,0.0187117096489114,0.0015));
#7178=CARTESIAN_POINT('',(-0.0422379609544469,0.0187117096489114,0.002));
#7179=CARTESIAN_POINT('',(-0.0418843014380976,0.0191129991162529,0.0015));
#7180=CARTESIAN_POINT('',(-0.0418843014380976,0.0191129991162529,0.002));
#7181=CARTESIAN_POINT('',(-0.0414747409014221,0.0194096167751265,0.0015));
#7182=CARTESIAN_POINT('',(-0.0414747409014221,0.0194096167751265,0.002));
#7183=CARTESIAN_POINT('',(-0.04253571945047,0.0182057483731019,0.0015));
#7184=CARTESIAN_POINT('',(-0.04253571945047,0.0182057483731019,0.0015));
#7185=CARTESIAN_POINT('',(-0.04253571945047,0.0182057483731019,0.0015));
#7186=CARTESIAN_POINT('',(-0.0420890817064353,0.0189646902868161,0.0015));
#7187=CARTESIAN_POINT('',(-0.0414747409014221,0.0194096167751265,0.0015));
#7188=CARTESIAN_POINT('',(-0.0431560496505182,0.0164679681851049,0.0015));
#7189=CARTESIAN_POINT('',(-0.0431560496505182,0.0164679681851049,0.002));
#7190=CARTESIAN_POINT('',(-0.0430402546798425,0.0171205270346268,0.0015));
#7191=CARTESIAN_POINT('',(-0.0430402546798425,0.0171205270346268,0.002));
#7192=CARTESIAN_POINT('',(-0.0428334779464931,0.0176997870972925,0.0015));
#7193=CARTESIAN_POINT('',(-0.0428334779464931,0.0176997870972925,0.002));
#7194=CARTESIAN_POINT('',(-0.04253571945047,0.0182057483731019,0.0015));
#7195=CARTESIAN_POINT('',(-0.04253571945047,0.0182057483731019,0.002));
#7196=CARTESIAN_POINT('',(-0.0431560496505182,0.0164679681851049,0.0015));
#7197=CARTESIAN_POINT('',(-0.0431560496505182,0.0164679681851049,0.0015));
#7198=CARTESIAN_POINT('',(-0.0431560496505182,0.0164679681851049,0.0015));
#7199=CARTESIAN_POINT('',(-0.0429823571945047,0.0174468064593878,0.0015));
#7200=CARTESIAN_POINT('',(-0.04253571945047,0.0182057483731019,0.0015));
#7201=CARTESIAN_POINT('',(-0.0432920944805978,0.0148320077127018,0.0015));
#7202=CARTESIAN_POINT('',(-0.0432920944805978,0.0148320077127018,0.002));
#7203=CARTESIAN_POINT('',(-0.043317192897887,0.0152700891781152,0.0015));
#7204=CARTESIAN_POINT('',(-0.043317192897887,0.0152700891781152,0.002));
#7205=CARTESIAN_POINT('',(-0.0432718446211939,0.0158154093355829,0.0015));
#7206=CARTESIAN_POINT('',(-0.0432718446211939,0.0158154093355829,0.002));
#7207=CARTESIAN_POINT('',(-0.0431560496505182,0.0164679681851049,0.0015));
#7208=CARTESIAN_POINT('',(-0.0431560496505182,0.0164679681851049,0.002));
#7209=CARTESIAN_POINT('',(-0.0432920944805978,0.0148320077127018,0.0015));
#7210=CARTESIAN_POINT('',(-0.0432920944805978,0.0148320077127018,0.0015));
#7211=CARTESIAN_POINT('',(-0.0432920944805978,0.0148320077127018,0.0015));
#7212=CARTESIAN_POINT('',(-0.0433297421065317,0.0154891299108219,0.0015));
#7213=CARTESIAN_POINT('',(-0.0431560496505182,0.0164679681851049,0.0015));
#7214=CARTESIAN_POINT('',(-0.0429207519884309,0.0133474933718968,0.0015));
#7215=CARTESIAN_POINT('',(-0.0429207519884309,0.0133474933718968,0.002));
#7216=CARTESIAN_POINT('',(-0.0431397927211376,0.0137770185586888,0.0015));
#7217=CARTESIAN_POINT('',(-0.0431397927211376,0.0137770185586888,0.002));
#7218=CARTESIAN_POINT('',(-0.0432635735518599,0.0142718566722905,0.0015));
#7219=CARTESIAN_POINT('',(-0.0432635735518599,0.0142718566722905,0.002));
#7220=CARTESIAN_POINT('',(-0.0432920944805978,0.0148320077127018,0.0015));
#7221=CARTESIAN_POINT('',(-0.0432920944805978,0.0148320077127018,0.002));
#7222=CARTESIAN_POINT('',(-0.0429207519884309,0.0133474933718968,0.0015));
#7223=CARTESIAN_POINT('',(-0.0429207519884309,0.0133474933718968,0.0015));
#7224=CARTESIAN_POINT('',(-0.0429207519884309,0.0133474933718968,0.0015));
#7225=CARTESIAN_POINT('',(-0.0432493130874909,0.0139917811520848,0.0015));
#7226=CARTESIAN_POINT('',(-0.0432920944805978,0.0148320077127018,0.0015));
#7227=CARTESIAN_POINT('',(-0.0420197758496023,0.0123635213304411,0.0015));
#7228=CARTESIAN_POINT('',(-0.0420197758496023,0.0123635213304411,0.002));
#7229=CARTESIAN_POINT('',(-0.0424013858761147,0.0125899775046196,0.0015));
#7230=CARTESIAN_POINT('',(-0.0424013858761147,0.0125899775046196,0.002));
#7231=CARTESIAN_POINT('',(-0.0427017112557243,0.0129179681851048,0.0015));
#7232=CARTESIAN_POINT('',(-0.0427017112557243,0.0129179681851048,0.002));
#7233=CARTESIAN_POINT('',(-0.0429207519884309,0.0133474933718968,0.0015));
#7234=CARTESIAN_POINT('',(-0.0429207519884309,0.0133474933718968,0.002));
#7235=CARTESIAN_POINT('',(-0.0420197758496023,0.0123635213304411,0.0015));
#7236=CARTESIAN_POINT('',(-0.0420197758496023,0.0123635213304411,0.0015));
#7237=CARTESIAN_POINT('',(-0.0420197758496023,0.0123635213304411,0.0015));
#7238=CARTESIAN_POINT('',(-0.0425921908893709,0.0127032055917088,0.0015));
#7239=CARTESIAN_POINT('',(-0.0429207519884309,0.0133474933718968,0.0015));
#7240=CARTESIAN_POINT('',(-0.0406772957339118,0.0120067245119306,0.0015));
#7241=CARTESIAN_POINT('',(-0.0406772957339118,0.0120067245119306,0.002));
#7242=CARTESIAN_POINT('',(-0.0411906724511931,0.0120181328834257,0.0015));
#7243=CARTESIAN_POINT('',(-0.0411906724511931,0.0120181328834257,0.002));
#7244=CARTESIAN_POINT('',(-0.0416381658230899,0.0121370651562626,0.0015));
#7245=CARTESIAN_POINT('',(-0.0416381658230899,0.0121370651562626,0.002));
#7246=CARTESIAN_POINT('',(-0.0420197758496023,0.0123635213304411,0.0015));
#7247=CARTESIAN_POINT('',(-0.0420197758496023,0.0123635213304411,0.002));
#7248=CARTESIAN_POINT('',(-0.0406772957339118,0.0120067245119306,0.0015));
#7249=CARTESIAN_POINT('',(-0.0406772957339118,0.0120067245119306,0.0015));
#7250=CARTESIAN_POINT('',(-0.0406772957339118,0.0120067245119306,0.0015));
#7251=CARTESIAN_POINT('',(-0.0414473608098337,0.0120238370691733,0.0015));
#7252=CARTESIAN_POINT('',(-0.0420197758496023,0.0123635213304411,0.0015));
#7253=CARTESIAN_POINT('',(-0.0390841166546156,0.0123258737045071,0.0015));
#7254=CARTESIAN_POINT('',(-0.0390841166546156,0.0123258737045071,0.002));
#7255=CARTESIAN_POINT('',(-0.0395758174660561,0.0121028400417771,0.0015));
#7256=CARTESIAN_POINT('',(-0.0395758174660561,0.0121028400417771,0.002));
#7257=CARTESIAN_POINT('',(-0.0401068771591548,0.011996456977585,0.0015));
#7258=CARTESIAN_POINT('',(-0.0401068771591548,0.011996456977585,0.002));
#7259=CARTESIAN_POINT('',(-0.0406772957339118,0.0120067245119306,0.0015));
#7260=CARTESIAN_POINT('',(-0.0406772957339118,0.0120067245119306,0.002));
#7261=CARTESIAN_POINT('',(-0.0390841166546156,0.0123258737045071,0.0015));
#7262=CARTESIAN_POINT('',(-0.0390841166546156,0.0123258737045071,0.0015));
#7263=CARTESIAN_POINT('',(-0.0390841166546156,0.0123258737045071,0.0015));
#7264=CARTESIAN_POINT('',(-0.0398216678717764,0.0119913232104121,0.0015));
#7265=CARTESIAN_POINT('',(-0.0406772957339118,0.0120067245119306,0.0015));
#7266=CARTESIAN_POINT('',(-0.0378862376476259,0.0132833212822367,0.0015));
#7267=CARTESIAN_POINT('',(-0.0378862376476259,0.0132833212822367,0.002));
#7268=CARTESIAN_POINT('',(-0.0381931228408452,0.0128680565598136,0.0015));
#7269=CARTESIAN_POINT('',(-0.0381931228408452,0.0128680565598136,0.002));
#7270=CARTESIAN_POINT('',(-0.038592415843175,0.0125489073672371,0.0015));
#7271=CARTESIAN_POINT('',(-0.038592415843175,0.0125489073672371,0.002));
#7272=CARTESIAN_POINT('',(-0.0390841166546156,0.0123258737045071,0.0015));
#7273=CARTESIAN_POINT('',(-0.0390841166546156,0.0123258737045071,0.002));
#7274=CARTESIAN_POINT('',(-0.0378862376476259,0.0132833212822367,0.0015));
#7275=CARTESIAN_POINT('',(-0.0383465654374548,0.0126604241986021,0.0015));
#7276=CARTESIAN_POINT('',(-0.0390841166546156,0.0123258737045071,0.0015));
#7277=CARTESIAN_POINT('',(0.,-0.005,0.0015));
#7278=CARTESIAN_POINT('',(-0.0342224391419619,0.0147455892986262,0.0015));
#7279=CARTESIAN_POINT('',(-0.0337090624246807,0.0152221740178356,0.0015));
#7280=CARTESIAN_POINT('',(-0.0337090624246807,0.0152221740178356,0.0015));
#7281=CARTESIAN_POINT('',(-0.0342224391419619,0.0147455892986262,0.0015));
#7282=CARTESIAN_POINT('',(-0.0347358158592432,0.0142690045794167,0.0015));
#7283=CARTESIAN_POINT('',(-0.0347358158592432,0.0142690045794167,0.0015));
#7284=CARTESIAN_POINT('',(-0.0330134369727645,0.0136683538201976,0.0015));
#7285=CARTESIAN_POINT('',(-0.0323178115208484,0.0121145336225596,0.0015));
#7286=CARTESIAN_POINT('',(-0.0323178115208484,0.0121145336225596,0.0015));
#7287=CARTESIAN_POINT('',(-0.0330134369727645,0.0136683538201976,0.0015));
#7288=CARTESIAN_POINT('',(-0.0314253916606411,0.0121145336225596,0.0015));
#7289=CARTESIAN_POINT('',(-0.0305329718004339,0.0121145336225596,0.0015));
#7290=CARTESIAN_POINT('',(-0.0305329718004339,0.0121145336225596,0.0015));
#7291=CARTESIAN_POINT('',(-0.0314253916606411,0.0121145336225596,0.0015));
#7292=CARTESIAN_POINT('',(-0.0315357676548566,0.0142373463485177,0.0015));
#7293=CARTESIAN_POINT('',(-0.0325385635092793,0.0163601590744758,0.0015));
#7294=CARTESIAN_POINT('',(-0.0325385635092793,0.0163601590744758,0.0015));
#7295=CARTESIAN_POINT('',(-0.0315357676548566,0.0142373463485177,0.0015));
#7296=CARTESIAN_POINT('',(-0.030856399132321,0.0181304531212341,0.0015));
#7297=CARTESIAN_POINT('',(-0.0291742347553627,0.0199007471679923,0.0015));
#7298=CARTESIAN_POINT('',(-0.0291742347553627,0.0199007471679923,0.0015));
#7299=CARTESIAN_POINT('',(-0.030856399132321,0.0181304531212341,0.0015));
#7300=CARTESIAN_POINT('',(-0.0301958544227524,0.0199007471679923,0.0015));
#7301=CARTESIAN_POINT('',(-0.0312174740901422,0.0199007471679923,0.0015));
#7302=CARTESIAN_POINT('',(-0.0312174740901422,0.0199007471679923,0.0015));
#7303=CARTESIAN_POINT('',(-0.0301958544227524,0.0199007471679923,0.0015));
#7304=CARTESIAN_POINT('',(-0.0323879730055435,0.0186335623041697,0.0015));
#7305=CARTESIAN_POINT('',(-0.0335584719209448,0.017366377440347,0.0015));
#7306=CARTESIAN_POINT('',(-0.0335584719209448,0.017366377440347,0.0015));
#7307=CARTESIAN_POINT('',(-0.0323879730055435,0.0186335623041697,0.0015));
#7308=CARTESIAN_POINT('',(-0.0339571945046999,0.016917172812726,0.0015));
#7309=CARTESIAN_POINT('',(-0.034355917088455,0.0164679681851049,0.0015));
#7310=CARTESIAN_POINT('',(-0.034355917088455,0.0164679681851049,0.0015));
#7311=CARTESIAN_POINT('',(-0.0339571945046999,0.016917172812726,0.0015));
#7312=CARTESIAN_POINT('',(-0.0340564473367077,0.0181843576765486,0.0015));
#7313=CARTESIAN_POINT('',(-0.0337569775849602,0.0199007471679923,0.0015));
#7314=CARTESIAN_POINT('',(-0.0337569775849602,0.0199007471679923,0.0015));
#7315=CARTESIAN_POINT('',(-0.0340564473367077,0.0181843576765486,0.0015));
#7316=CARTESIAN_POINT('',(-0.0345407327066763,0.0199007471679923,0.0015));
#7317=CARTESIAN_POINT('',(-0.0353244878283923,0.0199007471679923,0.0015));
#7318=CARTESIAN_POINT('',(-0.0353244878283923,0.0199007471679923,0.0015));
#7319=CARTESIAN_POINT('',(-0.0345407327066763,0.0199007471679923,0.0015));
#7320=CARTESIAN_POINT('',(-0.0360004338394794,0.016007640395276,0.0015));
#7321=CARTESIAN_POINT('',(-0.0366763798505664,0.0121145336225596,0.0015));
#7322=CARTESIAN_POINT('',(-0.0366763798505664,0.0121145336225596,0.0015));
#7323=CARTESIAN_POINT('',(-0.0360004338394794,0.016007640395276,0.0015));
#7324=CARTESIAN_POINT('',(-0.0358934803567124,0.0121145336225596,0.0015));
#7325=CARTESIAN_POINT('',(-0.0351105808628585,0.0121145336225596,0.0015));
#7326=CARTESIAN_POINT('',(-0.0351105808628585,0.0121145336225596,0.0015));
#7327=CARTESIAN_POINT('',(-0.0358934803567124,0.0121145336225596,0.0015));
#7328=CARTESIAN_POINT('',(-0.0349231983610509,0.0131917691009882,0.0015));
#7329=CARTESIAN_POINT('',(-0.0349231983610509,0.0131917691009882,0.0015));
#7330=CARTESIAN_POINT('',(0.,-0.005,0.0015));
#7331=CARTESIAN_POINT('',(-0.0545057965594615,-0.0036715546347328,0.0015));
#7332=CARTESIAN_POINT('',(-0.053135564697083,-0.0036715546347328,0.0015));
#7333=CARTESIAN_POINT('',(-0.053135564697083,-0.0036715546347328,0.0015));
#7334=CARTESIAN_POINT('',(-0.0545057965594615,-0.0036715546347328,0.0015));
#7335=CARTESIAN_POINT('',(-0.0558760284218399,-0.0036715546347328,0.0015));
#7336=CARTESIAN_POINT('',(-0.0558760284218399,-0.0036715546347328,0.0015));
#7337=CARTESIAN_POINT('',(-0.0519583021690351,0.00313472808778029,0.0015));
#7338=CARTESIAN_POINT('',(-0.0507810396409873,0.00994101081029337,0.0015));
#7339=CARTESIAN_POINT('',(-0.0507810396409873,0.00994101081029337,0.0015));
#7340=CARTESIAN_POINT('',(-0.0519583021690351,0.00313472808778029,0.0015));
#7341=CARTESIAN_POINT('',(-0.0521497756170531,0.00994101081029337,0.0015));
#7342=CARTESIAN_POINT('',(-0.0535185115931189,0.00994101081029337,0.0015));
#7343=CARTESIAN_POINT('',(-0.0535185115931189,0.00994101081029337,0.0015));
#7344=CARTESIAN_POINT('',(-0.0521497756170531,0.00994101081029337,0.0015));
#7345=CARTESIAN_POINT('',(-0.0546972700074794,0.00313472808778029,0.0015));
#7346=CARTESIAN_POINT('',(-0.0546972700074794,0.00313472808778029,0.0015));
#7347=CARTESIAN_POINT('',(0.,-0.005,0.0015));
#7348=CARTESIAN_POINT('',(0.0375842034405385,-0.00561036307562167,0.0015));
#7349=CARTESIAN_POINT('',(0.038954435302917,-0.00561036307562167,0.0015));
#7350=CARTESIAN_POINT('',(0.038954435302917,-0.00561036307562167,0.0015));
#7351=CARTESIAN_POINT('',(0.0375842034405385,-0.00561036307562167,0.0015));
#7352=CARTESIAN_POINT('',(0.03621397157816,-0.00561036307562167,0.0015));
#7353=CARTESIAN_POINT('',(0.03621397157816,-0.00561036307562167,0.0015));
#7354=CARTESIAN_POINT('',(0.0401316978309648,0.00119591964689142,0.0015));
#7355=CARTESIAN_POINT('',(0.0413089603590127,0.00800220236940451,0.0015));
#7356=CARTESIAN_POINT('',(0.0413089603590127,0.00800220236940451,0.0015));
#7357=CARTESIAN_POINT('',(0.0401316978309648,0.00119591964689142,0.0015));
#7358=CARTESIAN_POINT('',(0.0399402243829469,0.00800220236940451,0.0015));
#7359=CARTESIAN_POINT('',(0.0385714884068811,0.00800220236940451,0.0015));
#7360=CARTESIAN_POINT('',(0.0385714884068811,0.00800220236940451,0.0015));
#7361=CARTESIAN_POINT('',(0.0399402243829469,0.00800220236940451,0.0015));
#7362=CARTESIAN_POINT('',(0.0373927299925205,0.00119591964689142,0.0015));
#7363=CARTESIAN_POINT('',(0.0373927299925205,0.00119591964689142,0.0015));
#7364=CARTESIAN_POINT('',(0.,-0.005,0.0015));
#7365=CARTESIAN_POINT('',(0.0509783694839192,-0.00561036307562167,0.0015));
#7366=CARTESIAN_POINT('',(0.0523067165295438,-0.00561036307562167,0.0015));
#7367=CARTESIAN_POINT('',(0.0523067165295438,-0.00561036307562167,0.0015));
#7368=CARTESIAN_POINT('',(0.0509783694839192,-0.00561036307562167,0.0015));
#7369=CARTESIAN_POINT('',(0.0496500224382947,-0.00561036307562168,0.0015));
#7370=CARTESIAN_POINT('',(0.0496500224382947,-0.00561036307562168,0.0015));
#7371=CARTESIAN_POINT('',(0.0534839790575916,0.00119591964689142,0.0015));
#7372=CARTESIAN_POINT('',(0.0546612415856395,0.00800220236940451,0.0015));
#7373=CARTESIAN_POINT('',(0.0546612415856395,0.00800220236940451,0.0015));
#7374=CARTESIAN_POINT('',(0.0534839790575916,0.00119591964689142,0.0015));
#7375=CARTESIAN_POINT('',(0.0532969932685116,0.00800220236940451,0.0015));
#7376=CARTESIAN_POINT('',(0.0519327449513837,0.00800220236940451,0.0015));
#7377=CARTESIAN_POINT('',(0.0519327449513837,0.00800220236940451,0.0015));
#7378=CARTESIAN_POINT('',(0.0532969932685116,0.00800220236940451,0.0015));
#7379=CARTESIAN_POINT('',(0.051141421091997,0.00345321209266554,0.0015));
#7380=CARTESIAN_POINT('',(0.0503500972326103,-0.00109577818407343,0.0015));
#7381=CARTESIAN_POINT('',(0.0503500972326103,-0.00109577818407343,0.0015));
#7382=CARTESIAN_POINT('',(0.051141421091997,0.00345321209266554,0.0015));
#7383=CARTESIAN_POINT('',(0.0484533133881825,0.00345321209266554,0.0015));
#7384=CARTESIAN_POINT('',(0.0465565295437547,0.00800220236940451,0.0015));
#7385=CARTESIAN_POINT('',(0.0465565295437547,0.00800220236940451,0.0015));
#7386=CARTESIAN_POINT('',(0.0484533133881825,0.00345321209266554,0.0015));
#7387=CARTESIAN_POINT('',(0.0452326701570681,0.00800220236940451,0.0015));
#7388=CARTESIAN_POINT('',(0.0439088107703815,0.00800220236940451,0.0015));
#7389=CARTESIAN_POINT('',(0.0439088107703815,0.00800220236940451,0.0015));
#7390=CARTESIAN_POINT('',(0.0452326701570681,0.00800220236940451,0.0015));
#7391=CARTESIAN_POINT('',(0.0427270605833956,0.00119591964689142,0.0015));
#7392=CARTESIAN_POINT('',(0.0415453103964099,-0.00561036307562168,0.0015));
#7393=CARTESIAN_POINT('',(0.0415453103964099,-0.00561036307562168,0.0015));
#7394=CARTESIAN_POINT('',(0.0427270605833956,0.00119591964689142,0.0015));
#7395=CARTESIAN_POINT('',(0.0429140463724757,-0.00561036307562167,0.0015));
#7396=CARTESIAN_POINT('',(0.0442827823485415,-0.00561036307562167,0.0015));
#7397=CARTESIAN_POINT('',(0.0442827823485415,-0.00561036307562167,0.0015));
#7398=CARTESIAN_POINT('',(0.0429140463724757,-0.00561036307562167,0.0015));
#7399=CARTESIAN_POINT('',(0.0450726103216156,-0.00107184400307118,0.0015));
#7400=CARTESIAN_POINT('',(0.0458624382946896,0.0034666750694793,0.0015));
#7401=CARTESIAN_POINT('',(0.0458624382946896,0.0034666750694793,0.0015));
#7402=CARTESIAN_POINT('',(0.0450726103216156,-0.00107184400307118,0.0015));
#7403=CARTESIAN_POINT('',(0.0477562303664921,-0.00107184400307118,0.0015));
#7404=CARTESIAN_POINT('',(0.0477562303664921,-0.00107184400307118,0.0015));
#7405=CARTESIAN_POINT('',(0.,-0.005,0.0015));
#7406=CARTESIAN_POINT('',(-0.0457041094239576,0.0164756688358641,0.0015));
#7407=CARTESIAN_POINT('',(-0.0457041094239576,0.0164756688358641,0.002));
#7408=CARTESIAN_POINT('',(-0.045725500120511,0.0162215473608098,0.002));
#7409=CARTESIAN_POINT('',(-0.0456827187274042,0.0167297903109183,0.002));
#7410=CARTESIAN_POINT('',(-0.045725500120511,0.0162215473608098,0.0015));
#7411=CARTESIAN_POINT('',(-0.045725500120511,0.0162215473608098,0.0015));
#7412=CARTESIAN_POINT('',(-0.0457041094239576,0.0164756688358641,0.0015));
#7413=CARTESIAN_POINT('',(-0.0456827187274042,0.0167297903109183,0.0015));
#7414=CARTESIAN_POINT('',(-0.0456827187274042,0.0167297903109183,0.0015));
#7415=CARTESIAN_POINT('',(-0.0457443239334779,0.0160769462521089,0.0015));
#7416=CARTESIAN_POINT('',(-0.0457443239334779,0.0160769462521089,0.002));
#7417=CARTESIAN_POINT('',(-0.0457631477464449,0.0159323451434081,0.002));
#7418=CARTESIAN_POINT('',(-0.0457631477464449,0.0159323451434081,0.0015));
#7419=CARTESIAN_POINT('',(-0.0457631477464449,0.0159323451434081,0.0015));
#7420=CARTESIAN_POINT('',(-0.0457443239334779,0.0160769462521089,0.0015));
#7421=CARTESIAN_POINT('',(-0.0464852976620872,0.0139729573391178,0.0015));
#7422=CARTESIAN_POINT('',(-0.0464852976620872,0.0139729573391178,0.002));
#7423=CARTESIAN_POINT('',(-0.0461179480999437,0.014434996384671,0.0015));
#7424=CARTESIAN_POINT('',(-0.0461179480999437,0.014434996384671,0.002));
#7425=CARTESIAN_POINT('',(-0.0458772314613963,0.0150881256527677,0.0015));
#7426=CARTESIAN_POINT('',(-0.0458772314613963,0.0150881256527677,0.002));
#7427=CARTESIAN_POINT('',(-0.0457631477464449,0.0159323451434081,0.0015));
#7428=CARTESIAN_POINT('',(-0.0457631477464449,0.0159323451434081,0.002));
#7429=CARTESIAN_POINT('',(-0.0464852976620872,0.0139729573391178,0.002));
#7430=CARTESIAN_POINT('',(-0.045934273318872,0.0146660159074476,0.002));
#7431=CARTESIAN_POINT('',(-0.0457631477464449,0.0159323451434081,0.002));
#7432=CARTESIAN_POINT('',(-0.0464852976620872,0.0139729573391178,0.002));
#7433=CARTESIAN_POINT('',(-0.0464852976620872,0.0139729573391178,0.0015));
#7434=CARTESIAN_POINT('',(-0.0464852976620872,0.0139729573391178,0.0015));
#7435=CARTESIAN_POINT('',(-0.0464852976620872,0.0139729573391178,0.0015));
#7436=CARTESIAN_POINT('',(-0.045934273318872,0.0146660159074476,0.0015));
#7437=CARTESIAN_POINT('',(-0.0457631477464449,0.0159323451434081,0.0015));
#7438=CARTESIAN_POINT('',(-0.0478765485659195,0.0133175463967221,0.0015));
#7439=CARTESIAN_POINT('',(-0.0478765485659195,0.0133175463967221,0.002));
#7440=CARTESIAN_POINT('',(-0.0473163975255082,0.0132924479794328,0.0015));
#7441=CARTESIAN_POINT('',(-0.0473163975255082,0.0132924479794328,0.002));
#7442=CARTESIAN_POINT('',(-0.0468526472242307,0.0135109182935647,0.0015));
#7443=CARTESIAN_POINT('',(-0.0468526472242307,0.0135109182935647,0.002));
#7444=CARTESIAN_POINT('',(-0.0464852976620872,0.0139729573391178,0.0015));
#7445=CARTESIAN_POINT('',(-0.0464852976620872,0.0139729573391178,0.002));
#7446=CARTESIAN_POINT('',(-0.0478765485659195,0.0133175463967221,0.002));
#7447=CARTESIAN_POINT('',(-0.0470363220053025,0.0132798987707881,0.002));
#7448=CARTESIAN_POINT('',(-0.0464852976620872,0.0139729573391178,0.002));
#7449=CARTESIAN_POINT('',(-0.0478765485659195,0.0133175463967221,0.002));
#7450=CARTESIAN_POINT('',(-0.0478765485659195,0.0133175463967221,0.0015));
#7451=CARTESIAN_POINT('',(-0.0478765485659195,0.0133175463967221,0.0015));
#7452=CARTESIAN_POINT('',(-0.0478765485659195,0.0133175463967221,0.0015));
#7453=CARTESIAN_POINT('',(-0.0470363220053025,0.0132798987707881,0.0015));
#7454=CARTESIAN_POINT('',(-0.0464852976620872,0.0139729573391178,0.0015));
#7455=CARTESIAN_POINT('',(-0.0488228729814413,0.0138506025548325,0.0015));
#7456=CARTESIAN_POINT('',(-0.0488228729814413,0.0138506025548325,0.002));
#7457=CARTESIAN_POINT('',(-0.0486198039688278,0.0135100626657026,0.0015));
#7458=CARTESIAN_POINT('',(-0.0486198039688278,0.0135100626657026,0.002));
#7459=CARTESIAN_POINT('',(-0.0483043624969872,0.0133323772796658,0.0015));
#7460=CARTESIAN_POINT('',(-0.0483043624969872,0.0133323772796658,0.002));
#7461=CARTESIAN_POINT('',(-0.0478765485659195,0.0133175463967221,0.0015));
#7462=CARTESIAN_POINT('',(-0.0478765485659195,0.0133175463967221,0.002));
#7463=CARTESIAN_POINT('',(-0.0488228729814413,0.0138506025548325,0.002));
#7464=CARTESIAN_POINT('',(-0.0485182694625211,0.0133397927211376,0.002));
#7465=CARTESIAN_POINT('',(-0.0478765485659195,0.0133175463967221,0.002));
#7466=CARTESIAN_POINT('',(-0.0488228729814413,0.0138506025548325,0.002));
#7467=CARTESIAN_POINT('',(-0.0488228729814413,0.0138506025548325,0.0015));
#7468=CARTESIAN_POINT('',(-0.0488228729814413,0.0138506025548325,0.0015));
#7469=CARTESIAN_POINT('',(-0.0488228729814413,0.0138506025548325,0.0015));
#7470=CARTESIAN_POINT('',(-0.0485182694625211,0.0133397927211376,0.0015));
#7471=CARTESIAN_POINT('',(-0.0478765485659195,0.0133175463967221,0.0015));
#7472=CARTESIAN_POINT('',(-0.0490744275729091,0.0153077368040491,0.0015));
#7473=CARTESIAN_POINT('',(-0.0490744275729091,0.0153077368040491,0.002));
#7474=CARTESIAN_POINT('',(-0.049109793524544,0.0146768538603679,0.0015));
#7475=CARTESIAN_POINT('',(-0.049109793524544,0.0146768538603679,0.002));
#7476=CARTESIAN_POINT('',(-0.0490259419940548,0.0141911424439624,0.0015));
#7477=CARTESIAN_POINT('',(-0.0490259419940548,0.0141911424439624,0.002));
#7478=CARTESIAN_POINT('',(-0.0488228729814413,0.0138506025548325,0.0015));
#7479=CARTESIAN_POINT('',(-0.0488228729814413,0.0138506025548325,0.002));
#7480=CARTESIAN_POINT('',(-0.0490744275729091,0.0153077368040491,0.002));
#7481=CARTESIAN_POINT('',(-0.0491274765003615,0.0143614123885273,0.002));
#7482=CARTESIAN_POINT('',(-0.0488228729814413,0.0138506025548325,0.002));
#7483=CARTESIAN_POINT('',(-0.0490744275729091,0.0153077368040491,0.002));
#7484=CARTESIAN_POINT('',(-0.0490744275729091,0.0153077368040491,0.0015));
#7485=CARTESIAN_POINT('',(-0.0490744275729091,0.0153077368040491,0.0015));
#7486=CARTESIAN_POINT('',(-0.0490744275729091,0.0153077368040491,0.0015));
#7487=CARTESIAN_POINT('',(-0.0491274765003615,0.0143614123885273,0.0015));
#7488=CARTESIAN_POINT('',(-0.0488228729814413,0.0138506025548325,0.0015));
#7489=CARTESIAN_POINT('',(-0.0484241503976862,0.0178198602072789,0.0015));
#7490=CARTESIAN_POINT('',(-0.0484241503976862,0.0178198602072789,0.002));
#7491=CARTESIAN_POINT('',(-0.0488074716799229,0.017220920703784,0.0015));
#7492=CARTESIAN_POINT('',(-0.0488074716799229,0.017220920703784,0.002));
#7493=CARTESIAN_POINT('',(-0.0490242307383305,0.0163835462360408,0.0015));
#7494=CARTESIAN_POINT('',(-0.0490242307383305,0.0163835462360408,0.002));
#7495=CARTESIAN_POINT('',(-0.0490744275729091,0.0153077368040491,0.0015));
#7496=CARTESIAN_POINT('',(-0.0490744275729091,0.0153077368040491,0.002));
#7497=CARTESIAN_POINT('',(-0.0484241503976862,0.0178198602072789,0.002));
#7498=CARTESIAN_POINT('',(-0.0489991323210412,0.0169214509520366,0.002));
#7499=CARTESIAN_POINT('',(-0.0490744275729091,0.0153077368040491,0.002));
#7500=CARTESIAN_POINT('',(-0.0484241503976862,0.0178198602072789,0.002));
#7501=CARTESIAN_POINT('',(-0.0484241503976862,0.0178198602072789,0.0015));
#7502=CARTESIAN_POINT('',(-0.0484241503976862,0.0178198602072789,0.0015));
#7503=CARTESIAN_POINT('',(-0.0484241503976862,0.0178198602072789,0.0015));
#7504=CARTESIAN_POINT('',(-0.0489991323210412,0.0169214509520366,0.0015));
#7505=CARTESIAN_POINT('',(-0.0490744275729091,0.0153077368040491,0.0015));
#7506=CARTESIAN_POINT('',(-0.0468703302000482,0.0186874668594842,0.0015));
#7507=CARTESIAN_POINT('',(-0.0468703302000482,0.0186874668594842,0.002));
#7508=CARTESIAN_POINT('',(-0.0475228890495702,0.0187080019281755,0.0015));
#7509=CARTESIAN_POINT('',(-0.0475228890495702,0.0187080019281755,0.002));
#7510=CARTESIAN_POINT('',(-0.0480408291154495,0.0184187997107737,0.0015));
#7511=CARTESIAN_POINT('',(-0.0480408291154495,0.0184187997107737,0.002));
#7512=CARTESIAN_POINT('',(-0.0484241503976862,0.0178198602072789,0.0015));
#7513=CARTESIAN_POINT('',(-0.0484241503976862,0.0178198602072789,0.002));
#7514=CARTESIAN_POINT('',(-0.0468703302000482,0.0186874668594842,0.002));
#7515=CARTESIAN_POINT('',(-0.0478491684743312,0.0187182694625211,0.002));
#7516=CARTESIAN_POINT('',(-0.0484241503976862,0.0178198602072789,0.002));
#7517=CARTESIAN_POINT('',(-0.0468703302000482,0.0186874668594842,0.002));
#7518=CARTESIAN_POINT('',(-0.0468703302000482,0.0186874668594842,0.0015));
#7519=CARTESIAN_POINT('',(-0.0468703302000482,0.0186874668594842,0.0015));
#7520=CARTESIAN_POINT('',(-0.0468703302000482,0.0186874668594842,0.0015));
#7521=CARTESIAN_POINT('',(-0.0478491684743312,0.0187182694625211,0.0015));
#7522=CARTESIAN_POINT('',(-0.0484241503976862,0.0178198602072789,0.0015));
#7523=CARTESIAN_POINT('',(-0.0459368402024584,0.0181732345143408,0.0015));
#7524=CARTESIAN_POINT('',(-0.0459368402024584,0.0181732345143408,0.002));
#7525=CARTESIAN_POINT('',(-0.0461416204707962,0.0185012251948261,0.0015));
#7526=CARTESIAN_POINT('',(-0.0461416204707962,0.0185012251948261,0.002));
#7527=CARTESIAN_POINT('',(-0.0464527838033261,0.0186726359765405,0.0015));
#7528=CARTESIAN_POINT('',(-0.0464527838033261,0.0186726359765405,0.002));
#7529=CARTESIAN_POINT('',(-0.0468703302000482,0.0186874668594842,0.0015));
#7530=CARTESIAN_POINT('',(-0.0468703302000482,0.0186874668594842,0.002));
#7531=CARTESIAN_POINT('',(-0.0459368402024584,0.0181732345143408,0.002));
#7532=CARTESIAN_POINT('',(-0.0462440106049651,0.0186652205350687,0.002));
#7533=CARTESIAN_POINT('',(-0.0468703302000482,0.0186874668594842,0.002));
#7534=CARTESIAN_POINT('',(-0.0459368402024584,0.0181732345143408,0.002));
#7535=CARTESIAN_POINT('',(-0.0459368402024584,0.0181732345143408,0.0015));
#7536=CARTESIAN_POINT('',(-0.0459368402024584,0.0181732345143408,0.0015));
#7537=CARTESIAN_POINT('',(-0.0459368402024584,0.0181732345143408,0.0015));
#7538=CARTESIAN_POINT('',(-0.0462440106049651,0.0186652205350687,0.0015));
#7539=CARTESIAN_POINT('',(-0.0468703302000482,0.0186874668594842,0.0015));
#7540=CARTESIAN_POINT('',(-0.0479449987948903,0.0120067245119306,0.0015));
#7541=CARTESIAN_POINT('',(-0.0479449987948903,0.0120067245119306,0.002));
#7542=CARTESIAN_POINT('',(-0.0484617980236202,0.0120181328834257,0.0015));
#7543=CARTESIAN_POINT('',(-0.0484617980236202,0.0120181328834257,0.002));
#7544=CARTESIAN_POINT('',(-0.0489172772555636,0.0121404876677111,0.0015));
#7545=CARTESIAN_POINT('',(-0.0489172772555636,0.0121404876677111,0.002));
#7546=CARTESIAN_POINT('',(-0.0493114364907207,0.0123737888647867,0.0015));
#7547=CARTESIAN_POINT('',(-0.0493114364907207,0.0123737888647867,0.002));
#7548=CARTESIAN_POINT('',(-0.0479449987948903,0.0120067245119306,0.0015));
#7549=CARTESIAN_POINT('',(-0.0479449987948903,0.0120067245119306,0.0015));
#7550=CARTESIAN_POINT('',(-0.0479449987948903,0.0120067245119306,0.0015));
#7551=CARTESIAN_POINT('',(-0.0487201976379851,0.0120238370691733,0.0015));
#7552=CARTESIAN_POINT('',(-0.0493114364907207,0.0123737888647867,0.0015));
#7553=CARTESIAN_POINT('',(-0.0493114364907207,0.0123737888647867,0.0015));
#7554=CARTESIAN_POINT('',(-0.0493114364907207,0.0123737888647867,0.0015));
#7555=CARTESIAN_POINT('',(-0.0478521802304809,0.0153124396582926,0.0015));
#7556=CARTESIAN_POINT('',(-0.0463757772957339,0.0123549650518197,0.0015));
#7557=CARTESIAN_POINT('',(-0.0463757772957339,0.0123549650518197,0.0015));
#7558=CARTESIAN_POINT('',(-0.0478521802304809,0.0153124396582926,0.0015));
#7559=CARTESIAN_POINT('',(-0.0451111593154977,0.0134458905760424,0.0015));
#7560=CARTESIAN_POINT('',(-0.0451111593154977,0.0134458905760424,0.002));
#7561=CARTESIAN_POINT('',(-0.0454716638547441,0.012961034787499,0.0015));
#7562=CARTESIAN_POINT('',(-0.0454716638547441,0.012961034787499,0.002));
#7563=CARTESIAN_POINT('',(-0.0458932031814895,0.0125973929460914,0.0015));
#7564=CARTESIAN_POINT('',(-0.0458932031814895,0.0125973929460914,0.002));
#7565=CARTESIAN_POINT('',(-0.0463757772957339,0.0123549650518197,0.0015));
#7566=CARTESIAN_POINT('',(-0.0463757772957339,0.0123549650518197,0.002));
#7567=CARTESIAN_POINT('',(-0.0451111593154977,0.0134458905760424,0.0015));
#7568=CARTESIAN_POINT('',(-0.0451111593154977,0.0134458905760424,0.0015));
#7569=CARTESIAN_POINT('',(-0.0451111593154977,0.0134458905760424,0.0015));
#7570=CARTESIAN_POINT('',(-0.0456519161243673,0.0127186068932273,0.0015));
#7571=CARTESIAN_POINT('',(-0.0463757772957339,0.0123549650518197,0.0015));
#7572=CARTESIAN_POINT('',(-0.0443137141479874,0.0151682694625211,0.0015));
#7573=CARTESIAN_POINT('',(-0.0443137141479874,0.0151682694625211,0.002));
#7574=CARTESIAN_POINT('',(-0.0444848397204145,0.0145048726600787,0.0015));
#7575=CARTESIAN_POINT('',(-0.0444848397204145,0.0145048726600787,0.002));
#7576=CARTESIAN_POINT('',(-0.0447506547762513,0.0139307463645858,0.0015));
#7577=CARTESIAN_POINT('',(-0.0447506547762513,0.0139307463645858,0.002));
#7578=CARTESIAN_POINT('',(-0.0451111593154977,0.0134458905760424,0.0015));
#7579=CARTESIAN_POINT('',(-0.0451111593154977,0.0134458905760424,0.002));
#7580=CARTESIAN_POINT('',(-0.0443137141479874,0.0151682694625211,0.0015));
#7581=CARTESIAN_POINT('',(-0.0443137141479874,0.0151682694625211,0.0015));
#7582=CARTESIAN_POINT('',(-0.0443137141479874,0.0151682694625211,0.0015));
#7583=CARTESIAN_POINT('',(-0.0445704025066281,0.0141731742588575,0.0015));
#7584=CARTESIAN_POINT('',(-0.0451111593154977,0.0134458905760424,0.0015));
#7585=CARTESIAN_POINT('',(-0.0441117859725235,0.0171045553145336,0.0015));
#7586=CARTESIAN_POINT('',(-0.0441117859725235,0.0171045553145336,0.002));
#7587=CARTESIAN_POINT('',(-0.0440752791837391,0.0164770948823009,0.0015));
#7588=CARTESIAN_POINT('',(-0.0440752791837391,0.0164770948823009,0.002));
#7589=CARTESIAN_POINT('',(-0.0441425885755604,0.0158316662649634,0.0015));
#7590=CARTESIAN_POINT('',(-0.0441425885755604,0.0158316662649634,0.002));
#7591=CARTESIAN_POINT('',(-0.0443137141479874,0.0151682694625211,0.0015));
#7592=CARTESIAN_POINT('',(-0.0443137141479874,0.0151682694625211,0.002));
#7593=CARTESIAN_POINT('',(-0.0441117859725235,0.0171045553145336,0.0015));
#7594=CARTESIAN_POINT('',(-0.0441117859725235,0.0171045553145336,0.0015));
#7595=CARTESIAN_POINT('',(-0.0441117859725235,0.0171045553145336,0.0015));
#7596=CARTESIAN_POINT('',(-0.0440570257893469,0.0161633646661846,0.0015));
#7597=CARTESIAN_POINT('',(-0.0443137141479874,0.0151682694625211,0.0015));
#7598=CARTESIAN_POINT('',(-0.0444959628826223,0.0186147384912027,0.0015));
#7599=CARTESIAN_POINT('',(-0.0444959628826223,0.0186147384912027,0.002));
#7600=CARTESIAN_POINT('',(-0.0442717883827428,0.018170382421467,0.0015));
#7601=CARTESIAN_POINT('',(-0.0442717883827428,0.018170382421467,0.002));
#7602=CARTESIAN_POINT('',(-0.0441437294127099,0.017666988029244,0.0015));
#7603=CARTESIAN_POINT('',(-0.0441437294127099,0.017666988029244,0.002));
#7604=CARTESIAN_POINT('',(-0.0441117859725235,0.0171045553145336,0.0015));
#7605=CARTESIAN_POINT('',(-0.0441117859725235,0.0171045553145336,0.002));
#7606=CARTESIAN_POINT('',(-0.0444959628826223,0.0186147384912027,0.0015));
#7607=CARTESIAN_POINT('',(-0.0444959628826223,0.0186147384912027,0.0015));
#7608=CARTESIAN_POINT('',(-0.0444959628826223,0.0186147384912027,0.0015));
#7609=CARTESIAN_POINT('',(-0.0441597011328031,0.0179482043865991,0.0015));
#7610=CARTESIAN_POINT('',(-0.0441117859725235,0.0171045553145336,0.0015));
#7611=CARTESIAN_POINT('',(-0.0454208966015907,0.0196363581585924,0.0015));
#7612=CARTESIAN_POINT('',(-0.0454208966015907,0.0196363581585924,0.002));
#7613=CARTESIAN_POINT('',(-0.0450284486221579,0.0193996344500683,0.0015));
#7614=CARTESIAN_POINT('',(-0.0450284486221579,0.0193996344500683,0.002));
#7615=CARTESIAN_POINT('',(-0.0447201373825018,0.0190590945609384,0.0015));
#7616=CARTESIAN_POINT('',(-0.0447201373825018,0.0190590945609384,0.002));
#7617=CARTESIAN_POINT('',(-0.0444959628826223,0.0186147384912027,0.0015));
#7618=CARTESIAN_POINT('',(-0.0444959628826223,0.0186147384912027,0.002));
#7619=CARTESIAN_POINT('',(-0.0454208966015907,0.0196363581585924,0.0015));
#7620=CARTESIAN_POINT('',(-0.0454208966015907,0.0196363581585924,0.0015));
#7621=CARTESIAN_POINT('',(-0.0454208966015907,0.0196363581585924,0.0015));
#7622=CARTESIAN_POINT('',(-0.0448322246324415,0.0192812725958062,0.0015));
#7623=CARTESIAN_POINT('',(-0.0444959628826223,0.0186147384912027,0.0015));
#7624=CARTESIAN_POINT('',(-0.0467950349481803,0.0200085562786213,0.0015));
#7625=CARTESIAN_POINT('',(-0.0467950349481803,0.0200085562786213,0.002));
#7626=CARTESIAN_POINT('',(-0.0462713906965534,0.0199971479071262,0.0015));
#7627=CARTESIAN_POINT('',(-0.0462713906965534,0.0199971479071262,0.002));
#7628=CARTESIAN_POINT('',(-0.0458133445810235,0.0198730818671166,0.0015));
#7629=CARTESIAN_POINT('',(-0.0458133445810235,0.0198730818671166,0.002));
#7630=CARTESIAN_POINT('',(-0.0454208966015907,0.0196363581585924,0.0015));
#7631=CARTESIAN_POINT('',(-0.0454208966015907,0.0196363581585924,0.002));
#7632=CARTESIAN_POINT('',(-0.0467950349481803,0.0200085562786213,0.0015));
#7633=CARTESIAN_POINT('',(-0.0467950349481803,0.0200085562786213,0.0015));
#7634=CARTESIAN_POINT('',(-0.0467950349481803,0.0200085562786213,0.0015));
#7635=CARTESIAN_POINT('',(-0.0460095685707399,0.0199914437213787,0.0015));
#7636=CARTESIAN_POINT('',(-0.0454208966015907,0.0196363581585924,0.0015));
#7637=CARTESIAN_POINT('',(-0.0468848063542595,0.0166905729812298,0.0015));
#7638=CARTESIAN_POINT('',(-0.0483865027717522,0.0196491925765245,0.0015));
#7639=CARTESIAN_POINT('',(-0.0483865027717522,0.0196491925765245,0.0015));
#7640=CARTESIAN_POINT('',(-0.0468848063542595,0.0166905729812298,0.0015));
#7641=CARTESIAN_POINT('',(-0.049667377681369,0.0185206194263678,0.0015));
#7642=CARTESIAN_POINT('',(-0.049667377681369,0.0185206194263678,0.002));
#7643=CARTESIAN_POINT('',(-0.0493040210492488,0.0190231581907287,0.0015));
#7644=CARTESIAN_POINT('',(-0.0493040210492488,0.0190231581907287,0.002));
#7645=CARTESIAN_POINT('',(-0.0488770627460432,0.0193993492407809,0.0015));
#7646=CARTESIAN_POINT('',(-0.0488770627460432,0.0193993492407809,0.002));
#7647=CARTESIAN_POINT('',(-0.0483865027717522,0.0196491925765245,0.0015));
#7648=CARTESIAN_POINT('',(-0.0483865027717522,0.0196491925765245,0.002));
#7649=CARTESIAN_POINT('',(-0.049667377681369,0.0185206194263678,0.0015));
#7650=CARTESIAN_POINT('',(-0.049667377681369,0.0185206194263678,0.0015));
#7651=CARTESIAN_POINT('',(-0.049667377681369,0.0185206194263678,0.0015));
#7652=CARTESIAN_POINT('',(-0.0491223427331887,0.0192744275729091,0.0015));
#7653=CARTESIAN_POINT('',(-0.0483865027717522,0.0196491925765245,0.0015));
#7654=CARTESIAN_POINT('',(-0.0504588334538443,0.0167725717040251,0.0015));
#7655=CARTESIAN_POINT('',(-0.0504588334538443,0.0167725717040251,0.002));
#7656=CARTESIAN_POINT('',(-0.0502945529043143,0.0174353980878926,0.0015));
#7657=CARTESIAN_POINT('',(-0.0502945529043143,0.0174353980878926,0.002));
#7658=CARTESIAN_POINT('',(-0.0500307343134892,0.0180180806620069,0.0015));
#7659=CARTESIAN_POINT('',(-0.0500307343134892,0.0180180806620069,0.002));
#7660=CARTESIAN_POINT('',(-0.049667377681369,0.0185206194263678,0.0015));
#7661=CARTESIAN_POINT('',(-0.049667377681369,0.0185206194263678,0.002));
#7662=CARTESIAN_POINT('',(-0.0504588334538443,0.0167725717040251,0.0015));
#7663=CARTESIAN_POINT('',(-0.0504588334538443,0.0167725717040251,0.0015));
#7664=CARTESIAN_POINT('',(-0.0504588334538443,0.0167725717040251,0.0015));
#7665=CARTESIAN_POINT('',(-0.0502124126295493,0.0177668112798264,0.0015));
#7666=CARTESIAN_POINT('',(-0.049667377681369,0.0185206194263678,0.0015));
#7667=CARTESIAN_POINT('',(-0.0506453603277898,0.0149004579416727,0.0015));
#7668=CARTESIAN_POINT('',(-0.0506453603277898,0.0149004579416727,0.002));
#7669=CARTESIAN_POINT('',(-0.0506852896280228,0.0154857073993733,0.0015));
#7670=CARTESIAN_POINT('',(-0.0506852896280228,0.0154857073993733,0.002));
#7671=CARTESIAN_POINT('',(-0.0506231140033743,0.0161097453201575,0.0015));
#7672=CARTESIAN_POINT('',(-0.0506231140033743,0.0161097453201575,0.002));
#7673=CARTESIAN_POINT('',(-0.0504588334538443,0.0167725717040251,0.0015));
#7674=CARTESIAN_POINT('',(-0.0504588334538443,0.0167725717040251,0.002));
#7675=CARTESIAN_POINT('',(-0.0506453603277898,0.0149004579416727,0.0015));
#7676=CARTESIAN_POINT('',(-0.0506453603277898,0.0149004579416727,0.0015));
#7677=CARTESIAN_POINT('',(-0.0506453603277898,0.0149004579416727,0.0015));
#7678=CARTESIAN_POINT('',(-0.0507052542781393,0.0157783321282236,0.0015));
#7679=CARTESIAN_POINT('',(-0.0504588334538443,0.0167725717040251,0.0015));
#7680=CARTESIAN_POINT('',(-0.0502474933718968,0.0133842853699687,0.0015));
#7681=CARTESIAN_POINT('',(-0.0502474933718968,0.0133842853699687,0.002));
#7682=CARTESIAN_POINT('',(-0.0504773720575239,0.013824648509681,0.0015));
#7683=CARTESIAN_POINT('',(-0.0504773720575239,0.013824648509681,0.002));
#7684=CARTESIAN_POINT('',(-0.0506099943761549,0.0143300393669157,0.0015));
#7685=CARTESIAN_POINT('',(-0.0506099943761549,0.0143300393669157,0.002));
#7686=CARTESIAN_POINT('',(-0.0506453603277898,0.0149004579416727,0.0015));
#7687=CARTESIAN_POINT('',(-0.0506453603277898,0.0149004579416727,0.002));
#7688=CARTESIAN_POINT('',(-0.0502474933718968,0.0133842853699687,0.0015));
#7689=CARTESIAN_POINT('',(-0.0502474933718968,0.0133842853699687,0.0015));
#7690=CARTESIAN_POINT('',(-0.0502474933718968,0.0133842853699687,0.0015));
#7691=CARTESIAN_POINT('',(-0.0505923114003374,0.0140448300795372,0.0015));
#7692=CARTESIAN_POINT('',(-0.0506453603277898,0.0149004579416727,0.0015));
#7693=CARTESIAN_POINT('',(-0.0493114364907207,0.0123737888647867,0.0015));
#7694=CARTESIAN_POINT('',(-0.0493114364907207,0.0123737888647867,0.002));
#7695=CARTESIAN_POINT('',(-0.0497055957258778,0.0126070900618623,0.0015));
#7696=CARTESIAN_POINT('',(-0.0497055957258778,0.0126070900618623,0.002));
#7697=CARTESIAN_POINT('',(-0.0500176146862698,0.0129439222302563,0.0015));
#7698=CARTESIAN_POINT('',(-0.0500176146862698,0.0129439222302563,0.002));
#7699=CARTESIAN_POINT('',(-0.0502474933718968,0.0133842853699687,0.0015));
#7700=CARTESIAN_POINT('',(-0.0502474933718968,0.0133842853699687,0.002));
#7701=CARTESIAN_POINT('',(-0.0493114364907207,0.0123737888647867,0.0015));
#7702=CARTESIAN_POINT('',(-0.0499026753434563,0.0127237406604001,0.0015));
#7703=CARTESIAN_POINT('',(-0.0502474933718968,0.0133842853699687,0.0015));
#7704=CARTESIAN_POINT('',(-0.0456827187274042,0.0167297903109183,0.0015));
#7705=CARTESIAN_POINT('',(-0.0456827187274042,0.0167297903109183,0.002));
#7706=CARTESIAN_POINT('',(-0.0456473527757693,0.017364095766048,0.0015));
#7707=CARTESIAN_POINT('',(-0.0456473527757693,0.017364095766048,0.002));
#7708=CARTESIAN_POINT('',(-0.0457320599341207,0.0178452438338555,0.0015));
#7709=CARTESIAN_POINT('',(-0.0457320599341207,0.0178452438338555,0.002));
#7710=CARTESIAN_POINT('',(-0.0459368402024584,0.0181732345143408,0.0015));
#7711=CARTESIAN_POINT('',(-0.0459368402024584,0.0181732345143408,0.002));
#7712=CARTESIAN_POINT('',(-0.0456827187274042,0.0167297903109183,0.002));
#7713=CARTESIAN_POINT('',(-0.0456296697999518,0.0176812484936129,0.002));
#7714=CARTESIAN_POINT('',(-0.0459368402024584,0.0181732345143408,0.002));
#7715=CARTESIAN_POINT('',(-0.0456827187274042,0.0167297903109183,0.0015));
#7716=CARTESIAN_POINT('',(-0.0456296697999518,0.0176812484936129,0.0015));
#7717=CARTESIAN_POINT('',(-0.0459368402024584,0.0181732345143408,0.0015));
#7718=CARTESIAN_POINT('',(0.,-0.005,0.0015));
#7719=CARTESIAN_POINT('',(0.0421558969431266,0.015609137589334,0.0015));
#7720=CARTESIAN_POINT('',(0.0421558969431266,0.015609137589334,0.002));
#7721=CARTESIAN_POINT('',(0.0421292468920786,0.0152925349828839,0.002));
#7722=CARTESIAN_POINT('',(0.0421825469941745,0.015925740195784,0.002));
#7723=CARTESIAN_POINT('',(0.0421292468920786,0.0152925349828839,0.0015));
#7724=CARTESIAN_POINT('',(0.0421292468920786,0.0152925349828839,0.0015));
#7725=CARTESIAN_POINT('',(0.0421558969431266,0.015609137589334,0.0015));
#7726=CARTESIAN_POINT('',(0.0421825469941745,0.015925740195784,0.0015));
#7727=CARTESIAN_POINT('',(0.0421825469941745,0.015925740195784,0.0015));
#7728=CARTESIAN_POINT('',(0.0421057948471563,0.0151123806377995,0.0015));
#7729=CARTESIAN_POINT('',(0.0421057948471563,0.0151123806377995,0.002));
#7730=CARTESIAN_POINT('',(0.0420823428022341,0.0149322262927152,0.002));
#7731=CARTESIAN_POINT('',(0.0420823428022341,0.0149322262927152,0.0015));
#7732=CARTESIAN_POINT('',(0.0420823428022341,0.0149322262927152,0.0015));
#7733=CARTESIAN_POINT('',(0.0421057948471563,0.0151123806377995,0.0015));
#7734=CARTESIAN_POINT('',(0.0411826370788541,0.0124910816167197,0.0015));
#7735=CARTESIAN_POINT('',(0.0411826370788541,0.0124910816167197,0.002));
#7736=CARTESIAN_POINT('',(0.0416403072888515,0.0130667227193562,0.0015));
#7737=CARTESIAN_POINT('',(0.0416403072888515,0.0130667227193562,0.002));
#7738=CARTESIAN_POINT('',(0.0419402091966448,0.0138804376113547,0.0015));
#7739=CARTESIAN_POINT('',(0.0419402091966448,0.0138804376113547,0.002));
#7740=CARTESIAN_POINT('',(0.0420823428022341,0.0149322262927152,0.0015));
#7741=CARTESIAN_POINT('',(0.0420823428022341,0.0149322262927152,0.002));
#7742=CARTESIAN_POINT('',(0.0411826370788541,0.0124910816167197,0.002));
#7743=CARTESIAN_POINT('',(0.0418691423938502,0.0133545432706744,0.002));
#7744=CARTESIAN_POINT('',(0.0420823428022341,0.0149322262927152,0.002));
#7745=CARTESIAN_POINT('',(0.0411826370788541,0.0124910816167197,0.002));
#7746=CARTESIAN_POINT('',(0.0411826370788541,0.0124910816167197,0.0015));
#7747=CARTESIAN_POINT('',(0.0411826370788541,0.0124910816167197,0.0015));
#7748=CARTESIAN_POINT('',(0.0411826370788541,0.0124910816167197,0.0015));
#7749=CARTESIAN_POINT('',(0.0418691423938502,0.0133545432706744,0.0015));
#7750=CARTESIAN_POINT('',(0.0420823428022341,0.0149322262927152,0.0015));
#7751=CARTESIAN_POINT('',(0.0394493177586931,0.0116745240526095,0.0015));
#7752=CARTESIAN_POINT('',(0.0394493177586931,0.0116745240526095,0.002));
#7753=CARTESIAN_POINT('',(0.0401471937621364,0.0116432546593798,0.0015));
#7754=CARTESIAN_POINT('',(0.0401471937621364,0.0116432546593798,0.002));
#7755=CARTESIAN_POINT('',(0.0407249668688567,0.0119154405140832,0.0015));
#7756=CARTESIAN_POINT('',(0.0407249668688567,0.0119154405140832,0.002));
#7757=CARTESIAN_POINT('',(0.0411826370788541,0.0124910816167197,0.0015));
#7758=CARTESIAN_POINT('',(0.0411826370788541,0.0124910816167197,0.002));
#7759=CARTESIAN_POINT('',(0.0394493177586931,0.0116745240526095,0.002));
#7760=CARTESIAN_POINT('',(0.0404961317638581,0.011627619962765,0.002));
#7761=CARTESIAN_POINT('',(0.0411826370788541,0.0124910816167197,0.002));
#7762=CARTESIAN_POINT('',(0.0394493177586931,0.0116745240526095,0.002));
#7763=CARTESIAN_POINT('',(0.0394493177586931,0.0116745240526095,0.0015));
#7764=CARTESIAN_POINT('',(0.0394493177586931,0.0116745240526095,0.0015));
#7765=CARTESIAN_POINT('',(0.0394493177586931,0.0116745240526095,0.0015));
#7766=CARTESIAN_POINT('',(0.0404961317638581,0.011627619962765,0.0015));
#7767=CARTESIAN_POINT('',(0.0411826370788541,0.0124910816167197,0.0015));
#7768=CARTESIAN_POINT('',(0.0382703195003303,0.0123386433247252,0.0015));
#7769=CARTESIAN_POINT('',(0.0382703195003303,0.0123386433247252,0.002));
#7770=CARTESIAN_POINT('',(0.0385233173182792,0.0119143745120413,0.0015));
#7771=CARTESIAN_POINT('',(0.0385233173182792,0.0119143745120413,0.002));
#7772=CARTESIAN_POINT('',(0.0389163167377335,0.0116930014213361,0.0015));
#7773=CARTESIAN_POINT('',(0.0389163167377335,0.0116930014213361,0.002));
#7774=CARTESIAN_POINT('',(0.0394493177586931,0.0116745240526095,0.0015));
#7775=CARTESIAN_POINT('',(0.0394493177586931,0.0116745240526095,0.002));
#7776=CARTESIAN_POINT('',(0.0382703195003303,0.0123386433247252,0.002));
#7777=CARTESIAN_POINT('',(0.0386498162272536,0.0117022401056994,0.002));
#7778=CARTESIAN_POINT('',(0.0394493177586931,0.0116745240526095,0.002));
#7779=CARTESIAN_POINT('',(0.0382703195003303,0.0123386433247252,0.002));
#7780=CARTESIAN_POINT('',(0.0382703195003303,0.0123386433247252,0.0015));
#7781=CARTESIAN_POINT('',(0.0382703195003303,0.0123386433247252,0.0015));
#7782=CARTESIAN_POINT('',(0.0382703195003303,0.0123386433247252,0.0015));
#7783=CARTESIAN_POINT('',(0.0386498162272536,0.0117022401056994,0.0015));
#7784=CARTESIAN_POINT('',(0.0394493177586931,0.0116745240526095,0.0015));
#7785=CARTESIAN_POINT('',(0.037956914900006,0.014154044802114,0.0015));
#7786=CARTESIAN_POINT('',(0.037956914900006,0.014154044802114,0.002));
#7787=CARTESIAN_POINT('',(0.0379128534822733,0.0133680459632054,0.0015));
#7788=CARTESIAN_POINT('',(0.0379128534822733,0.0133680459632054,0.002));
#7789=CARTESIAN_POINT('',(0.0380173216823814,0.0127629121374092,0.0015));
#7790=CARTESIAN_POINT('',(0.0380173216823814,0.0127629121374092,0.002));
#7791=CARTESIAN_POINT('',(0.0382703195003303,0.0123386433247252,0.0015));
#7792=CARTESIAN_POINT('',(0.0382703195003303,0.0123386433247252,0.002));
#7793=CARTESIAN_POINT('',(0.037956914900006,0.014154044802114,0.002));
#7794=CARTESIAN_POINT('',(0.037890822773407,0.0129750465437511,0.002));
#7795=CARTESIAN_POINT('',(0.0382703195003303,0.0123386433247252,0.002));
#7796=CARTESIAN_POINT('',(0.037956914900006,0.014154044802114,0.002));
#7797=CARTESIAN_POINT('',(0.037956914900006,0.014154044802114,0.0015));
#7798=CARTESIAN_POINT('',(0.037956914900006,0.014154044802114,0.0015));
#7799=CARTESIAN_POINT('',(0.037956914900006,0.014154044802114,0.0015));
#7800=CARTESIAN_POINT('',(0.037890822773407,0.0129750465437511,0.0015));
#7801=CARTESIAN_POINT('',(0.0382703195003303,0.0123386433247252,0.0015));
#7802=CARTESIAN_POINT('',(0.0387670764518648,0.0172838267971894,0.0015));
#7803=CARTESIAN_POINT('',(0.0387670764518648,0.0172838267971894,0.002));
#7804=CARTESIAN_POINT('',(0.0382895075370849,0.0165376253678458,0.0015));
#7805=CARTESIAN_POINT('',(0.0382895075370849,0.0165376253678458,0.002));
#7806=CARTESIAN_POINT('',(0.0380194536864653,0.0154943647028207,0.0015));
#7807=CARTESIAN_POINT('',(0.0380194536864653,0.0154943647028207,0.002));
#7808=CARTESIAN_POINT('',(0.037956914900006,0.014154044802114,0.0015));
#7809=CARTESIAN_POINT('',(0.037956914900006,0.014154044802114,0.002));
#7810=CARTESIAN_POINT('',(0.0387670764518648,0.0172838267971894,0.002));
#7811=CARTESIAN_POINT('',(0.0380507230796949,0.016164524653174,0.002));
#7812=CARTESIAN_POINT('',(0.037956914900006,0.014154044802114,0.002));
#7813=CARTESIAN_POINT('',(0.0387670764518648,0.0172838267971894,0.002));
#7814=CARTESIAN_POINT('',(0.0387670764518648,0.0172838267971894,0.0015));
#7815=CARTESIAN_POINT('',(0.0387670764518648,0.0172838267971894,0.0015));
#7816=CARTESIAN_POINT('',(0.0387670764518648,0.0172838267971894,0.0015));
#7817=CARTESIAN_POINT('',(0.0380507230796949,0.016164524653174,0.0015));
#7818=CARTESIAN_POINT('',(0.037956914900006,0.014154044802114,0.0015));
#7819=CARTESIAN_POINT('',(0.0407029361599904,0.0183647528676956,0.0015));
#7820=CARTESIAN_POINT('',(0.0407029361599904,0.0183647528676956,0.002));
#7821=CARTESIAN_POINT('',(0.0398899319360199,0.0183903369167017,0.0015));
#7822=CARTESIAN_POINT('',(0.0398899319360199,0.0183903369167017,0.002));
#7823=CARTESIAN_POINT('',(0.0392446453666446,0.018030028226533,0.0015));
#7824=CARTESIAN_POINT('',(0.0392446453666446,0.018030028226533,0.002));
#7825=CARTESIAN_POINT('',(0.0387670764518648,0.0172838267971894,0.0015));
#7826=CARTESIAN_POINT('',(0.0387670764518648,0.0172838267971894,0.002));
#7827=CARTESIAN_POINT('',(0.0407029361599904,0.0183647528676956,0.002));
#7828=CARTESIAN_POINT('',(0.0394834298240346,0.0184031289412048,0.002));
#7829=CARTESIAN_POINT('',(0.0387670764518648,0.0172838267971894,0.002));
#7830=CARTESIAN_POINT('',(0.0407029361599904,0.0183647528676956,0.002));
#7831=CARTESIAN_POINT('',(0.0407029361599904,0.0183647528676956,0.0015));
#7832=CARTESIAN_POINT('',(0.0407029361599904,0.0183647528676956,0.0015));
#7833=CARTESIAN_POINT('',(0.0407029361599904,0.0183647528676956,0.0015));
#7834=CARTESIAN_POINT('',(0.0394834298240346,0.0184031289412048,0.0015));
#7835=CARTESIAN_POINT('',(0.0387670764518648,0.0172838267971894,0.0015));
#7836=CARTESIAN_POINT('',(0.0418659443877245,0.0177240856405021,0.0015));
#7837=CARTESIAN_POINT('',(0.0418659443877245,0.0177240856405021,0.002));
#7838=CARTESIAN_POINT('',(0.0416108145656918,0.0181327197565712,0.0015));
#7839=CARTESIAN_POINT('',(0.0416108145656918,0.0181327197565712,0.002));
#7840=CARTESIAN_POINT('',(0.0412231451564471,0.018346275498969,0.0015));
#7841=CARTESIAN_POINT('',(0.0412231451564471,0.018346275498969,0.002));
#7842=CARTESIAN_POINT('',(0.0407029361599904,0.0183647528676956,0.0015));
#7843=CARTESIAN_POINT('',(0.0407029361599904,0.0183647528676956,0.002));
#7844=CARTESIAN_POINT('',(0.0418659443877245,0.0177240856405021,0.002));
#7845=CARTESIAN_POINT('',(0.0414832496546754,0.0183370368146057,0.002));
#7846=CARTESIAN_POINT('',(0.0407029361599904,0.0183647528676956,0.002));
#7847=CARTESIAN_POINT('',(0.0418659443877245,0.0177240856405021,0.002));
#7848=CARTESIAN_POINT('',(0.0418659443877245,0.0177240856405021,0.0015));
#7849=CARTESIAN_POINT('',(0.0418659443877245,0.0177240856405021,0.0015));
#7850=CARTESIAN_POINT('',(0.0418659443877245,0.0177240856405021,0.0015));
#7851=CARTESIAN_POINT('',(0.0414832496546754,0.0183370368146057,0.0015));
#7852=CARTESIAN_POINT('',(0.0407029361599904,0.0183647528676956,0.0015));
#7853=CARTESIAN_POINT('',(0.0393640375953396,0.0100414089243889,0.0015));
#7854=CARTESIAN_POINT('',(0.0393640375953396,0.0100414089243889,0.002));
#7855=CARTESIAN_POINT('',(0.0387201723620203,0.0100556222849479,0.0015));
#7856=CARTESIAN_POINT('',(0.0387201723620203,0.0100556222849479,0.002));
#7857=CARTESIAN_POINT('',(0.0381527039417052,0.0102080605769423,0.0015));
#7858=CARTESIAN_POINT('',(0.0381527039417052,0.0102080605769423,0.002));
#7859=CARTESIAN_POINT('',(0.0376616323343943,0.0104987238003723,0.0015));
#7860=CARTESIAN_POINT('',(0.0376616323343943,0.0104987238003723,0.002));
#7861=CARTESIAN_POINT('',(0.0393640375953396,0.0100414089243889,0.0015));
#7862=CARTESIAN_POINT('',(0.0393640375953396,0.0100414089243889,0.0015));
#7863=CARTESIAN_POINT('',(0.0393640375953396,0.0100414089243889,0.0015));
#7864=CARTESIAN_POINT('',(0.0383982397453607,0.0100627289652273,0.0015));
#7865=CARTESIAN_POINT('',(0.0376616323343943,0.0104987238003723,0.0015));
#7866=CARTESIAN_POINT('',(0.0376616323343943,0.0104987238003723,0.0015));
#7867=CARTESIAN_POINT('',(0.0376616323343943,0.0104987238003723,0.0015));
#7868=CARTESIAN_POINT('',(0.0413190853402198,0.0104752717554501,0.0015));
#7869=CARTESIAN_POINT('',(0.0413190853402198,0.0104752717554501,0.002));
#7870=CARTESIAN_POINT('',(0.0407178601885773,0.010173237843573,0.0015));
#7871=CARTESIAN_POINT('',(0.0407178601885773,0.010173237843573,0.002));
#7872=CARTESIAN_POINT('',(0.0400661776069505,0.0100286168998859,0.0015));
#7873=CARTESIAN_POINT('',(0.0400661776069505,0.0100286168998859,0.002));
#7874=CARTESIAN_POINT('',(0.0393640375953396,0.0100414089243889,0.0015));
#7875=CARTESIAN_POINT('',(0.0393640375953396,0.0100414089243889,0.002));
#7876=CARTESIAN_POINT('',(0.0413190853402198,0.0104752717554501,0.0015));
#7877=CARTESIAN_POINT('',(0.0413190853402198,0.0104752717554501,0.0015));
#7878=CARTESIAN_POINT('',(0.0413190853402198,0.0104752717554501,0.0015));
#7879=CARTESIAN_POINT('',(0.040417247612756,0.0100222208876344,0.0015));
#7880=CARTESIAN_POINT('',(0.0393640375953396,0.0100414089243889,0.0015));
#7881=CARTESIAN_POINT('',(0.0428946363581767,0.0118344243588974,0.0015));
#7882=CARTESIAN_POINT('',(0.0428946363581767,0.0118344243588974,0.002));
#7883=CARTESIAN_POINT('',(0.0424454941645146,0.011230356535143,0.0015));
#7884=CARTESIAN_POINT('',(0.0424454941645146,0.011230356535143,0.002));
#7885=CARTESIAN_POINT('',(0.0419203104918623,0.0107773056673273,0.0015));
#7886=CARTESIAN_POINT('',(0.0419203104918623,0.0107773056673273,0.002));
#7887=CARTESIAN_POINT('',(0.0413190853402198,0.0104752717554501,0.0015));
#7888=CARTESIAN_POINT('',(0.0413190853402198,0.0104752717554501,0.002));
#7889=CARTESIAN_POINT('',(0.0428946363581767,0.0118344243588974,0.0015));
#7890=CARTESIAN_POINT('',(0.0428946363581767,0.0118344243588974,0.0015));
#7891=CARTESIAN_POINT('',(0.0428946363581767,0.0118344243588974,0.0015));
#7892=CARTESIAN_POINT('',(0.0422209230676836,0.0109283226232659,0.0015));
#7893=CARTESIAN_POINT('',(0.0413190853402198,0.0104752717554501,0.0015));
#7894=CARTESIAN_POINT('',(0.0438881502612456,0.0139802864692811,0.0015));
#7895=CARTESIAN_POINT('',(0.0438881502612456,0.0139802864692811,0.002));
#7896=CARTESIAN_POINT('',(0.0436749498528617,0.0131537795527796,0.0015));
#7897=CARTESIAN_POINT('',(0.0436749498528617,0.0131537795527796,0.002));
#7898=CARTESIAN_POINT('',(0.0433437785518387,0.0124384921826517,0.0015));
#7899=CARTESIAN_POINT('',(0.0433437785518387,0.0124384921826517,0.002));
#7900=CARTESIAN_POINT('',(0.0428946363581767,0.0118344243588974,0.0015));
#7901=CARTESIAN_POINT('',(0.0428946363581767,0.0118344243588974,0.002));
#7902=CARTESIAN_POINT('',(0.0438881502612456,0.0139802864692811,0.0015));
#7903=CARTESIAN_POINT('',(0.0438881502612456,0.0139802864692811,0.0015));
#7904=CARTESIAN_POINT('',(0.0438881502612456,0.0139802864692811,0.0015));
#7905=CARTESIAN_POINT('',(0.0435683496486697,0.0127405260945289,0.0015));
#7906=CARTESIAN_POINT('',(0.0428946363581767,0.0118344243588974,0.0015));
#7907=CARTESIAN_POINT('',(0.0441397267431385,0.0163926490901447,0.0015));
#7908=CARTESIAN_POINT('',(0.0441397267431385,0.0163926490901447,0.002));
#7909=CARTESIAN_POINT('',(0.0441852094969271,0.0156109142594038,0.0015));
#7910=CARTESIAN_POINT('',(0.0441852094969271,0.0156109142594038,0.002));
#7911=CARTESIAN_POINT('',(0.0441013506696295,0.0148067933857826,0.0015));
#7912=CARTESIAN_POINT('',(0.0441013506696295,0.0148067933857826,0.002));
#7913=CARTESIAN_POINT('',(0.0438881502612456,0.0139802864692811,0.0015));
#7914=CARTESIAN_POINT('',(0.0438881502612456,0.0139802864692811,0.002));
#7915=CARTESIAN_POINT('',(0.0441397267431385,0.0163926490901447,0.0015));
#7916=CARTESIAN_POINT('',(0.0441397267431385,0.0163926490901447,0.0015));
#7917=CARTESIAN_POINT('',(0.0441397267431385,0.0163926490901447,0.0015));
#7918=CARTESIAN_POINT('',(0.0442079508738214,0.0152200468440334,0.0015));
#7919=CARTESIAN_POINT('',(0.0438881502612456,0.0139802864692811,0.0015));
#7920=CARTESIAN_POINT('',(0.0436610918263168,0.0182741426941325,0.0015));
#7921=CARTESIAN_POINT('',(0.0436610918263168,0.0182741426941325,0.002));
#7922=CARTESIAN_POINT('',(0.0439403843612996,0.0177205323003623,0.0015));
#7923=CARTESIAN_POINT('',(0.0439403843612996,0.0177205323003623,0.002));
#7924=CARTESIAN_POINT('',(0.0440999293335736,0.0170933677656997,0.0015));
#7925=CARTESIAN_POINT('',(0.0440999293335736,0.0170933677656997,0.002));
#7926=CARTESIAN_POINT('',(0.0441397267431385,0.0163926490901447,0.0015));
#7927=CARTESIAN_POINT('',(0.0441397267431385,0.0163926490901447,0.002));
#7928=CARTESIAN_POINT('',(0.0436610918263168,0.0182741426941325,0.0015));
#7929=CARTESIAN_POINT('',(0.0436610918263168,0.0182741426941325,0.0015));
#7930=CARTESIAN_POINT('',(0.0436610918263168,0.0182741426941325,0.0015));
#7931=CARTESIAN_POINT('',(0.0440800306287911,0.0174437271034773,0.0015));
#7932=CARTESIAN_POINT('',(0.0441397267431385,0.0163926490901447,0.0015));
#7933=CARTESIAN_POINT('',(0.0425087436190019,0.0195469491321843,0.0015));
#7934=CARTESIAN_POINT('',(0.0425087436190019,0.0195469491321843,0.002));
#7935=CARTESIAN_POINT('',(0.0429976832222289,0.0192520219005866,0.0015));
#7936=CARTESIAN_POINT('',(0.0429976832222289,0.0192520219005866,0.002));
#7937=CARTESIAN_POINT('',(0.0433817992913338,0.0188277530879026,0.0015));
#7938=CARTESIAN_POINT('',(0.0433817992913338,0.0188277530879026,0.002));
#7939=CARTESIAN_POINT('',(0.0436610918263168,0.0182741426941325,0.0015));
#7940=CARTESIAN_POINT('',(0.0436610918263168,0.0182741426941325,0.002));
#7941=CARTESIAN_POINT('',(0.0425087436190019,0.0195469491321843,0.0015));
#7942=CARTESIAN_POINT('',(0.0425087436190019,0.0195469491321843,0.0015));
#7943=CARTESIAN_POINT('',(0.0425087436190019,0.0195469491321843,0.0015));
#7944=CARTESIAN_POINT('',(0.0432421530238424,0.0191045582847877,0.0015));
#7945=CARTESIAN_POINT('',(0.0436610918263168,0.0182741426941325,0.0015));
#7946=CARTESIAN_POINT('',(0.0407967443396793,0.0200106600204192,0.0015));
#7947=CARTESIAN_POINT('',(0.0407967443396793,0.0200106600204192,0.002));
#7948=CARTESIAN_POINT('',(0.041449137589334,0.0199964466598603,0.0015));
#7949=CARTESIAN_POINT('',(0.041449137589334,0.0199964466598603,0.002));
#7950=CARTESIAN_POINT('',(0.0420198040157748,0.019841876363782,0.0015));
#7951=CARTESIAN_POINT('',(0.0420198040157748,0.019841876363782,0.002));
#7952=CARTESIAN_POINT('',(0.0425087436190019,0.0195469491321843,0.0015));
#7953=CARTESIAN_POINT('',(0.0425087436190019,0.0195469491321843,0.002));
#7954=CARTESIAN_POINT('',(0.0407967443396793,0.0200106600204192,0.0015));
#7955=CARTESIAN_POINT('',(0.0407967443396793,0.0200106600204192,0.0015));
#7956=CARTESIAN_POINT('',(0.0407967443396793,0.0200106600204192,0.0015));
#7957=CARTESIAN_POINT('',(0.0417753342141613,0.0199893399795808,0.0015));
#7958=CARTESIAN_POINT('',(0.0425087436190019,0.0195469491321843,0.0015));
#7959=CARTESIAN_POINT('',(0.0388139805417092,0.019562939162813,0.0015));
#7960=CARTESIAN_POINT('',(0.0388139805417092,0.019562939162813,0.002));
#7961=CARTESIAN_POINT('',(0.039425155045743,0.0198742117590535,0.0015));
#7962=CARTESIAN_POINT('',(0.039425155045743,0.0198742117590535,0.002));
#7963=CARTESIAN_POINT('',(0.040086076311733,0.0200234520449222,0.0015));
#7964=CARTESIAN_POINT('',(0.040086076311733,0.0200234520449222,0.002));
#7965=CARTESIAN_POINT('',(0.0407967443396793,0.0200106600204192,0.0015));
#7966=CARTESIAN_POINT('',(0.0407967443396793,0.0200106600204192,0.002));
#7967=CARTESIAN_POINT('',(0.0388139805417092,0.019562939162813,0.0015));
#7968=CARTESIAN_POINT('',(0.0388139805417092,0.019562939162813,0.0015));
#7969=CARTESIAN_POINT('',(0.0388139805417092,0.019562939162813,0.0015));
#7970=CARTESIAN_POINT('',(0.0397307422977599,0.0200298480571738,0.0015));
#7971=CARTESIAN_POINT('',(0.0407967443396793,0.0200106600204192,0.0015));
#7972=CARTESIAN_POINT('',(0.0372181754849558,0.0181568824695213,0.0015));
#7973=CARTESIAN_POINT('',(0.0372181754849558,0.0181568824695213,0.002));
#7974=CARTESIAN_POINT('',(0.0376708710187576,0.018782981002142,0.0015));
#7975=CARTESIAN_POINT('',(0.0376708710187576,0.018782981002142,0.002));
#7976=CARTESIAN_POINT('',(0.0382028060376754,0.0192516665665726,0.0015));
#7977=CARTESIAN_POINT('',(0.0382028060376754,0.0192516665665726,0.002));
#7978=CARTESIAN_POINT('',(0.0388139805417092,0.019562939162813,0.0015));
#7979=CARTESIAN_POINT('',(0.0388139805417092,0.019562939162813,0.002));
#7980=CARTESIAN_POINT('',(0.0372181754849558,0.0181568824695213,0.0015));
#7981=CARTESIAN_POINT('',(0.0372181754849558,0.0181568824695213,0.0015));
#7982=CARTESIAN_POINT('',(0.0372181754849558,0.0181568824695213,0.0015));
#7983=CARTESIAN_POINT('',(0.0378972187856585,0.0190960302684524,0.0015));
#7984=CARTESIAN_POINT('',(0.0388139805417092,0.019562939162813,0.0015));
#7985=CARTESIAN_POINT('',(0.0362321235961804,0.01597904029788,0.0015));
#7986=CARTESIAN_POINT('',(0.0362321235961804,0.01597904029788,0.002));
#7987=CARTESIAN_POINT('',(0.0364367959882289,0.0168048365463536,0.0015));
#7988=CARTESIAN_POINT('',(0.0364367959882289,0.0168048365463536,0.002));
#7989=CARTESIAN_POINT('',(0.0367654799511541,0.0175307839369007,0.0015));
#7990=CARTESIAN_POINT('',(0.0367654799511541,0.0175307839369007,0.002));
#7991=CARTESIAN_POINT('',(0.0372181754849558,0.0181568824695213,0.0015));
#7992=CARTESIAN_POINT('',(0.0372181754849558,0.0181568824695213,0.002));
#7993=CARTESIAN_POINT('',(0.0362321235961804,0.01597904029788,0.0015));
#7994=CARTESIAN_POINT('',(0.0362321235961804,0.01597904029788,0.0015));
#7995=CARTESIAN_POINT('',(0.0362321235961804,0.01597904029788,0.0015));
#7996=CARTESIAN_POINT('',(0.0365391321842532,0.0172177346705903,0.0015));
#7997=CARTESIAN_POINT('',(0.0372181754849558,0.0181568824695213,0.0015));
#7998=CARTESIAN_POINT('',(0.035999735151042,0.0136466278301603,0.0015));
#7999=CARTESIAN_POINT('',(0.035999735151042,0.0136466278301603,0.002));
#8000=CARTESIAN_POINT('',(0.0359499883890857,0.0143757732268332,0.0015));
#8001=CARTESIAN_POINT('',(0.0359499883890857,0.0143757732268332,0.002));
#8002=CARTESIAN_POINT('',(0.0360274512041319,0.0151532440494064,0.0015));
#8003=CARTESIAN_POINT('',(0.0360274512041319,0.0151532440494064,0.002));
#8004=CARTESIAN_POINT('',(0.0362321235961804,0.01597904029788,0.0015));
#8005=CARTESIAN_POINT('',(0.0362321235961804,0.01597904029788,0.002));
#8006=CARTESIAN_POINT('',(0.035999735151042,0.0136466278301603,0.0015));
#8007=CARTESIAN_POINT('',(0.035999735151042,0.0136466278301603,0.0015));
#8008=CARTESIAN_POINT('',(0.035999735151042,0.0136466278301603,0.0015));
#8009=CARTESIAN_POINT('',(0.0359251150081076,0.0147403459251697,0.0015));
#8010=CARTESIAN_POINT('',(0.0362321235961804,0.01597904029788,0.0015));
#8011=CARTESIAN_POINT('',(0.0364954261005345,0.0117576722118792,0.0015));
#8012=CARTESIAN_POINT('',(0.0364954261005345,0.0117576722118792,0.002));
#8013=CARTESIAN_POINT('',(0.0362090268852722,0.0123063079294537,0.0015));
#8014=CARTESIAN_POINT('',(0.0362090268852722,0.0123063079294537,0.002));
#8015=CARTESIAN_POINT('',(0.0360437965687747,0.0129359598022141,0.0015));
#8016=CARTESIAN_POINT('',(0.0360437965687747,0.0129359598022141,0.002));
#8017=CARTESIAN_POINT('',(0.035999735151042,0.0136466278301603,0.0015));
#8018=CARTESIAN_POINT('',(0.035999735151042,0.0136466278301603,0.002));
#8019=CARTESIAN_POINT('',(0.0364954261005345,0.0117576722118792,0.0015));
#8020=CARTESIAN_POINT('',(0.0364954261005345,0.0117576722118792,0.0015));
#8021=CARTESIAN_POINT('',(0.0364954261005345,0.0117576722118792,0.0015));
#8022=CARTESIAN_POINT('',(0.036065827277641,0.0125806257882409,0.0015));
#8023=CARTESIAN_POINT('',(0.035999735151042,0.0136466278301603,0.0015));
#8024=CARTESIAN_POINT('',(0.0376616323343943,0.0104987238003723,0.0015));
#8025=CARTESIAN_POINT('',(0.0376616323343943,0.0104987238003723,0.002));
#8026=CARTESIAN_POINT('',(0.0371705607270834,0.0107893870238024,0.0015));
#8027=CARTESIAN_POINT('',(0.0371705607270834,0.0107893870238024,0.002));
#8028=CARTESIAN_POINT('',(0.0367818253157968,0.0112090364943047,0.0015));
#8029=CARTESIAN_POINT('',(0.0367818253157968,0.0112090364943047,0.002));
#8030=CARTESIAN_POINT('',(0.0364954261005345,0.0117576722118792,0.0015));
#8031=CARTESIAN_POINT('',(0.0364954261005345,0.0117576722118792,0.002));
#8032=CARTESIAN_POINT('',(0.0376616323343943,0.0104987238003723,0.0015));
#8033=CARTESIAN_POINT('',(0.036925024923428,0.0109347186355174,0.0015));
#8034=CARTESIAN_POINT('',(0.0364954261005345,0.0117576722118792,0.0015));
#8035=CARTESIAN_POINT('',(0.0421825469941745,0.015925740195784,0.0015));
#8036=CARTESIAN_POINT('',(0.0421825469941745,0.015925740195784,0.002));
#8037=CARTESIAN_POINT('',(0.0422266084119072,0.0167160030428603,0.0015));
#8038=CARTESIAN_POINT('',(0.0422266084119072,0.0167160030428603,0.002));
#8039=CARTESIAN_POINT('',(0.0421210742097572,0.0173154515244329,0.0015));
#8040=CARTESIAN_POINT('',(0.0421210742097572,0.0173154515244329,0.002));
#8041=CARTESIAN_POINT('',(0.0418659443877245,0.0177240856405021,0.0015));
#8042=CARTESIAN_POINT('',(0.0418659443877245,0.0177240856405021,0.002));
#8043=CARTESIAN_POINT('',(0.0421825469941745,0.015925740195784,0.002));
#8044=CARTESIAN_POINT('',(0.0422486391207735,0.0171111344663984,0.002));
#8045=CARTESIAN_POINT('',(0.0418659443877245,0.0177240856405021,0.002));
#8046=CARTESIAN_POINT('',(0.0421825469941745,0.015925740195784,0.0015));
#8047=CARTESIAN_POINT('',(0.0422486391207735,0.0171111344663984,0.0015));
#8048=CARTESIAN_POINT('',(0.0418659443877245,0.0177240856405021,0.0015));
#8049=CARTESIAN_POINT('',(0.,-0.005,0.0015));
#8050=CARTESIAN_POINT('',(-0.0575400096408773,0.0147139310677271,0.0015));
#8051=CARTESIAN_POINT('',(-0.0575400096408773,0.0147139310677271,0.002));
#8052=CARTESIAN_POINT('',(-0.0576004740098016,0.0141754559331566,0.0015));
#8053=CARTESIAN_POINT('',(-0.0576004740098016,0.0141754559331566,0.002));
#8054=CARTESIAN_POINT('',(-0.0577841487908733,0.0136985860046598,0.0015));
#8055=CARTESIAN_POINT('',(-0.0577841487908733,0.0136985860046598,0.002));
#8056=CARTESIAN_POINT('',(-0.0580910339840926,0.0132833212822367,0.0015));
#8057=CARTESIAN_POINT('',(-0.0580910339840926,0.0132833212822367,0.002));
#8058=CARTESIAN_POINT('',(-0.0575400096408773,0.0147139310677271,0.0015));
#8059=CARTESIAN_POINT('',(-0.0575400096408773,0.0147139310677271,0.0015));
#8060=CARTESIAN_POINT('',(-0.0575400096408773,0.0147139310677271,0.0015));
#8061=CARTESIAN_POINT('',(-0.0576307061942637,0.0139062183658713,0.0015));
#8062=CARTESIAN_POINT('',(-0.0580910339840926,0.0132833212822367,0.0015));
#8063=CARTESIAN_POINT('',(-0.0580910339840926,0.0132833212822367,0.0015));
#8064=CARTESIAN_POINT('',(-0.0580910339840926,0.0132833212822367,0.0015));
#8065=CARTESIAN_POINT('',(-0.0583177753675584,0.0147087973005543,0.0015));
#8066=CARTESIAN_POINT('',(-0.0590955410942396,0.0147036635333815,0.0015));
#8067=CARTESIAN_POINT('',(-0.0590955410942396,0.0147036635333815,0.0015));
#8068=CARTESIAN_POINT('',(-0.0583177753675584,0.0147087973005543,0.0015));
#8069=CARTESIAN_POINT('',(-0.0596662448782839,0.0136520968908171,0.0015));
#8070=CARTESIAN_POINT('',(-0.0596662448782839,0.0136520968908171,0.002));
#8071=CARTESIAN_POINT('',(-0.0593793243351812,0.0138968064593878,0.0015));
#8072=CARTESIAN_POINT('',(-0.0593793243351812,0.0138968064593878,0.002));
#8073=CARTESIAN_POINT('',(-0.0591890897404997,0.0142473286735759,0.0015));
#8074=CARTESIAN_POINT('',(-0.0591890897404997,0.0142473286735759,0.002));
#8075=CARTESIAN_POINT('',(-0.0590955410942396,0.0147036635333815,0.0015));
#8076=CARTESIAN_POINT('',(-0.0590955410942396,0.0147036635333815,0.002));
#8077=CARTESIAN_POINT('',(-0.0596662448782839,0.0136520968908171,0.0015));
#8078=CARTESIAN_POINT('',(-0.0596662448782839,0.0136520968908171,0.0015));
#8079=CARTESIAN_POINT('',(-0.0596662448782839,0.0136520968908171,0.0015));
#8080=CARTESIAN_POINT('',(-0.0592358640636298,0.0140191612436732,0.0015));
#8081=CARTESIAN_POINT('',(-0.0590955410942396,0.0147036635333815,0.0015));
#8082=CARTESIAN_POINT('',(-0.0608119305856833,0.0133124126295493,0.0015));
#8083=CARTESIAN_POINT('',(-0.0608119305856833,0.0133124126295493,0.002));
#8084=CARTESIAN_POINT('',(-0.0603350606571865,0.0132941592351571,0.0015));
#8085=CARTESIAN_POINT('',(-0.0603350606571865,0.0132941592351571,0.002));
#8086=CARTESIAN_POINT('',(-0.0599531654213867,0.0134073873222463,0.0015));
#8087=CARTESIAN_POINT('',(-0.0599531654213867,0.0134073873222463,0.002));
#8088=CARTESIAN_POINT('',(-0.0596662448782839,0.0136520968908171,0.0015));
#8089=CARTESIAN_POINT('',(-0.0596662448782839,0.0136520968908171,0.002));
#8090=CARTESIAN_POINT('',(-0.0608119305856833,0.0133124126295493,0.0015));
#8091=CARTESIAN_POINT('',(-0.0608119305856833,0.0133124126295493,0.0015));
#8092=CARTESIAN_POINT('',(-0.0608119305856833,0.0133124126295493,0.0015));
#8093=CARTESIAN_POINT('',(-0.0600966256929381,0.0132850325379609,0.0015));
#8094=CARTESIAN_POINT('',(-0.0596662448782839,0.0136520968908171,0.0015));
#8095=CARTESIAN_POINT('',(-0.0616204989154013,0.0136623644251627,0.0015));
#8096=CARTESIAN_POINT('',(-0.0616204989154013,0.0136623644251627,0.002));
#8097=CARTESIAN_POINT('',(-0.0614282678557082,0.0134393307624327,0.0015));
#8098=CARTESIAN_POINT('',(-0.0614282678557082,0.0134393307624327,0.002));
#8099=CARTESIAN_POINT('',(-0.0611587450791356,0.0133226801638949,0.0015));
#8100=CARTESIAN_POINT('',(-0.0611587450791356,0.0133226801638949,0.002));
#8101=CARTESIAN_POINT('',(-0.0608119305856833,0.0133124126295493,0.0015));
#8102=CARTESIAN_POINT('',(-0.0608119305856833,0.0133124126295493,0.002));
#8103=CARTESIAN_POINT('',(-0.0616204989154013,0.0136623644251627,0.0015));
#8104=CARTESIAN_POINT('',(-0.0616204989154013,0.0136623644251627,0.0015));
#8105=CARTESIAN_POINT('',(-0.0616204989154013,0.0136623644251627,0.0015));
#8106=CARTESIAN_POINT('',(-0.0613321523258617,0.0133278139310677,0.0015));
#8107=CARTESIAN_POINT('',(-0.0608119305856833,0.0133124126295493,0.0015));
#8108=CARTESIAN_POINT('',(-0.0619362255965293,0.0147036635333815,0.0015));
#8109=CARTESIAN_POINT('',(-0.0619362255965293,0.0147036635333815,0.002));
#8110=CARTESIAN_POINT('',(-0.0619179722021371,0.0142324977906323,0.0015));
#8111=CARTESIAN_POINT('',(-0.0619179722021371,0.0142324977906323,0.002));
#8112=CARTESIAN_POINT('',(-0.0618127299750944,0.0138853980878927,0.0015));
#8113=CARTESIAN_POINT('',(-0.0618127299750944,0.0138853980878927,0.002));
#8114=CARTESIAN_POINT('',(-0.0616204989154013,0.0136623644251627,0.0015));
#8115=CARTESIAN_POINT('',(-0.0616204989154013,0.0136623644251627,0.002));
#8116=CARTESIAN_POINT('',(-0.0619362255965293,0.0147036635333815,0.0015));
#8117=CARTESIAN_POINT('',(-0.0619362255965293,0.0147036635333815,0.0015));
#8118=CARTESIAN_POINT('',(-0.0619362255965293,0.0147036635333815,0.0015));
#8119=CARTESIAN_POINT('',(-0.061908845504941,0.0139969149192576,0.0015));
#8120=CARTESIAN_POINT('',(-0.0616204989154013,0.0136623644251627,0.0015));
#8121=CARTESIAN_POINT('',(-0.0617856350927935,0.0163772716317185,0.0015));
#8122=CARTESIAN_POINT('',(-0.0617856350927935,0.0163772716317185,0.002));
#8123=CARTESIAN_POINT('',(-0.0618997188077448,0.0156323049730859,0.0015));
#8124=CARTESIAN_POINT('',(-0.0618997188077448,0.0156323049730859,0.002));
#8125=CARTESIAN_POINT('',(-0.0619499156423234,0.0150744356069736,0.0015));
#8126=CARTESIAN_POINT('',(-0.0619499156423234,0.0150744356069736,0.002));
#8127=CARTESIAN_POINT('',(-0.0619362255965293,0.0147036635333815,0.0015));
#8128=CARTESIAN_POINT('',(-0.0619362255965293,0.0147036635333815,0.002));
#8129=CARTESIAN_POINT('',(-0.0617856350927935,0.0163772716317185,0.0015));
#8130=CARTESIAN_POINT('',(-0.0617856350927935,0.0163772716317185,0.0015));
#8131=CARTESIAN_POINT('',(-0.0617856350927935,0.0163772716317185,0.0015));
#8132=CARTESIAN_POINT('',(-0.0619567606652205,0.0152598216437696,0.0015));
#8133=CARTESIAN_POINT('',(-0.0619362255965293,0.0147036635333815,0.0015));
#8134=CARTESIAN_POINT('',(-0.0610934321523259,0.0181261749819234,0.0015));
#8135=CARTESIAN_POINT('',(-0.0610934321523259,0.0181261749819234,0.002));
#8136=CARTESIAN_POINT('',(-0.0614373945529043,0.0177268819795935,0.0015));
#8137=CARTESIAN_POINT('',(-0.0614373945529043,0.0177268819795935,0.002));
#8138=CARTESIAN_POINT('',(-0.0616681288663935,0.0171439141961919,0.0015));
#8139=CARTESIAN_POINT('',(-0.0616681288663935,0.0171439141961919,0.002));
#8140=CARTESIAN_POINT('',(-0.0617856350927935,0.0163772716317185,0.0015));
#8141=CARTESIAN_POINT('',(-0.0617856350927935,0.0163772716317185,0.002));
#8142=CARTESIAN_POINT('',(-0.0610934321523259,0.0181261749819234,0.0015));
#8143=CARTESIAN_POINT('',(-0.0610934321523259,0.0181261749819234,0.0015));
#8144=CARTESIAN_POINT('',(-0.0610934321523259,0.0181261749819234,0.0015));
#8145=CARTESIAN_POINT('',(-0.0616093757531935,0.0175272354784285,0.0015));
#8146=CARTESIAN_POINT('',(-0.0617856350927935,0.0163772716317185,0.0015));
#8147=CARTESIAN_POINT('',(-0.0597749096167751,0.0186977343938299,0.0015));
#8148=CARTESIAN_POINT('',(-0.0597749096167751,0.0186977343938299,0.002));
#8149=CARTESIAN_POINT('',(-0.0603099622398972,0.0187159877882221,0.0015));
#8150=CARTESIAN_POINT('',(-0.0603099622398972,0.0187159877882221,0.002));
#8151=CARTESIAN_POINT('',(-0.0607494697517474,0.0185254679842532,0.0015));
#8152=CARTESIAN_POINT('',(-0.0607494697517474,0.0185254679842532,0.002));
#8153=CARTESIAN_POINT('',(-0.0610934321523259,0.0181261749819234,0.0015));
#8154=CARTESIAN_POINT('',(-0.0610934321523259,0.0181261749819234,0.002));
#8155=CARTESIAN_POINT('',(-0.0597749096167751,0.0186977343938299,0.0015));
#8156=CARTESIAN_POINT('',(-0.0597749096167751,0.0186977343938299,0.0015));
#8157=CARTESIAN_POINT('',(-0.0597749096167751,0.0186977343938299,0.0015));
#8158=CARTESIAN_POINT('',(-0.0605774885514582,0.0187251144854181,0.0015));
#8159=CARTESIAN_POINT('',(-0.0610934321523259,0.0181261749819234,0.0015));
#8160=CARTESIAN_POINT('',(-0.0588610990600145,0.0183332369245601,0.0015));
#8161=CARTESIAN_POINT('',(-0.0588610990600145,0.0183332369245601,0.002));
#8162=CARTESIAN_POINT('',(-0.0590573230497309,0.0185614043544629,0.0015));
#8163=CARTESIAN_POINT('',(-0.0590573230497309,0.0185614043544629,0.002));
#8164=CARTESIAN_POINT('',(-0.0593619265686511,0.0186829035108862,0.0015));
#8165=CARTESIAN_POINT('',(-0.0593619265686511,0.0186829035108862,0.002));
#8166=CARTESIAN_POINT('',(-0.0597749096167751,0.0186977343938299,0.0015));
#8167=CARTESIAN_POINT('',(-0.0597749096167751,0.0186977343938299,0.002));
#8168=CARTESIAN_POINT('',(-0.0588610990600145,0.0183332369245601,0.0015));
#8169=CARTESIAN_POINT('',(-0.0588610990600145,0.0183332369245601,0.0015));
#8170=CARTESIAN_POINT('',(-0.0588610990600145,0.0183332369245601,0.0015));
#8171=CARTESIAN_POINT('',(-0.0591554350445891,0.0186754880694143,0.0015));
#8172=CARTESIAN_POINT('',(-0.0597749096167751,0.0186977343938299,0.0015));
#8173=CARTESIAN_POINT('',(-0.0585667630754399,0.0172534345625452,0.0015));
#8174=CARTESIAN_POINT('',(-0.0585667630754399,0.0172534345625452,0.002));
#8175=CARTESIAN_POINT('',(-0.0585667630754399,0.0177451353739857,0.0015));
#8176=CARTESIAN_POINT('',(-0.0585667630754399,0.0177451353739857,0.002));
#8177=CARTESIAN_POINT('',(-0.0586648750702981,0.0181050694946573,0.0015));
#8178=CARTESIAN_POINT('',(-0.0586648750702981,0.0181050694946573,0.002));
#8179=CARTESIAN_POINT('',(-0.0588610990600145,0.0183332369245601,0.0015));
#8180=CARTESIAN_POINT('',(-0.0588610990600145,0.0183332369245601,0.002));
#8181=CARTESIAN_POINT('',(-0.0585667630754399,0.0172534345625452,0.0015));
#8182=CARTESIAN_POINT('',(-0.0585667630754399,0.0172534345625452,0.0015));
#8183=CARTESIAN_POINT('',(-0.0585667630754399,0.0172534345625452,0.0015));
#8184=CARTESIAN_POINT('',(-0.0585667630754399,0.017990985779706,0.0015));
#8185=CARTESIAN_POINT('',(-0.0588610990600145,0.0183332369245601,0.0015));
#8186=CARTESIAN_POINT('',(-0.0577855748373102,0.0172508676789588,0.0015));
#8187=CARTESIAN_POINT('',(-0.0570043865991805,0.0172483007953723,0.0015));
#8188=CARTESIAN_POINT('',(-0.0570043865991805,0.0172483007953723,0.0015));
#8189=CARTESIAN_POINT('',(-0.0577855748373102,0.0172508676789588,0.0015));
#8190=CARTESIAN_POINT('',(-0.0577830079537238,0.0192615931549771,0.0015));
#8191=CARTESIAN_POINT('',(-0.0577830079537238,0.0192615931549771,0.002));
#8192=CARTESIAN_POINT('',(-0.057310701373825,0.0187784486221579,0.0015));
#8193=CARTESIAN_POINT('',(-0.057310701373825,0.0187784486221579,0.002));
#8194=CARTESIAN_POINT('',(-0.0570511609223106,0.0181073511689563,0.0015));
#8195=CARTESIAN_POINT('',(-0.0570511609223106,0.0181073511689563,0.002));
#8196=CARTESIAN_POINT('',(-0.0570043865991805,0.0172483007953723,0.0015));
#8197=CARTESIAN_POINT('',(-0.0570043865991805,0.0172483007953723,0.002));
#8198=CARTESIAN_POINT('',(-0.0577830079537238,0.0192615931549771,0.0015));
#8199=CARTESIAN_POINT('',(-0.0577830079537238,0.0192615931549771,0.0015));
#8200=CARTESIAN_POINT('',(-0.0577830079537238,0.0192615931549771,0.0015));
#8201=CARTESIAN_POINT('',(-0.0570745480838756,0.0185368763557483,0.0015));
#8202=CARTESIAN_POINT('',(-0.0570043865991805,0.0172483007953723,0.0015));
#8203=CARTESIAN_POINT('',(-0.0596996143649072,0.0200085562786213,0.0015));
#8204=CARTESIAN_POINT('',(-0.0596996143649072,0.0200085562786213,0.002));
#8205=CARTESIAN_POINT('',(-0.0588941833373504,0.0199937253956777,0.0015));
#8206=CARTESIAN_POINT('',(-0.0588941833373504,0.0199937253956777,0.002));
#8207=CARTESIAN_POINT('',(-0.0582553145336226,0.0197447376877963,0.0015));
#8208=CARTESIAN_POINT('',(-0.0582553145336226,0.0197447376877963,0.002));
#8209=CARTESIAN_POINT('',(-0.0577830079537238,0.0192615931549771,0.0015));
#8210=CARTESIAN_POINT('',(-0.0577830079537238,0.0192615931549771,0.002));
#8211=CARTESIAN_POINT('',(-0.0596996143649072,0.0200085562786213,0.0015));
#8212=CARTESIAN_POINT('',(-0.0596996143649072,0.0200085562786213,0.0015));
#8213=CARTESIAN_POINT('',(-0.0596996143649072,0.0200085562786213,0.0015));
#8214=CARTESIAN_POINT('',(-0.058491467823572,0.0199863099542059,0.0015));
#8215=CARTESIAN_POINT('',(-0.0577830079537238,0.0192615931549771,0.0015));
#8216=CARTESIAN_POINT('',(-0.0616795372378887,0.0194096167751265,0.0015));
#8217=CARTESIAN_POINT('',(-0.0616795372378887,0.0194096167751265,0.002));
#8218=CARTESIAN_POINT('',(-0.0611011328030851,0.0198225998232506,0.0015));
#8219=CARTESIAN_POINT('',(-0.0611011328030851,0.0198225998232506,0.002));
#8220=CARTESIAN_POINT('',(-0.0604411585120913,0.0200222463244155,0.0015));
#8221=CARTESIAN_POINT('',(-0.0604411585120913,0.0200222463244155,0.002));
#8222=CARTESIAN_POINT('',(-0.0596996143649072,0.0200085562786213,0.0015));
#8223=CARTESIAN_POINT('',(-0.0596996143649072,0.0200085562786213,0.002));
#8224=CARTESIAN_POINT('',(-0.0616795372378887,0.0194096167751265,0.0015));
#8225=CARTESIAN_POINT('',(-0.0616795372378887,0.0194096167751265,0.0015));
#8226=CARTESIAN_POINT('',(-0.0616795372378887,0.0194096167751265,0.0015));
#8227=CARTESIAN_POINT('',(-0.0608119305856833,0.0200290913473126,0.0015));
#8228=CARTESIAN_POINT('',(-0.0596996143649072,0.0200085562786213,0.0015));
#8229=CARTESIAN_POINT('',(-0.0627405157869366,0.0182057483731019,0.0015));
#8230=CARTESIAN_POINT('',(-0.0627405157869366,0.0182057483731019,0.002));
#8231=CARTESIAN_POINT('',(-0.0624427572909135,0.0187117096489114,0.0015));
#8232=CARTESIAN_POINT('',(-0.0624427572909135,0.0187117096489114,0.002));
#8233=CARTESIAN_POINT('',(-0.0620890977745642,0.0191129991162529,0.0015));
#8234=CARTESIAN_POINT('',(-0.0620890977745642,0.0191129991162529,0.002));
#8235=CARTESIAN_POINT('',(-0.0616795372378887,0.0194096167751265,0.0015));
#8236=CARTESIAN_POINT('',(-0.0616795372378887,0.0194096167751265,0.002));
#8237=CARTESIAN_POINT('',(-0.0627405157869366,0.0182057483731019,0.0015));
#8238=CARTESIAN_POINT('',(-0.0627405157869366,0.0182057483731019,0.0015));
#8239=CARTESIAN_POINT('',(-0.0627405157869366,0.0182057483731019,0.0015));
#8240=CARTESIAN_POINT('',(-0.0622938780429019,0.0189646902868161,0.0015));
#8241=CARTESIAN_POINT('',(-0.0616795372378887,0.0194096167751265,0.0015));
#8242=CARTESIAN_POINT('',(-0.0633608459869848,0.0164679681851049,0.0015));
#8243=CARTESIAN_POINT('',(-0.0633608459869848,0.0164679681851049,0.002));
#8244=CARTESIAN_POINT('',(-0.0632450510163091,0.0171205270346268,0.0015));
#8245=CARTESIAN_POINT('',(-0.0632450510163091,0.0171205270346268,0.002));
#8246=CARTESIAN_POINT('',(-0.0630382742829597,0.0176997870972925,0.0015));
#8247=CARTESIAN_POINT('',(-0.0630382742829597,0.0176997870972925,0.002));
#8248=CARTESIAN_POINT('',(-0.0627405157869366,0.0182057483731019,0.0015));
#8249=CARTESIAN_POINT('',(-0.0627405157869366,0.0182057483731019,0.002));
#8250=CARTESIAN_POINT('',(-0.0633608459869848,0.0164679681851049,0.0015));
#8251=CARTESIAN_POINT('',(-0.0633608459869848,0.0164679681851049,0.0015));
#8252=CARTESIAN_POINT('',(-0.0633608459869848,0.0164679681851049,0.0015));
#8253=CARTESIAN_POINT('',(-0.0631871535309713,0.0174468064593878,0.0015));
#8254=CARTESIAN_POINT('',(-0.0627405157869366,0.0182057483731019,0.0015));
#8255=CARTESIAN_POINT('',(-0.0634968908170644,0.0148320077127018,0.0015));
#8256=CARTESIAN_POINT('',(-0.0634968908170644,0.0148320077127018,0.002));
#8257=CARTESIAN_POINT('',(-0.0635219892343537,0.0152700891781152,0.0015));
#8258=CARTESIAN_POINT('',(-0.0635219892343537,0.0152700891781152,0.002));
#8259=CARTESIAN_POINT('',(-0.0634766409576605,0.0158154093355829,0.0015));
#8260=CARTESIAN_POINT('',(-0.0634766409576605,0.0158154093355829,0.002));
#8261=CARTESIAN_POINT('',(-0.0633608459869848,0.0164679681851049,0.0015));
#8262=CARTESIAN_POINT('',(-0.0633608459869848,0.0164679681851049,0.002));
#8263=CARTESIAN_POINT('',(-0.0634968908170644,0.0148320077127018,0.0015));
#8264=CARTESIAN_POINT('',(-0.0634968908170644,0.0148320077127018,0.0015));
#8265=CARTESIAN_POINT('',(-0.0634968908170644,0.0148320077127018,0.0015));
#8266=CARTESIAN_POINT('',(-0.0635345384429983,0.0154891299108219,0.0015));
#8267=CARTESIAN_POINT('',(-0.0633608459869848,0.0164679681851049,0.0015));
#8268=CARTESIAN_POINT('',(-0.0631255483248976,0.0133474933718968,0.0015));
#8269=CARTESIAN_POINT('',(-0.0631255483248976,0.0133474933718968,0.002));
#8270=CARTESIAN_POINT('',(-0.0633445890576043,0.0137770185586888,0.0015));
#8271=CARTESIAN_POINT('',(-0.0633445890576043,0.0137770185586888,0.002));
#8272=CARTESIAN_POINT('',(-0.0634683698883265,0.0142718566722905,0.0015));
#8273=CARTESIAN_POINT('',(-0.0634683698883265,0.0142718566722905,0.002));
#8274=CARTESIAN_POINT('',(-0.0634968908170644,0.0148320077127018,0.0015));
#8275=CARTESIAN_POINT('',(-0.0634968908170644,0.0148320077127018,0.002));
#8276=CARTESIAN_POINT('',(-0.0631255483248976,0.0133474933718968,0.0015));
#8277=CARTESIAN_POINT('',(-0.0631255483248976,0.0133474933718968,0.0015));
#8278=CARTESIAN_POINT('',(-0.0631255483248976,0.0133474933718968,0.0015));
#8279=CARTESIAN_POINT('',(-0.0634541094239576,0.0139917811520848,0.0015));
#8280=CARTESIAN_POINT('',(-0.0634968908170644,0.0148320077127018,0.0015));
#8281=CARTESIAN_POINT('',(-0.0622245721860689,0.0123635213304411,0.0015));
#8282=CARTESIAN_POINT('',(-0.0622245721860689,0.0123635213304411,0.002));
#8283=CARTESIAN_POINT('',(-0.0626061822125814,0.0125899775046196,0.0015));
#8284=CARTESIAN_POINT('',(-0.0626061822125814,0.0125899775046196,0.002));
#8285=CARTESIAN_POINT('',(-0.0629065075921909,0.0129179681851048,0.0015));
#8286=CARTESIAN_POINT('',(-0.0629065075921909,0.0129179681851048,0.002));
#8287=CARTESIAN_POINT('',(-0.0631255483248976,0.0133474933718968,0.0015));
#8288=CARTESIAN_POINT('',(-0.0631255483248976,0.0133474933718968,0.002));
#8289=CARTESIAN_POINT('',(-0.0622245721860689,0.0123635213304411,0.0015));
#8290=CARTESIAN_POINT('',(-0.0622245721860689,0.0123635213304411,0.0015));
#8291=CARTESIAN_POINT('',(-0.0622245721860689,0.0123635213304411,0.0015));
#8292=CARTESIAN_POINT('',(-0.0627969872258376,0.0127032055917088,0.0015));
#8293=CARTESIAN_POINT('',(-0.0631255483248976,0.0133474933718968,0.0015));
#8294=CARTESIAN_POINT('',(-0.0608820920703784,0.0120067245119306,0.0015));
#8295=CARTESIAN_POINT('',(-0.0608820920703784,0.0120067245119306,0.002));
#8296=CARTESIAN_POINT('',(-0.0613954687876597,0.0120181328834257,0.0015));
#8297=CARTESIAN_POINT('',(-0.0613954687876597,0.0120181328834257,0.002));
#8298=CARTESIAN_POINT('',(-0.0618429621595565,0.0121370651562626,0.0015));
#8299=CARTESIAN_POINT('',(-0.0618429621595565,0.0121370651562626,0.002));
#8300=CARTESIAN_POINT('',(-0.0622245721860689,0.0123635213304411,0.0015));
#8301=CARTESIAN_POINT('',(-0.0622245721860689,0.0123635213304411,0.002));
#8302=CARTESIAN_POINT('',(-0.0608820920703784,0.0120067245119306,0.0015));
#8303=CARTESIAN_POINT('',(-0.0608820920703784,0.0120067245119306,0.0015));
#8304=CARTESIAN_POINT('',(-0.0608820920703784,0.0120067245119306,0.0015));
#8305=CARTESIAN_POINT('',(-0.0616521571463003,0.0120238370691733,0.0015));
#8306=CARTESIAN_POINT('',(-0.0622245721860689,0.0123635213304411,0.0015));
#8307=CARTESIAN_POINT('',(-0.0592889129910822,0.0123258737045071,0.0015));
#8308=CARTESIAN_POINT('',(-0.0592889129910822,0.0123258737045071,0.002));
#8309=CARTESIAN_POINT('',(-0.0597806138025227,0.0121028400417771,0.0015));
#8310=CARTESIAN_POINT('',(-0.0597806138025227,0.0121028400417771,0.002));
#8311=CARTESIAN_POINT('',(-0.0603116734956215,0.011996456977585,0.0015));
#8312=CARTESIAN_POINT('',(-0.0603116734956215,0.011996456977585,0.002));
#8313=CARTESIAN_POINT('',(-0.0608820920703784,0.0120067245119306,0.0015));
#8314=CARTESIAN_POINT('',(-0.0608820920703784,0.0120067245119306,0.002));
#8315=CARTESIAN_POINT('',(-0.0592889129910822,0.0123258737045071,0.0015));
#8316=CARTESIAN_POINT('',(-0.0592889129910822,0.0123258737045071,0.0015));
#8317=CARTESIAN_POINT('',(-0.0592889129910822,0.0123258737045071,0.0015));
#8318=CARTESIAN_POINT('',(-0.060026464208243,0.0119913232104121,0.0015));
#8319=CARTESIAN_POINT('',(-0.0608820920703784,0.0120067245119306,0.0015));
#8320=CARTESIAN_POINT('',(-0.0580910339840926,0.0132833212822367,0.0015));
#8321=CARTESIAN_POINT('',(-0.0580910339840926,0.0132833212822367,0.002));
#8322=CARTESIAN_POINT('',(-0.0583979191773118,0.0128680565598136,0.0015));
#8323=CARTESIAN_POINT('',(-0.0583979191773118,0.0128680565598136,0.002));
#8324=CARTESIAN_POINT('',(-0.0587972121796417,0.0125489073672371,0.0015));
#8325=CARTESIAN_POINT('',(-0.0587972121796417,0.0125489073672371,0.002));
#8326=CARTESIAN_POINT('',(-0.0592889129910822,0.0123258737045071,0.0015));
#8327=CARTESIAN_POINT('',(-0.0592889129910822,0.0123258737045071,0.002));
#8328=CARTESIAN_POINT('',(-0.0580910339840926,0.0132833212822367,0.0015));
#8329=CARTESIAN_POINT('',(-0.0585513617739214,0.0126604241986021,0.0015));
#8330=CARTESIAN_POINT('',(-0.0592889129910822,0.0123258737045071,0.0015));
#8331=CARTESIAN_POINT('',(0.,-0.005,0.0015));
#8332=CARTESIAN_POINT('',(0.,-0.005,0.002));
#8333=CARTESIAN_POINT('',(0.,-0.005,0.002));
#8334=CARTESIAN_POINT('',(0.,-0.03,-0.023));
#8335=CARTESIAN_POINT('',(0.039,-0.03,-0.023));
#8336=CARTESIAN_POINT('',(0.039,-0.03,0.001));
#8337=CARTESIAN_POINT('',(0.,-0.03,0.001));
#8338=CARTESIAN_POINT('',(-0.039,-0.03,0.001));
#8339=CARTESIAN_POINT('',(-0.039,-0.03,-0.023));
#8340=CARTESIAN_POINT('',(-0.039,-0.031,-0.023));
#8341=CARTESIAN_POINT('',(-0.039,-0.032,0.001));
#8342=CARTESIAN_POINT('',(-0.039,-0.032,0.001));
#8343=CARTESIAN_POINT('',(-0.039,-0.032,-0.023));
#8344=CARTESIAN_POINT('',(0.,-0.032,-0.023));
#8345=CARTESIAN_POINT('',(0.039,-0.032,0.001));
#8346=CARTESIAN_POINT('',(0.039,-0.032,0.001));
#8347=CARTESIAN_POINT('',(0.039,-0.032,-0.023));
#8348=CARTESIAN_POINT('',(0.039,-0.031,-0.023));
#8349=CARTESIAN_POINT('',(0.039,-0.031,0.001));
#8350=CARTESIAN_POINT('',(-0.04,-0.031,0.001));
#8351=CARTESIAN_POINT('',(-0.04,-0.033,0.001));
#8352=CARTESIAN_POINT('',(-0.04,-0.029,0.001));
#8353=CARTESIAN_POINT('',(0.,-0.029,0.001));
#8354=CARTESIAN_POINT('',(0.04,-0.029,0.001));
#8355=CARTESIAN_POINT('',(0.,-0.033,0.001));
#8356=CARTESIAN_POINT('',(0.04,-0.033,0.001));
#8357=CARTESIAN_POINT('',(0.04,-0.005,0.001));
#8358=CARTESIAN_POINT('',(-0.015,-0.0147,-0.023));
#8359=CARTESIAN_POINT('',(0.015,-0.0147,-0.023));
#8360=CARTESIAN_POINT('',(-0.04685,-0.01155,-0.023));
#8361=CARTESIAN_POINT('',(-0.0437,-0.01155,-0.023));
#8362=CARTESIAN_POINT('',(-0.05,-0.01155,-0.023));
#8363=CARTESIAN_POINT('',(-0.05,-0.0147,-0.023));
#8364=CARTESIAN_POINT('',(-0.05,-0.01785,-0.023));
#8365=CARTESIAN_POINT('',(-0.04685,-0.01785,-0.023));
#8366=CARTESIAN_POINT('',(-0.0437,-0.01785,-0.023));
#8367=CARTESIAN_POINT('',(-0.0437,-0.0147,-0.023));
#8368=CARTESIAN_POINT('',(0.04685,-0.01155,-0.023));
#8369=CARTESIAN_POINT('',(0.05,-0.01155,-0.023));
#8370=CARTESIAN_POINT('',(0.0437,-0.01155,-0.023));
#8371=CARTESIAN_POINT('',(0.0437,-0.0147,-0.023));
#8372=CARTESIAN_POINT('',(0.0437,-0.01785,-0.023));
#8373=CARTESIAN_POINT('',(0.04685,-0.01785,-0.023));
#8374=CARTESIAN_POINT('',(0.05,-0.01785,-0.023));
#8375=CARTESIAN_POINT('',(0.05,-0.0147,-0.023));
#8376=CARTESIAN_POINT('',(0.,-0.005,-0.03));
#8377=CARTESIAN_POINT('',(0.0615,0.0265,-0.03));
#8378=CARTESIAN_POINT('',(0.0632,0.0265,-0.03));
#8379=CARTESIAN_POINT('',(-0.0615,-0.0365,-0.03));
#8380=CARTESIAN_POINT('',(-0.0598,-0.0365,-0.03));
#8381=CARTESIAN_POINT('',(0.054,0.0235,-0.03));
#8382=CARTESIAN_POINT('',(0.054,0.019,-0.03));
#8383=CARTESIAN_POINT('',(-0.054,0.0235,-0.03));
#8384=CARTESIAN_POINT('',(-0.054,0.019,-0.03));
#8385=CARTESIAN_POINT('',(-0.0585,0.019,-0.03));
#8386=CARTESIAN_POINT('',(-0.0585,-0.029,-0.03));
#8387=CARTESIAN_POINT('',(-0.054,-0.029,-0.03));
#8388=CARTESIAN_POINT('',(-0.054,-0.0335,-0.03));
#8389=CARTESIAN_POINT('',(0.054,-0.0335,-0.03));
#8390=CARTESIAN_POINT('',(0.054,-0.029,-0.03));
#8391=CARTESIAN_POINT('',(0.0585,-0.029,-0.03));
#8392=CARTESIAN_POINT('',(0.0585,0.019,-0.03));
#8393=CARTESIAN_POINT('',(0.0615,0.0265,-0.03));
#8394=CARTESIAN_POINT('',(0.0615,0.0265,-0.008));
#8395=CARTESIAN_POINT('',(0.0632,0.0265,-0.008));
#8396=CARTESIAN_POINT('',(-0.0615,-0.0365,-0.03));
#8397=CARTESIAN_POINT('',(-0.0615,-0.0365,-0.008));
#8398=CARTESIAN_POINT('',(-0.0598,-0.0365,-0.008));
#8399=CARTESIAN_POINT('',(-0.054,0.0235,-0.03));
#8400=CARTESIAN_POINT('',(-0.054,0.019,-0.03));
#8401=CARTESIAN_POINT('',(-0.0585,0.019,-0.03));
#8402=CARTESIAN_POINT('',(-0.0585,-0.029,-0.03));
#8403=CARTESIAN_POINT('',(-0.054,-0.029,-0.03));
#8404=CARTESIAN_POINT('',(-0.054,-0.0335,-0.03));
#8405=CARTESIAN_POINT('',(0.0585,-0.029,-0.03));
#8406=CARTESIAN_POINT('',(0.054,-0.029,-0.03));
#8407=CARTESIAN_POINT('',(0.054,-0.0335,-0.03));
#8408=CARTESIAN_POINT('',(0.0585,0.019,-0.03));
#8409=CARTESIAN_POINT('',(0.054,0.019,-0.03));
#8410=CARTESIAN_POINT('',(0.054,0.0235,-0.03));
#8411=CARTESIAN_POINT('',(0.0615,-0.033,-0.008));
#8412=CARTESIAN_POINT('',(0.058,-0.033,-0.008));
#8413=CARTESIAN_POINT('',(0.058,-0.033,-0.008));
#8414=CARTESIAN_POINT('',(0.0615,-0.033,-0.008));
#8415=CARTESIAN_POINT('',(0.058,-0.0365,-0.008));
#8416=CARTESIAN_POINT('',(0.058,-0.0365,-0.008));
#8417=CARTESIAN_POINT('',(0.,-0.005,-0.008));
#8418=CARTESIAN_POINT('',(-0.0615,0.023,-0.008));
#8419=CARTESIAN_POINT('',(-0.058,0.023,-0.008));
#8420=CARTESIAN_POINT('',(-0.058,0.023,-0.008));
#8421=CARTESIAN_POINT('',(-0.0615,0.023,-0.008));
#8422=CARTESIAN_POINT('',(-0.058,0.0265,-0.008));
#8423=CARTESIAN_POINT('',(-0.058,0.0265,-0.008));
#8424=CARTESIAN_POINT('',(0.,-0.005,-0.008));
#8425=CARTESIAN_POINT('',(0.0615,0.023,-0.008));
#8426=CARTESIAN_POINT('',(0.0615,0.023,-0.008));
#8427=CARTESIAN_POINT('',(0.058,0.023,-0.008));
#8428=CARTESIAN_POINT('',(0.058,0.023,-0.008));
#8429=CARTESIAN_POINT('',(0.058,0.0265,-0.008));
#8430=CARTESIAN_POINT('',(0.058,0.0265,-0.008));
#8431=CARTESIAN_POINT('',(0.,-0.005,-0.008));
#8432=CARTESIAN_POINT('',(-0.0615,-0.033,-0.008));
#8433=CARTESIAN_POINT('',(-0.0615,-0.033,-0.008));
#8434=CARTESIAN_POINT('',(-0.058,-0.033,-0.008));
#8435=CARTESIAN_POINT('',(-0.058,-0.033,-0.008));
#8436=CARTESIAN_POINT('',(-0.058,-0.0365,-0.008));
#8437=CARTESIAN_POINT('',(-0.058,-0.0365,-0.008));
#8438=CARTESIAN_POINT('',(0.,-0.005,-0.008));
#8439=MECHANICAL_DESIGN_GEOMETRIC_PRESENTATION_REPRESENTATION('',(#4862),
#8440);
#8440=(
GEOMETRIC_REPRESENTATION_CONTEXT(3)
GLOBAL_UNCERTAINTY_ASSIGNED_CONTEXT((#8441))
GLOBAL_UNIT_ASSIGNED_CONTEXT((#8444,#8443,#8442))
REPRESENTATION_CONTEXT('Part 1','TOP_LEVEL_ASSEMBLY_PART')
);
#8441=UNCERTAINTY_MEASURE_WITH_UNIT(LENGTH_MEASURE(2.E-5),#8444,
'DISTANCE_ACCURACY_VALUE','Maximum Tolerance applied to model');
#8442=(
NAMED_UNIT(*)
SI_UNIT($,.STERADIAN.)
SOLID_ANGLE_UNIT()
);
#8443=(
NAMED_UNIT(*)
PLANE_ANGLE_UNIT()
SI_UNIT($,.RADIAN.)
);
#8444=(
LENGTH_UNIT()
NAMED_UNIT(*)
SI_UNIT($,.METRE.)
);
#8445=PRODUCT_DEFINITION_SHAPE('','',#8446);
#8446=PRODUCT_DEFINITION('','',#8448,#8447);
#8447=PRODUCT_DEFINITION_CONTEXT('',#8454,'design');
#8448=PRODUCT_DEFINITION_FORMATION_WITH_SPECIFIED_SOURCE('','',#8450,
 .NOT_KNOWN.);
#8449=PRODUCT_RELATED_PRODUCT_CATEGORY('','',(#8450));
#8450=PRODUCT('Part 1','Part 1','Part 1',(#8452));
#8451=PRODUCT_CATEGORY('','');
#8452=PRODUCT_CONTEXT('',#8454,'mechanical');
#8453=APPLICATION_PROTOCOL_DEFINITION('international standard',
'ap242_managed_model_based_3d_engineering',2020,#8454);
#8454=APPLICATION_CONTEXT('managed model based 3d engineering');
ENDSEC;
END-ISO-10303-21;
